source,target,relation,relation_detail,weight,directed,relation_family,provenance
logic,mathematics,structure,part_of,0.96,true,structure,curated core
set_theory,mathematics,structure,part_of,0.96,true,structure,curated core
category_theory,mathematics,structure,part_of,0.96,true,structure,curated core
linear_algebra,mathematics,structure,part_of,0.96,true,structure,curated core
abstract_algebra,mathematics,structure,part_of,0.96,true,structure,curated core
group_theory,mathematics,structure,part_of,0.96,true,structure,curated core
ring_theory,mathematics,structure,part_of,0.96,true,structure,curated core
number_theory,mathematics,structure,part_of,0.96,true,structure,curated core
calculus,mathematics,structure,part_of,0.96,true,structure,curated core
real_analysis,mathematics,structure,part_of,0.96,true,structure,curated core
complex_analysis,mathematics,structure,part_of,0.96,true,structure,curated core
functional_analysis,mathematics,structure,part_of,0.96,true,structure,curated core
differential_equations,mathematics,structure,part_of,0.96,true,structure,curated core
dynamical_systems,mathematics,structure,part_of,0.96,true,structure,curated core
probability,mathematics,structure,part_of,0.96,true,structure,curated core
statistics,mathematics,structure,part_of,0.96,true,structure,curated core
bayesian_inference,mathematics,structure,part_of,0.96,true,structure,curated core
information_theory,mathematics,structure,part_of,0.96,true,structure,curated core
graph_theory,mathematics,structure,part_of,0.96,true,structure,curated core
topology,mathematics,structure,part_of,0.96,true,structure,curated core
differential_geometry,mathematics,structure,part_of,0.96,true,structure,curated core
tda,mathematics,structure,part_of,0.96,true,structure,curated core
optimization,mathematics,structure,part_of,0.96,true,structure,curated core
game_theory,mathematics,structure,part_of,0.96,true,structure,curated core
numerical_analysis,mathematics,structure,part_of,0.96,true,structure,curated core
classical_mechanics,physics,structure,part_of,0.96,true,structure,curated core
thermodynamics,physics,structure,part_of,0.96,true,structure,curated core
statistical_mechanics,physics,structure,part_of,0.96,true,structure,curated core
electromagnetism,physics,structure,part_of,0.96,true,structure,curated core
optics,physics,structure,part_of,0.96,true,structure,curated core
special_relativity,physics,structure,part_of,0.96,true,structure,curated core
general_relativity,physics,structure,part_of,0.96,true,structure,curated core
quantum_mechanics,physics,structure,part_of,0.96,true,structure,curated core
quantum_field_theory,physics,structure,part_of,0.96,true,structure,curated core
standard_model,physics,structure,part_of,0.96,true,structure,curated core
particle_physics,physics,structure,part_of,0.96,true,structure,curated core
nuclear_physics,physics,structure,part_of,0.96,true,structure,curated core
condensed_matter,physics,structure,part_of,0.96,true,structure,curated core
fluid_dynamics,physics,structure,part_of,0.96,true,structure,curated core
plasma_physics,physics,structure,part_of,0.96,true,structure,curated core
nonlinear_dynamics,physics,structure,part_of,0.96,true,structure,curated core
wave_particle_duality,physics,structure,part_of,0.96,true,structure,curated core
symmetry_breaking,physics,structure,part_of,0.96,true,structure,curated core
black_holes,astronomy,structure,part_of,0.96,true,structure,curated core
gravitational_waves,astronomy,structure,part_of,0.96,true,structure,curated core
stellar_evolution,astronomy,structure,part_of,0.96,true,structure,curated core
cosmology,astronomy,structure,part_of,0.96,true,structure,curated core
big_bang,astronomy,structure,part_of,0.96,true,structure,curated core
dark_matter,astronomy,structure,part_of,0.96,true,structure,curated core
dark_energy,astronomy,structure,part_of,0.96,true,structure,curated core
galaxy_dynamics,astronomy,structure,part_of,0.96,true,structure,curated core
exoplanets,astronomy,structure,part_of,0.96,true,structure,curated core
algorithms,computer_science,structure,part_of,0.96,true,structure,curated core
data_structures,computer_science,structure,part_of,0.96,true,structure,curated core
computability,computer_science,structure,part_of,0.96,true,structure,curated core
complexity_theory,computer_science,structure,part_of,0.96,true,structure,curated core
programming_languages,computer_science,structure,part_of,0.96,true,structure,curated core
operating_systems,computer_science,structure,part_of,0.96,true,structure,curated core
distributed_systems,computer_science,structure,part_of,0.96,true,structure,curated core
databases,computer_science,structure,part_of,0.96,true,structure,curated core
cryptography,computer_science,structure,part_of,0.96,true,structure,curated core
computer_networks,computer_science,structure,part_of,0.96,true,structure,curated core
artificial_intelligence,computer_science,structure,part_of,0.96,true,structure,curated core
machine_learning,computer_science,structure,part_of,0.96,true,structure,curated core
deep_learning,computer_science,structure,part_of,0.96,true,structure,curated core
reinforcement_learning,computer_science,structure,part_of,0.96,true,structure,curated core
computer_vision,computer_science,structure,part_of,0.96,true,structure,curated core
natural_language_processing,computer_science,structure,part_of,0.96,true,structure,curated core
transformers,computer_science,structure,part_of,0.96,true,structure,curated core
graph_neural_networks,computer_science,structure,part_of,0.96,true,structure,curated core
quantum_computing,computer_science,structure,part_of,0.96,true,structure,curated core
robotics,engineering,structure,part_of,0.96,true,structure,curated core
control_theory,engineering,structure,part_of,0.96,true,structure,curated core
cell_biology,biology,structure,part_of,0.96,true,structure,curated core
molecular_biology,biology,structure,part_of,0.96,true,structure,curated core
genetics,biology,structure,part_of,0.96,true,structure,curated core
evolution,biology,structure,part_of,0.96,true,structure,curated core
ecology,biology,structure,part_of,0.96,true,structure,curated core
developmental_biology,biology,structure,part_of,0.96,true,structure,curated core
immunology,biology,structure,part_of,0.96,true,structure,curated core
microbiology,biology,structure,part_of,0.96,true,structure,curated core
virology,biology,structure,part_of,0.96,true,structure,curated core
systems_biology,biology,structure,part_of,0.96,true,structure,curated core
synthetic_biology,biology,structure,part_of,0.96,true,structure,curated core
bioinformatics,biology,structure,part_of,0.96,true,structure,curated core
population_genetics,biology,structure,part_of,0.96,true,structure,curated core
epigenetics,biology,structure,part_of,0.96,true,structure,curated core
homeostasis,biology,structure,part_of,0.96,true,structure,curated core
natural_selection,biology,structure,part_of,0.96,true,structure,curated core
gene_regulation,biology,structure,part_of,0.96,true,structure,curated core
dna,biology,structure,part_of,0.96,true,structure,curated core
rna,biology,structure,part_of,0.96,true,structure,curated core
protein,biology,structure,part_of,0.96,true,structure,curated core
gene,biology,structure,part_of,0.96,true,structure,curated core
genome,biology,structure,part_of,0.96,true,structure,curated core
metabolism,biochemistry,structure,part_of,0.96,true,structure,curated core
enzyme,biochemistry,structure,part_of,0.96,true,structure,curated core
atp,biochemistry,structure,part_of,0.96,true,structure,curated core
cellular_respiration,biochemistry,structure,part_of,0.96,true,structure,curated core
photosynthesis,biochemistry,structure,part_of,0.96,true,structure,curated core
protein_folding,biochemistry,structure,part_of,0.96,true,structure,curated core
molecular_dynamics,biochemistry,structure,part_of,0.96,true,structure,curated core
chemical_bonding,chemistry,structure,part_of,0.96,true,structure,curated core
reaction_kinetics,chemistry,structure,part_of,0.96,true,structure,curated core
quantum_chemistry,chemistry,structure,part_of,0.96,true,structure,curated core
organic_chemistry,chemistry,structure,part_of,0.96,true,structure,curated core
neuron,neurobiology,structure,part_of,0.96,true,structure,curated core
synapse,neurobiology,structure,part_of,0.96,true,structure,curated core
action_potential,neurobiology,structure,part_of,0.96,true,structure,curated core
neurotransmitter,neurobiology,structure,part_of,0.96,true,structure,curated core
neural_plasticity,neuroscience,structure,part_of,0.96,true,structure,curated core
hebbian_learning,neuroscience,structure,part_of,0.96,true,structure,curated core
predictive_coding,neuroscience,structure,part_of,0.96,true,structure,curated core
neural_coding,neuroscience,structure,part_of,0.96,true,structure,curated core
connectome,neuroscience,structure,part_of,0.96,true,structure,curated core
brain_networks,neuroscience,structure,part_of,0.96,true,structure,curated core
memory,neuroscience,structure,part_of,0.96,true,structure,curated core
attention,neuroscience,structure,part_of,0.96,true,structure,curated core
consciousness,neuroscience,structure,part_of,0.96,true,structure,curated core
vision,neuroscience,structure,part_of,0.96,true,structure,curated core
motor_control,neuroscience,structure,part_of,0.96,true,structure,curated core
glia,neurobiology,structure,part_of,0.96,true,structure,curated core
brain_computer_interface,biology,structure,part_of,0.96,true,structure,curated core
fmri,neuroscience,structure,part_of,0.96,true,structure,curated core
eeg,neuroscience,structure,part_of,0.96,true,structure,curated core
neurodegeneration,medicine,structure,part_of,0.96,true,structure,curated core
climate_system,earth_science,structure,part_of,0.96,true,structure,curated core
plate_tectonics,earth_science,structure,part_of,0.96,true,structure,curated core
carbon_cycle,earth_science,structure,part_of,0.96,true,structure,curated core
ocean_circulation,earth_science,structure,part_of,0.96,true,structure,curated core
remote_sensing,earth_science,structure,part_of,0.96,true,structure,curated core
network_science,physics,structure,part_of,0.96,true,structure,curated core
complex_systems,systems_science,structure,part_of,0.96,true,structure,curated core
emergence,systems_science,structure,part_of,0.96,true,structure,curated core
agent_based_modeling,systems_science,structure,part_of,0.96,true,structure,curated core
scientific_method,systems_science,structure,part_of,0.96,true,structure,curated core
measurement,systems_science,structure,part_of,0.96,true,structure,curated core
causal_inference,systems_science,structure,part_of,0.96,true,structure,curated core
computational_modeling,systems_science,structure,part_of,0.96,true,structure,curated core
medical_imaging,medicine,structure,part_of,0.96,true,structure,curated core
genomics,medicine,structure,part_of,0.96,true,structure,curated core
epidemiology,medicine,structure,part_of,0.96,true,structure,curated core
systems_medicine,medicine,structure,part_of,0.96,true,structure,curated core
logic,set_theory,foundation,grounds,0.58,true,foundation,curated core
set_theory,topology,foundation,supports,0.63,true,foundation,curated core
set_theory,probability,foundation,supports,0.68,true,foundation,curated core
category_theory,abstract_algebra,generalization,unifies,0.73,true,generalization,curated core
category_theory,topology,generalization,unifies,0.78,true,generalization,curated core
linear_algebra,functional_analysis,foundation,supports,0.83,true,foundation,curated core
linear_algebra,differential_equations,foundation,supports,0.88,true,foundation,curated core
abstract_algebra,group_theory,structure,contains,0.93,true,structure,curated core
abstract_algebra,ring_theory,structure,contains,0.58,true,structure,curated core
group_theory,symmetry_breaking,explanation,models,0.63,true,explanation,curated core
group_theory,cryptography,foundation,supports,0.68,true,foundation,curated core
number_theory,cryptography,foundation,supports,0.73,true,foundation,curated core
calculus,real_analysis,foundation,formalized_by,0.78,true,foundation,curated core
calculus,differential_equations,foundation,supports,0.83,true,foundation,curated core
real_analysis,probability,foundation,supports,0.88,true,foundation,curated core
complex_analysis,quantum_field_theory,foundation,supports,0.93,true,foundation,curated core
functional_analysis,quantum_mechanics,foundation,supports,0.58,true,foundation,curated core
differential_geometry,general_relativity,foundation,language_of,0.63,true,foundation,curated core
topology,tda,foundation,enables,0.68,true,foundation,curated core
graph_theory,network_science,foundation,supports,0.73,true,foundation,curated core
probability,statistics,foundation,supports,0.78,true,foundation,curated core
probability,statistical_mechanics,foundation,supports,0.83,true,foundation,curated core
probability,machine_learning,foundation,supports,0.88,true,foundation,curated core
bayesian_inference,statistics,structure,part_of,0.93,true,structure,curated core
bayesian_inference,predictive_coding,association,informs,0.58,true,association,curated core
information_theory,statistics,interaction,connects,0.63,true,interaction,curated core
information_theory,computer_science,foundation,supports,0.68,true,foundation,curated core
optimization,machine_learning,foundation,enables,0.73,true,foundation,curated core
numerical_analysis,computational_modeling,foundation,enables,0.78,true,foundation,curated core
dynamical_systems,nonlinear_dynamics,structure,contains,0.83,true,structure,curated core
dynamical_systems,control_theory,foundation,supports,0.88,true,foundation,curated core
game_theory,reinforcement_learning,association,informs,0.93,true,association,curated core
classical_mechanics,special_relativity,generalization,extended_by,0.58,true,generalization,curated core
classical_mechanics,fluid_dynamics,foundation,supports,0.63,true,foundation,curated core
thermodynamics,statistical_mechanics,explanation,explained_by,0.68,true,explanation,curated core
statistical_mechanics,information_theory,interaction,connects,0.73,true,interaction,curated core
electromagnetism,optics,explanation,explains,0.78,true,explanation,curated core
electromagnetism,special_relativity,interaction,consistent_with,0.83,true,interaction,curated core
special_relativity,general_relativity,generalization,generalized_by,0.88,true,generalization,curated core
quantum_mechanics,quantum_field_theory,generalization,generalized_by,0.93,true,generalization,curated core
quantum_field_theory,standard_model,explanation,implements,0.58,true,explanation,curated core
standard_model,particle_physics,explanation,explains,0.63,true,explanation,curated core
quantum_mechanics,quantum_chemistry,foundation,enables,0.68,true,foundation,curated core
quantum_mechanics,quantum_computing,foundation,enables,0.73,true,foundation,curated core
quantum_mechanics,wave_particle_duality,explanation,explains,0.78,true,explanation,curated core
symmetry_breaking,standard_model,association,organizes,0.83,true,association,curated core
general_relativity,black_holes,explanation,predicts,0.88,true,explanation,curated core
general_relativity,gravitational_waves,explanation,predicts,0.93,true,explanation,curated core
stellar_evolution,black_holes,process,produces,0.58,true,process,curated core
nuclear_physics,stellar_evolution,explanation,explains,0.63,true,explanation,curated core
plasma_physics,stellar_evolution,foundation,supports,0.68,true,foundation,curated core
cosmology,big_bang,explanation,modeled_by,0.73,true,explanation,curated core
cosmology,dark_matter,association,studies,0.78,true,association,curated core
cosmology,dark_energy,association,studies,0.83,true,association,curated core
dark_matter,galaxy_dynamics,explanation,explains,0.88,true,explanation,curated core
optics,remote_sensing,foundation,enables,0.93,true,foundation,curated core
algorithms,data_structures,association,uses,0.58,true,association,curated core
logic,computability,foundation,supports,0.63,true,foundation,curated core
computability,complexity_theory,foundation,precedes,0.68,true,foundation,curated core
programming_languages,algorithms,association,expresses,0.73,true,association,curated core
operating_systems,distributed_systems,foundation,supports,0.78,true,foundation,curated core
computer_networks,distributed_systems,foundation,supports,0.83,true,foundation,curated core
databases,distributed_systems,explanation,implemented_as,0.88,true,explanation,curated core
cryptography,computer_networks,application,secures,0.93,true,application,curated core
artificial_intelligence,machine_learning,structure,contains,0.58,true,structure,curated core
machine_learning,deep_learning,structure,contains,0.63,true,structure,curated core
machine_learning,statistics,association,uses,0.68,true,association,curated core
deep_learning,transformers,structure,contains,0.73,true,structure,curated core
deep_learning,graph_neural_networks,structure,contains,0.78,true,structure,curated core
transformers,natural_language_processing,application,powers,0.83,true,application,curated core
deep_learning,computer_vision,application,powers,0.88,true,application,curated core
reinforcement_learning,robotics,application,controls,0.93,true,application,curated core
control_theory,robotics,foundation,supports,0.58,true,foundation,curated core
graph_theory,graph_neural_networks,association,structures,0.63,true,association,curated core
information_theory,deep_learning,application,analyzes,0.68,true,application,curated core
tda,machine_learning,application,augments,0.73,true,application,curated core
cell_biology,molecular_biology,interaction,connects,0.78,true,interaction,curated core
molecular_biology,genetics,foundation,supports,0.83,true,foundation,curated core
genetics,evolution,foundation,supports,0.88,true,foundation,curated core
evolution,natural_selection,process,driven_by,0.93,true,process,curated core
genetics,population_genetics,structure,contains,0.58,true,structure,curated core
ecology,evolution,interaction,interacts_with,0.63,true,interaction,curated core
developmental_biology,gene_regulation,association,depends_on,0.68,true,association,curated core
epigenetics,gene_regulation,association,modulates,0.73,true,association,curated core
dna,gene,structure,contains,0.78,true,structure,curated core
gene,genome,structure,part_of,0.83,true,structure,curated core
dna,rna,information flow,transcribed_to,0.88,true,information flow,curated core
rna,protein,information flow,translated_to,0.93,true,information flow,curated core
protein,enzyme,association,can_form,0.58,true,association,curated core
enzyme,metabolism,process,catalyzes,0.63,true,process,curated core
atp,metabolism,interaction,couples_energy_in,0.68,true,interaction,curated core
cellular_respiration,atp,process,produces,0.73,true,process,curated core
photosynthesis,metabolism,process,feeds,0.78,true,process,curated core
protein_folding,protein,process,shapes,0.83,true,process,curated core
molecular_dynamics,protein_folding,explanation,models,0.88,true,explanation,curated core
quantum_chemistry,chemical_bonding,explanation,explains,0.93,true,explanation,curated core
reaction_kinetics,enzyme,explanation,models,0.58,true,explanation,curated core
organic_chemistry,biochemistry,foundation,supports,0.63,true,foundation,curated core
microbiology,virology,structure,contains,0.68,true,structure,curated core
immunology,virology,association,responds_to,0.73,true,association,curated core
synthetic_biology,gene_regulation,application,engineers,0.78,true,application,curated core
bioinformatics,genomics,foundation,enables,0.83,true,foundation,curated core
bioinformatics,machine_learning,association,uses,0.88,true,association,curated core
systems_biology,network_science,association,uses,0.93,true,association,curated core
systems_biology,metabolism,explanation,models,0.58,true,explanation,curated core
neuron,action_potential,process,generates,0.63,true,process,curated core
neuron,synapse,association,forms,0.68,true,association,curated core
synapse,neurotransmitter,association,uses,0.73,true,association,curated core
neural_plasticity,synapse,association,modifies,0.78,true,association,curated core
hebbian_learning,neural_plasticity,explanation,models,0.83,true,explanation,curated core
neural_coding,information_theory,association,uses,0.88,true,association,curated core
brain_networks,connectome,application,analyzes,0.93,true,application,curated core
brain_networks,network_science,association,uses,0.58,true,association,curated core
predictive_coding,bayesian_inference,association,uses,0.63,true,association,curated core
memory,neural_plasticity,association,depends_on,0.68,true,association,curated core
attention,predictive_coding,interaction,interacts_with,0.73,true,interaction,curated core
vision,computer_vision,association,inspires,0.78,true,association,curated core
motor_control,control_theory,explanation,modeled_by,0.83,true,explanation,curated core
brain_computer_interface,neural_coding,information flow,decodes,0.88,true,information flow,curated core
fmri,brain_networks,information flow,measures,0.93,true,information flow,curated core
eeg,neural_coding,information flow,measures,0.58,true,information flow,curated core
glia,synapse,association,modulates,0.63,true,association,curated core
neurodegeneration,neuron,process,damages,0.68,true,process,curated core
deep_learning,neuroscience,association,inspired_by,0.73,true,association,curated core
consciousness,brain_networks,association,investigated_via,0.78,true,association,curated core
climate_system,fluid_dynamics,association,uses,0.83,true,association,curated core
climate_system,thermodynamics,association,uses,0.88,true,association,curated core
climate_system,carbon_cycle,interaction,couples,0.93,true,interaction,curated core
ocean_circulation,climate_system,process,regulates,0.58,true,process,curated core
plate_tectonics,dynamical_systems,explanation,modeled_by,0.63,true,explanation,curated core
remote_sensing,climate_system,information flow,observes,0.68,true,information flow,curated core
carbon_cycle,photosynthesis,interaction,couples,0.73,true,interaction,curated core
ecology,climate_system,interaction,interacts_with,0.78,true,interaction,curated core
complex_systems,emergence,association,exhibits,0.83,true,association,curated core
complex_systems,network_science,association,uses,0.88,true,association,curated core
agent_based_modeling,complex_systems,explanation,models,0.93,true,explanation,curated core
nonlinear_dynamics,complex_systems,explanation,explains,0.58,true,explanation,curated core
scientific_method,measurement,foundation,requires,0.63,true,foundation,curated core
statistics,scientific_method,foundation,supports,0.68,true,foundation,curated core
causal_inference,statistics,generalization,extends,0.73,true,generalization,curated core
causal_inference,epidemiology,foundation,supports,0.78,true,foundation,curated core
computational_modeling,differential_equations,explanation,implements,0.83,true,explanation,curated core
computational_modeling,agent_based_modeling,structure,includes,0.88,true,structure,curated core
medical_imaging,fmri,structure,includes,0.93,true,structure,curated core
genomics,systems_medicine,foundation,supports,0.58,true,foundation,curated core
epidemiology,systems_medicine,association,informs,0.63,true,association,curated core
systems_medicine,systems_biology,association,uses,0.68,true,association,curated core
machine_learning,medical_imaging,application,analyzes,0.73,true,application,curated core
machine_learning,genomics,application,analyzes,0.78,true,application,curated core
tda,brain_networks,application,analyzes,0.83,true,application,curated core
tda,protein_folding,application,analyzes,0.88,true,application,curated core
graph_neural_networks,molecular_biology,explanation,models,0.93,true,explanation,curated core
quantum_computing,cryptography,association,challenges,0.58,true,association,curated core
information_theory,genetics,explanation,interprets,0.63,true,explanation,curated core
dynamical_systems,gene_regulation,explanation,models,0.68,true,explanation,curated core
optimization,protein_folding,explanation,models,0.73,true,explanation,curated core
fluid_dynamics,ocean_circulation,explanation,models,0.78,true,explanation,curated core
ecology,carbon_cycle,interaction,interacts_with,0.62,false,interaction,curated core
protein,rna,interaction,interacts_with,0.66,false,interaction,curated core
attention,memory,interaction,interacts_with,0.7,false,interaction,curated core
dark_matter,dark_energy,interaction,contrasted_with,0.74,false,interaction,curated core
biology,chemistry,interaction,bridges,0.78,false,interaction,curated core
neurobiology,neuroscience,interaction,bridges,0.62,false,interaction,curated core
mathematics,computer_science,interaction,bridges,0.66,false,interaction,curated core
physics,chemistry,interaction,bridges,0.7,false,interaction,curated core
biochemistry,molecular_biology,interaction,bridges,0.74,false,interaction,curated core
systems_science,engineering,interaction,bridges,0.78,false,interaction,curated core
atlas_mathematical_sciences_foundations_and_logic,atlas_mathematical_sciences_domain,structure,part_of,0.96,true,structure,atlas taxonomy
atlas_mathematical_sciences_foundations_and_logic_proof_theory,atlas_mathematical_sciences_foundations_and_logic,structure,part_of,0.94,true,structure,atlas taxonomy
atlas_atlas_mathematical_sciences_foundations_and_logic_proof_theory_theoretical_foundations,atlas_mathematical_sciences_foundations_and_logic_proof_theory,association,formalizes,0.82,true,association,atlas taxonomy
atlas_atlas_mathematical_sciences_foundations_and_logic_proof_theory_methods_and_instruments,atlas_mathematical_sciences_foundations_and_logic_proof_theory,association,method_for,0.82,true,association,atlas taxonomy
atlas_atlas_mathematical_sciences_foundations_and_logic_proof_theory_open_questions,atlas_mathematical_sciences_foundations_and_logic_proof_theory,association,investigates,0.72,true,association,atlas taxonomy
atlas_atlas_mathematical_sciences_foundations_and_logic_proof_theory_applications_and_implicatio,atlas_mathematical_sciences_foundations_and_logic_proof_theory,application,application_of,0.82,true,application,atlas taxonomy
atlas_mathematical_sciences_foundations_and_logic_model_theory,atlas_mathematical_sciences_foundations_and_logic,structure,part_of,0.94,true,structure,atlas taxonomy
atlas_atlas_mathematical_sciences_foundations_and_logic_model_theory_theoretical_foundations,atlas_mathematical_sciences_foundations_and_logic_model_theory,association,formalizes,0.82,true,association,atlas taxonomy
atlas_atlas_mathematical_sciences_foundations_and_logic_model_theory_methods_and_instruments,atlas_mathematical_sciences_foundations_and_logic_model_theory,association,method_for,0.82,true,association,atlas taxonomy
atlas_atlas_mathematical_sciences_foundations_and_logic_model_theory_open_questions,atlas_mathematical_sciences_foundations_and_logic_model_theory,association,investigates,0.72,true,association,atlas taxonomy
atlas_atlas_mathematical_sciences_foundations_and_logic_model_theory_applications_and_implicatio,atlas_mathematical_sciences_foundations_and_logic_model_theory,application,application_of,0.82,true,application,atlas taxonomy
atlas_mathematical_sciences_foundations_and_logic_axiomatic_set_theory,atlas_mathematical_sciences_foundations_and_logic,structure,part_of,0.94,true,structure,atlas taxonomy
atlas_atlas_mathematical_sciences_foundations_and_logic_axiomatic_set_theory_theoretical_foundat,atlas_mathematical_sciences_foundations_and_logic_axiomatic_set_theory,association,formalizes,0.82,true,association,atlas taxonomy
atlas_atlas_mathematical_sciences_foundations_and_logic_axiomatic_set_theory_methods_and_instrum,atlas_mathematical_sciences_foundations_and_logic_axiomatic_set_theory,association,method_for,0.82,true,association,atlas taxonomy
atlas_atlas_mathematical_sciences_foundations_and_logic_axiomatic_set_theory_open_questions,atlas_mathematical_sciences_foundations_and_logic_axiomatic_set_theory,association,investigates,0.72,true,association,atlas taxonomy
atlas_atlas_mathematical_sciences_foundations_and_logic_axiomatic_set_theory_applications_and_im,atlas_mathematical_sciences_foundations_and_logic_axiomatic_set_theory,application,application_of,0.82,true,application,atlas taxonomy
atlas_mathematical_sciences_foundations_and_logic_type_theory,atlas_mathematical_sciences_foundations_and_logic,structure,part_of,0.94,true,structure,atlas taxonomy
atlas_atlas_mathematical_sciences_foundations_and_logic_type_theory_theoretical_foundations,atlas_mathematical_sciences_foundations_and_logic_type_theory,association,formalizes,0.82,true,association,atlas taxonomy
atlas_atlas_mathematical_sciences_foundations_and_logic_type_theory_methods_and_instruments,atlas_mathematical_sciences_foundations_and_logic_type_theory,association,method_for,0.82,true,association,atlas taxonomy
atlas_atlas_mathematical_sciences_foundations_and_logic_type_theory_open_questions,atlas_mathematical_sciences_foundations_and_logic_type_theory,association,investigates,0.72,true,association,atlas taxonomy
atlas_atlas_mathematical_sciences_foundations_and_logic_type_theory_applications_and_implication,atlas_mathematical_sciences_foundations_and_logic_type_theory,application,application_of,0.82,true,application,atlas taxonomy
atlas_mathematical_sciences_foundations_and_logic_computability_and_undecidability,atlas_mathematical_sciences_foundations_and_logic,structure,part_of,0.94,true,structure,atlas taxonomy
atlas_atlas_mathematical_sciences_foundations_and_logic_computability_and_undecidability_theoret,atlas_mathematical_sciences_foundations_and_logic_computability_and_undecidability,association,formalizes,0.82,true,association,atlas taxonomy
atlas_atlas_mathematical_sciences_foundations_and_logic_computability_and_undecidability_methods,atlas_mathematical_sciences_foundations_and_logic_computability_and_undecidability,association,method_for,0.82,true,association,atlas taxonomy
atlas_atlas_mathematical_sciences_foundations_and_logic_computability_and_undecidability_open_qu,atlas_mathematical_sciences_foundations_and_logic_computability_and_undecidability,association,investigates,0.72,true,association,atlas taxonomy
atlas_atlas_mathematical_sciences_foundations_and_logic_computability_and_undecidability_applica,atlas_mathematical_sciences_foundations_and_logic_computability_and_undecidability,application,application_of,0.82,true,application,atlas taxonomy
atlas_mathematical_sciences_foundations_and_logic_proof_theory,atlas_mathematical_sciences_foundations_and_logic_model_theory,interaction,related_to,0.62,false,interaction,atlas taxonomy
atlas_mathematical_sciences_foundations_and_logic_model_theory,atlas_mathematical_sciences_foundations_and_logic_axiomatic_set_theory,interaction,related_to,0.62,false,interaction,atlas taxonomy
atlas_mathematical_sciences_foundations_and_logic_axiomatic_set_theory,atlas_mathematical_sciences_foundations_and_logic_type_theory,interaction,related_to,0.62,false,interaction,atlas taxonomy
atlas_mathematical_sciences_foundations_and_logic_type_theory,atlas_mathematical_sciences_foundations_and_logic_computability_and_undecidability,interaction,related_to,0.62,false,interaction,atlas taxonomy
atlas_mathematical_sciences_algebra,atlas_mathematical_sciences_domain,structure,part_of,0.96,true,structure,atlas taxonomy
atlas_mathematical_sciences_algebra_group_representations,atlas_mathematical_sciences_algebra,structure,part_of,0.94,true,structure,atlas taxonomy
atlas_atlas_mathematical_sciences_algebra_group_representations_theoretical_foundations,atlas_mathematical_sciences_algebra_group_representations,association,formalizes,0.82,true,association,atlas taxonomy
atlas_atlas_mathematical_sciences_algebra_group_representations_methods_and_instruments,atlas_mathematical_sciences_algebra_group_representations,association,method_for,0.82,true,association,atlas taxonomy
atlas_atlas_mathematical_sciences_algebra_group_representations_open_questions,atlas_mathematical_sciences_algebra_group_representations,association,investigates,0.72,true,association,atlas taxonomy
atlas_atlas_mathematical_sciences_algebra_group_representations_applications_and_implications,atlas_mathematical_sciences_algebra_group_representations,application,application_of,0.82,true,application,atlas taxonomy
atlas_mathematical_sciences_algebra_commutative_rings,atlas_mathematical_sciences_algebra,structure,part_of,0.94,true,structure,atlas taxonomy
atlas_atlas_mathematical_sciences_algebra_commutative_rings_theoretical_foundations,atlas_mathematical_sciences_algebra_commutative_rings,association,formalizes,0.82,true,association,atlas taxonomy
atlas_atlas_mathematical_sciences_algebra_commutative_rings_methods_and_instruments,atlas_mathematical_sciences_algebra_commutative_rings,association,method_for,0.82,true,association,atlas taxonomy
atlas_atlas_mathematical_sciences_algebra_commutative_rings_open_questions,atlas_mathematical_sciences_algebra_commutative_rings,association,investigates,0.72,true,association,atlas taxonomy
atlas_atlas_mathematical_sciences_algebra_commutative_rings_applications_and_implications,atlas_mathematical_sciences_algebra_commutative_rings,application,application_of,0.82,true,application,atlas taxonomy
atlas_mathematical_sciences_algebra_homological_algebra,atlas_mathematical_sciences_algebra,structure,part_of,0.94,true,structure,atlas taxonomy
atlas_atlas_mathematical_sciences_algebra_homological_algebra_theoretical_foundations,atlas_mathematical_sciences_algebra_homological_algebra,association,formalizes,0.82,true,association,atlas taxonomy
atlas_atlas_mathematical_sciences_algebra_homological_algebra_methods_and_instruments,atlas_mathematical_sciences_algebra_homological_algebra,association,method_for,0.82,true,association,atlas taxonomy
atlas_atlas_mathematical_sciences_algebra_homological_algebra_open_questions,atlas_mathematical_sciences_algebra_homological_algebra,association,investigates,0.72,true,association,atlas taxonomy
atlas_atlas_mathematical_sciences_algebra_homological_algebra_applications_and_implications,atlas_mathematical_sciences_algebra_homological_algebra,application,application_of,0.82,true,application,atlas taxonomy
atlas_mathematical_sciences_algebra_galois_theory,atlas_mathematical_sciences_algebra,structure,part_of,0.94,true,structure,atlas taxonomy
atlas_atlas_mathematical_sciences_algebra_galois_theory_theoretical_foundations,atlas_mathematical_sciences_algebra_galois_theory,association,formalizes,0.82,true,association,atlas taxonomy
atlas_atlas_mathematical_sciences_algebra_galois_theory_methods_and_instruments,atlas_mathematical_sciences_algebra_galois_theory,association,method_for,0.82,true,association,atlas taxonomy
atlas_atlas_mathematical_sciences_algebra_galois_theory_open_questions,atlas_mathematical_sciences_algebra_galois_theory,association,investigates,0.72,true,association,atlas taxonomy
atlas_atlas_mathematical_sciences_algebra_galois_theory_applications_and_implications,atlas_mathematical_sciences_algebra_galois_theory,application,application_of,0.82,true,application,atlas taxonomy
atlas_mathematical_sciences_algebra_lie_groups_and_lie_algebras,atlas_mathematical_sciences_algebra,structure,part_of,0.94,true,structure,atlas taxonomy
atlas_atlas_mathematical_sciences_algebra_lie_groups_and_lie_algebras_theoretical_foundations,atlas_mathematical_sciences_algebra_lie_groups_and_lie_algebras,association,formalizes,0.82,true,association,atlas taxonomy
atlas_atlas_mathematical_sciences_algebra_lie_groups_and_lie_algebras_methods_and_instruments,atlas_mathematical_sciences_algebra_lie_groups_and_lie_algebras,association,method_for,0.82,true,association,atlas taxonomy
atlas_atlas_mathematical_sciences_algebra_lie_groups_and_lie_algebras_open_questions,atlas_mathematical_sciences_algebra_lie_groups_and_lie_algebras,association,investigates,0.72,true,association,atlas taxonomy
atlas_atlas_mathematical_sciences_algebra_lie_groups_and_lie_algebras_applications_and_implicati,atlas_mathematical_sciences_algebra_lie_groups_and_lie_algebras,application,application_of,0.82,true,application,atlas taxonomy
atlas_mathematical_sciences_algebra_group_representations,atlas_mathematical_sciences_algebra_commutative_rings,interaction,related_to,0.62,false,interaction,atlas taxonomy
atlas_mathematical_sciences_algebra_commutative_rings,atlas_mathematical_sciences_algebra_homological_algebra,interaction,related_to,0.62,false,interaction,atlas taxonomy
atlas_mathematical_sciences_algebra_homological_algebra,atlas_mathematical_sciences_algebra_galois_theory,interaction,related_to,0.62,false,interaction,atlas taxonomy
atlas_mathematical_sciences_algebra_galois_theory,atlas_mathematical_sciences_algebra_lie_groups_and_lie_algebras,interaction,related_to,0.62,false,interaction,atlas taxonomy
atlas_mathematical_sciences_analysis,atlas_mathematical_sciences_domain,structure,part_of,0.96,true,structure,atlas taxonomy
atlas_mathematical_sciences_analysis_measure_and_integration,atlas_mathematical_sciences_analysis,structure,part_of,0.94,true,structure,atlas taxonomy
atlas_atlas_mathematical_sciences_analysis_measure_and_integration_theoretical_foundations,atlas_mathematical_sciences_analysis_measure_and_integration,association,formalizes,0.82,true,association,atlas taxonomy
atlas_atlas_mathematical_sciences_analysis_measure_and_integration_methods_and_instruments,atlas_mathematical_sciences_analysis_measure_and_integration,association,method_for,0.82,true,association,atlas taxonomy
atlas_atlas_mathematical_sciences_analysis_measure_and_integration_open_questions,atlas_mathematical_sciences_analysis_measure_and_integration,association,investigates,0.72,true,association,atlas taxonomy
atlas_atlas_mathematical_sciences_analysis_measure_and_integration_applications_and_implications,atlas_mathematical_sciences_analysis_measure_and_integration,application,application_of,0.82,true,application,atlas taxonomy
atlas_mathematical_sciences_analysis_operator_theory,atlas_mathematical_sciences_analysis,structure,part_of,0.94,true,structure,atlas taxonomy
atlas_atlas_mathematical_sciences_analysis_operator_theory_theoretical_foundations,atlas_mathematical_sciences_analysis_operator_theory,association,formalizes,0.82,true,association,atlas taxonomy
atlas_atlas_mathematical_sciences_analysis_operator_theory_methods_and_instruments,atlas_mathematical_sciences_analysis_operator_theory,association,method_for,0.82,true,association,atlas taxonomy
atlas_atlas_mathematical_sciences_analysis_operator_theory_open_questions,atlas_mathematical_sciences_analysis_operator_theory,association,investigates,0.72,true,association,atlas taxonomy
atlas_atlas_mathematical_sciences_analysis_operator_theory_applications_and_implications,atlas_mathematical_sciences_analysis_operator_theory,application,application_of,0.82,true,application,atlas taxonomy
atlas_mathematical_sciences_analysis_harmonic_analysis,atlas_mathematical_sciences_analysis,structure,part_of,0.94,true,structure,atlas taxonomy
atlas_atlas_mathematical_sciences_analysis_harmonic_analysis_theoretical_foundations,atlas_mathematical_sciences_analysis_harmonic_analysis,association,formalizes,0.82,true,association,atlas taxonomy
atlas_atlas_mathematical_sciences_analysis_harmonic_analysis_methods_and_instruments,atlas_mathematical_sciences_analysis_harmonic_analysis,association,method_for,0.82,true,association,atlas taxonomy
atlas_atlas_mathematical_sciences_analysis_harmonic_analysis_open_questions,atlas_mathematical_sciences_analysis_harmonic_analysis,association,investigates,0.72,true,association,atlas taxonomy
atlas_atlas_mathematical_sciences_analysis_harmonic_analysis_applications_and_implications,atlas_mathematical_sciences_analysis_harmonic_analysis,application,application_of,0.82,true,application,atlas taxonomy
atlas_mathematical_sciences_analysis_partial_differential_equations,atlas_mathematical_sciences_analysis,structure,part_of,0.94,true,structure,atlas taxonomy
atlas_atlas_mathematical_sciences_analysis_partial_differential_equations_theoretical_foundation,atlas_mathematical_sciences_analysis_partial_differential_equations,association,formalizes,0.82,true,association,atlas taxonomy
atlas_atlas_mathematical_sciences_analysis_partial_differential_equations_methods_and_instrument,atlas_mathematical_sciences_analysis_partial_differential_equations,association,method_for,0.82,true,association,atlas taxonomy
atlas_atlas_mathematical_sciences_analysis_partial_differential_equations_open_questions,atlas_mathematical_sciences_analysis_partial_differential_equations,association,investigates,0.72,true,association,atlas taxonomy
atlas_atlas_mathematical_sciences_analysis_partial_differential_equations_applications_and_impli,atlas_mathematical_sciences_analysis_partial_differential_equations,application,application_of,0.82,true,application,atlas taxonomy
atlas_mathematical_sciences_analysis_calculus_of_variations,atlas_mathematical_sciences_analysis,structure,part_of,0.94,true,structure,atlas taxonomy
atlas_atlas_mathematical_sciences_analysis_calculus_of_variations_theoretical_foundations,atlas_mathematical_sciences_analysis_calculus_of_variations,association,formalizes,0.82,true,association,atlas taxonomy
atlas_atlas_mathematical_sciences_analysis_calculus_of_variations_methods_and_instruments,atlas_mathematical_sciences_analysis_calculus_of_variations,association,method_for,0.82,true,association,atlas taxonomy
atlas_atlas_mathematical_sciences_analysis_calculus_of_variations_open_questions,atlas_mathematical_sciences_analysis_calculus_of_variations,association,investigates,0.72,true,association,atlas taxonomy
atlas_atlas_mathematical_sciences_analysis_calculus_of_variations_applications_and_implications,atlas_mathematical_sciences_analysis_calculus_of_variations,application,application_of,0.82,true,application,atlas taxonomy
atlas_mathematical_sciences_analysis_measure_and_integration,atlas_mathematical_sciences_analysis_operator_theory,interaction,related_to,0.62,false,interaction,atlas taxonomy
atlas_mathematical_sciences_analysis_operator_theory,atlas_mathematical_sciences_analysis_harmonic_analysis,interaction,related_to,0.62,false,interaction,atlas taxonomy
atlas_mathematical_sciences_analysis_harmonic_analysis,atlas_mathematical_sciences_analysis_partial_differential_equations,interaction,related_to,0.62,false,interaction,atlas taxonomy
atlas_mathematical_sciences_analysis_partial_differential_equations,atlas_mathematical_sciences_analysis_calculus_of_variations,interaction,related_to,0.62,false,interaction,atlas taxonomy
atlas_mathematical_sciences_geometry_and_topology,atlas_mathematical_sciences_domain,structure,part_of,0.96,true,structure,atlas taxonomy
atlas_mathematical_sciences_geometry_and_topology_algebraic_topology,atlas_mathematical_sciences_geometry_and_topology,structure,part_of,0.94,true,structure,atlas taxonomy
atlas_atlas_mathematical_sciences_geometry_and_topology_algebraic_topology_theoretical_foundatio,atlas_mathematical_sciences_geometry_and_topology_algebraic_topology,association,formalizes,0.82,true,association,atlas taxonomy
atlas_atlas_mathematical_sciences_geometry_and_topology_algebraic_topology_methods_and_instrumen,atlas_mathematical_sciences_geometry_and_topology_algebraic_topology,association,method_for,0.82,true,association,atlas taxonomy
atlas_atlas_mathematical_sciences_geometry_and_topology_algebraic_topology_open_questions,atlas_mathematical_sciences_geometry_and_topology_algebraic_topology,association,investigates,0.72,true,association,atlas taxonomy
atlas_atlas_mathematical_sciences_geometry_and_topology_algebraic_topology_applications_and_impl,atlas_mathematical_sciences_geometry_and_topology_algebraic_topology,application,application_of,0.82,true,application,atlas taxonomy
atlas_mathematical_sciences_geometry_and_topology_differential_topology,atlas_mathematical_sciences_geometry_and_topology,structure,part_of,0.94,true,structure,atlas taxonomy
atlas_atlas_mathematical_sciences_geometry_and_topology_differential_topology_theoretical_founda,atlas_mathematical_sciences_geometry_and_topology_differential_topology,association,formalizes,0.82,true,association,atlas taxonomy
atlas_atlas_mathematical_sciences_geometry_and_topology_differential_topology_methods_and_instru,atlas_mathematical_sciences_geometry_and_topology_differential_topology,association,method_for,0.82,true,association,atlas taxonomy
atlas_atlas_mathematical_sciences_geometry_and_topology_differential_topology_open_questions,atlas_mathematical_sciences_geometry_and_topology_differential_topology,association,investigates,0.72,true,association,atlas taxonomy
atlas_atlas_mathematical_sciences_geometry_and_topology_differential_topology_applications_and_i,atlas_mathematical_sciences_geometry_and_topology_differential_topology,application,application_of,0.82,true,application,atlas taxonomy
atlas_mathematical_sciences_geometry_and_topology_riemannian_geometry,atlas_mathematical_sciences_geometry_and_topology,structure,part_of,0.94,true,structure,atlas taxonomy
atlas_atlas_mathematical_sciences_geometry_and_topology_riemannian_geometry_theoretical_foundati,atlas_mathematical_sciences_geometry_and_topology_riemannian_geometry,association,formalizes,0.82,true,association,atlas taxonomy
atlas_atlas_mathematical_sciences_geometry_and_topology_riemannian_geometry_methods_and_instrume,atlas_mathematical_sciences_geometry_and_topology_riemannian_geometry,association,method_for,0.82,true,association,atlas taxonomy
atlas_atlas_mathematical_sciences_geometry_and_topology_riemannian_geometry_open_questions,atlas_mathematical_sciences_geometry_and_topology_riemannian_geometry,association,investigates,0.72,true,association,atlas taxonomy
atlas_atlas_mathematical_sciences_geometry_and_topology_riemannian_geometry_applications_and_imp,atlas_mathematical_sciences_geometry_and_topology_riemannian_geometry,application,application_of,0.82,true,application,atlas taxonomy
atlas_mathematical_sciences_geometry_and_topology_symplectic_geometry,atlas_mathematical_sciences_geometry_and_topology,structure,part_of,0.94,true,structure,atlas taxonomy
atlas_atlas_mathematical_sciences_geometry_and_topology_symplectic_geometry_theoretical_foundati,atlas_mathematical_sciences_geometry_and_topology_symplectic_geometry,association,formalizes,0.82,true,association,atlas taxonomy
atlas_atlas_mathematical_sciences_geometry_and_topology_symplectic_geometry_methods_and_instrume,atlas_mathematical_sciences_geometry_and_topology_symplectic_geometry,association,method_for,0.82,true,association,atlas taxonomy
atlas_atlas_mathematical_sciences_geometry_and_topology_symplectic_geometry_open_questions,atlas_mathematical_sciences_geometry_and_topology_symplectic_geometry,association,investigates,0.72,true,association,atlas taxonomy
atlas_atlas_mathematical_sciences_geometry_and_topology_symplectic_geometry_applications_and_imp,atlas_mathematical_sciences_geometry_and_topology_symplectic_geometry,application,application_of,0.82,true,application,atlas taxonomy
atlas_mathematical_sciences_geometry_and_topology_geometric_measure_theory,atlas_mathematical_sciences_geometry_and_topology,structure,part_of,0.94,true,structure,atlas taxonomy
atlas_atlas_mathematical_sciences_geometry_and_topology_geometric_measure_theory_theoretical_fou,atlas_mathematical_sciences_geometry_and_topology_geometric_measure_theory,association,formalizes,0.82,true,association,atlas taxonomy
atlas_atlas_mathematical_sciences_geometry_and_topology_geometric_measure_theory_methods_and_ins,atlas_mathematical_sciences_geometry_and_topology_geometric_measure_theory,association,method_for,0.82,true,association,atlas taxonomy
atlas_atlas_mathematical_sciences_geometry_and_topology_geometric_measure_theory_open_questions,atlas_mathematical_sciences_geometry_and_topology_geometric_measure_theory,association,investigates,0.72,true,association,atlas taxonomy
atlas_atlas_mathematical_sciences_geometry_and_topology_geometric_measure_theory_applications_an,atlas_mathematical_sciences_geometry_and_topology_geometric_measure_theory,application,application_of,0.82,true,application,atlas taxonomy
atlas_mathematical_sciences_geometry_and_topology_algebraic_topology,atlas_mathematical_sciences_geometry_and_topology_differential_topology,interaction,related_to,0.62,false,interaction,atlas taxonomy
atlas_mathematical_sciences_geometry_and_topology_differential_topology,atlas_mathematical_sciences_geometry_and_topology_riemannian_geometry,interaction,related_to,0.62,false,interaction,atlas taxonomy
atlas_mathematical_sciences_geometry_and_topology_riemannian_geometry,atlas_mathematical_sciences_geometry_and_topology_symplectic_geometry,interaction,related_to,0.62,false,interaction,atlas taxonomy
atlas_mathematical_sciences_geometry_and_topology_symplectic_geometry,atlas_mathematical_sciences_geometry_and_topology_geometric_measure_theory,interaction,related_to,0.62,false,interaction,atlas taxonomy
atlas_mathematical_sciences_discrete_and_applied_mathematics,atlas_mathematical_sciences_domain,structure,part_of,0.96,true,structure,atlas taxonomy
atlas_mathematical_sciences_discrete_and_applied_mathematics_combinatorics,atlas_mathematical_sciences_discrete_and_applied_mathematics,structure,part_of,0.94,true,structure,atlas taxonomy
atlas_atlas_mathematical_sciences_discrete_and_applied_mathematics_combinatorics_theoretical_fou,atlas_mathematical_sciences_discrete_and_applied_mathematics_combinatorics,association,formalizes,0.82,true,association,atlas taxonomy
atlas_atlas_mathematical_sciences_discrete_and_applied_mathematics_combinatorics_methods_and_ins,atlas_mathematical_sciences_discrete_and_applied_mathematics_combinatorics,association,method_for,0.82,true,association,atlas taxonomy
atlas_atlas_mathematical_sciences_discrete_and_applied_mathematics_combinatorics_open_questions,atlas_mathematical_sciences_discrete_and_applied_mathematics_combinatorics,association,investigates,0.72,true,association,atlas taxonomy
atlas_atlas_mathematical_sciences_discrete_and_applied_mathematics_combinatorics_applications_an,atlas_mathematical_sciences_discrete_and_applied_mathematics_combinatorics,application,application_of,0.82,true,application,atlas taxonomy
atlas_mathematical_sciences_discrete_and_applied_mathematics_graph_algorithms,atlas_mathematical_sciences_discrete_and_applied_mathematics,structure,part_of,0.94,true,structure,atlas taxonomy
atlas_atlas_mathematical_sciences_discrete_and_applied_mathematics_graph_algorithms_theoretical_,atlas_mathematical_sciences_discrete_and_applied_mathematics_graph_algorithms,association,formalizes,0.82,true,association,atlas taxonomy
atlas_atlas_mathematical_sciences_discrete_and_applied_mathematics_graph_algorithms_methods_and_,atlas_mathematical_sciences_discrete_and_applied_mathematics_graph_algorithms,association,method_for,0.82,true,association,atlas taxonomy
atlas_atlas_mathematical_sciences_discrete_and_applied_mathematics_graph_algorithms_open_questio,atlas_mathematical_sciences_discrete_and_applied_mathematics_graph_algorithms,association,investigates,0.72,true,association,atlas taxonomy
atlas_atlas_mathematical_sciences_discrete_and_applied_mathematics_graph_algorithms_applications,atlas_mathematical_sciences_discrete_and_applied_mathematics_graph_algorithms,application,application_of,0.82,true,application,atlas taxonomy
atlas_mathematical_sciences_discrete_and_applied_mathematics_optimization_theory,atlas_mathematical_sciences_discrete_and_applied_mathematics,structure,part_of,0.94,true,structure,atlas taxonomy
atlas_atlas_mathematical_sciences_discrete_and_applied_mathematics_optimization_theory_theoretic,atlas_mathematical_sciences_discrete_and_applied_mathematics_optimization_theory,association,formalizes,0.82,true,association,atlas taxonomy
atlas_atlas_mathematical_sciences_discrete_and_applied_mathematics_optimization_theory_methods_a,atlas_mathematical_sciences_discrete_and_applied_mathematics_optimization_theory,association,method_for,0.82,true,association,atlas taxonomy
atlas_atlas_mathematical_sciences_discrete_and_applied_mathematics_optimization_theory_open_ques,atlas_mathematical_sciences_discrete_and_applied_mathematics_optimization_theory,association,investigates,0.72,true,association,atlas taxonomy
atlas_atlas_mathematical_sciences_discrete_and_applied_mathematics_optimization_theory_applicati,atlas_mathematical_sciences_discrete_and_applied_mathematics_optimization_theory,application,application_of,0.82,true,application,atlas taxonomy
atlas_mathematical_sciences_discrete_and_applied_mathematics_numerical_mathematics,atlas_mathematical_sciences_discrete_and_applied_mathematics,structure,part_of,0.94,true,structure,atlas taxonomy
atlas_atlas_mathematical_sciences_discrete_and_applied_mathematics_numerical_mathematics_theoret,atlas_mathematical_sciences_discrete_and_applied_mathematics_numerical_mathematics,association,formalizes,0.82,true,association,atlas taxonomy
atlas_atlas_mathematical_sciences_discrete_and_applied_mathematics_numerical_mathematics_methods,atlas_mathematical_sciences_discrete_and_applied_mathematics_numerical_mathematics,association,method_for,0.82,true,association,atlas taxonomy
atlas_atlas_mathematical_sciences_discrete_and_applied_mathematics_numerical_mathematics_open_qu,atlas_mathematical_sciences_discrete_and_applied_mathematics_numerical_mathematics,association,investigates,0.72,true,association,atlas taxonomy
atlas_atlas_mathematical_sciences_discrete_and_applied_mathematics_numerical_mathematics_applica,atlas_mathematical_sciences_discrete_and_applied_mathematics_numerical_mathematics,application,application_of,0.82,true,application,atlas taxonomy
atlas_mathematical_sciences_discrete_and_applied_mathematics_mathematical_control,atlas_mathematical_sciences_discrete_and_applied_mathematics,structure,part_of,0.94,true,structure,atlas taxonomy
atlas_atlas_mathematical_sciences_discrete_and_applied_mathematics_mathematical_control_theoreti,atlas_mathematical_sciences_discrete_and_applied_mathematics_mathematical_control,association,formalizes,0.82,true,association,atlas taxonomy
atlas_atlas_mathematical_sciences_discrete_and_applied_mathematics_mathematical_control_methods_,atlas_mathematical_sciences_discrete_and_applied_mathematics_mathematical_control,association,method_for,0.82,true,association,atlas taxonomy
atlas_atlas_mathematical_sciences_discrete_and_applied_mathematics_mathematical_control_open_que,atlas_mathematical_sciences_discrete_and_applied_mathematics_mathematical_control,association,investigates,0.72,true,association,atlas taxonomy
atlas_atlas_mathematical_sciences_discrete_and_applied_mathematics_mathematical_control_applicat,atlas_mathematical_sciences_discrete_and_applied_mathematics_mathematical_control,application,application_of,0.82,true,application,atlas taxonomy
atlas_mathematical_sciences_discrete_and_applied_mathematics_combinatorics,atlas_mathematical_sciences_discrete_and_applied_mathematics_graph_algorithms,interaction,related_to,0.62,false,interaction,atlas taxonomy
atlas_mathematical_sciences_discrete_and_applied_mathematics_graph_algorithms,atlas_mathematical_sciences_discrete_and_applied_mathematics_optimization_theory,interaction,related_to,0.62,false,interaction,atlas taxonomy
atlas_mathematical_sciences_discrete_and_applied_mathematics_optimization_theory,atlas_mathematical_sciences_discrete_and_applied_mathematics_numerical_mathematics,interaction,related_to,0.62,false,interaction,atlas taxonomy
atlas_mathematical_sciences_discrete_and_applied_mathematics_numerical_mathematics,atlas_mathematical_sciences_discrete_and_applied_mathematics_mathematical_control,interaction,related_to,0.62,false,interaction,atlas taxonomy
atlas_mathematical_sciences_foundations_and_logic,atlas_mathematical_sciences_algebra,interaction,related_to,0.66,false,interaction,atlas taxonomy
atlas_mathematical_sciences_algebra,atlas_mathematical_sciences_analysis,interaction,related_to,0.66,false,interaction,atlas taxonomy
atlas_mathematical_sciences_analysis,atlas_mathematical_sciences_geometry_and_topology,interaction,related_to,0.66,false,interaction,atlas taxonomy
atlas_mathematical_sciences_geometry_and_topology,atlas_mathematical_sciences_discrete_and_applied_mathematics,interaction,related_to,0.66,false,interaction,atlas taxonomy
atlas_probability_statistics_probability,atlas_probability_statistics_domain,structure,part_of,0.96,true,structure,atlas taxonomy
atlas_probability_statistics_probability_measure_theoretic_probability,atlas_probability_statistics_probability,structure,part_of,0.94,true,structure,atlas taxonomy
atlas_atlas_probability_statistics_probability_measure_theoretic_probability_theoretical_foundat,atlas_probability_statistics_probability_measure_theoretic_probability,association,formalizes,0.82,true,association,atlas taxonomy
atlas_atlas_probability_statistics_probability_measure_theoretic_probability_methods_and_instrum,atlas_probability_statistics_probability_measure_theoretic_probability,association,method_for,0.82,true,association,atlas taxonomy
atlas_atlas_probability_statistics_probability_measure_theoretic_probability_open_questions,atlas_probability_statistics_probability_measure_theoretic_probability,association,investigates,0.72,true,association,atlas taxonomy
atlas_atlas_probability_statistics_probability_measure_theoretic_probability_applications_and_im,atlas_probability_statistics_probability_measure_theoretic_probability,application,application_of,0.82,true,application,atlas taxonomy
atlas_probability_statistics_probability_stochastic_processes,atlas_probability_statistics_probability,structure,part_of,0.94,true,structure,atlas taxonomy
atlas_atlas_probability_statistics_probability_stochastic_processes_theoretical_foundations,atlas_probability_statistics_probability_stochastic_processes,association,formalizes,0.82,true,association,atlas taxonomy
atlas_atlas_probability_statistics_probability_stochastic_processes_methods_and_instruments,atlas_probability_statistics_probability_stochastic_processes,association,method_for,0.82,true,association,atlas taxonomy
atlas_atlas_probability_statistics_probability_stochastic_processes_open_questions,atlas_probability_statistics_probability_stochastic_processes,association,investigates,0.72,true,association,atlas taxonomy
atlas_atlas_probability_statistics_probability_stochastic_processes_applications_and_implication,atlas_probability_statistics_probability_stochastic_processes,application,application_of,0.82,true,application,atlas taxonomy
atlas_probability_statistics_probability_martingales,atlas_probability_statistics_probability,structure,part_of,0.94,true,structure,atlas taxonomy
atlas_atlas_probability_statistics_probability_martingales_theoretical_foundations,atlas_probability_statistics_probability_martingales,association,formalizes,0.82,true,association,atlas taxonomy
atlas_atlas_probability_statistics_probability_martingales_methods_and_instruments,atlas_probability_statistics_probability_martingales,association,method_for,0.82,true,association,atlas taxonomy
atlas_atlas_probability_statistics_probability_martingales_open_questions,atlas_probability_statistics_probability_martingales,association,investigates,0.72,true,association,atlas taxonomy
atlas_atlas_probability_statistics_probability_martingales_applications_and_implications,atlas_probability_statistics_probability_martingales,application,application_of,0.82,true,application,atlas taxonomy
atlas_probability_statistics_probability_random_matrices,atlas_probability_statistics_probability,structure,part_of,0.94,true,structure,atlas taxonomy
atlas_atlas_probability_statistics_probability_random_matrices_theoretical_foundations,atlas_probability_statistics_probability_random_matrices,association,formalizes,0.82,true,association,atlas taxonomy
atlas_atlas_probability_statistics_probability_random_matrices_methods_and_instruments,atlas_probability_statistics_probability_random_matrices,association,method_for,0.82,true,association,atlas taxonomy
atlas_atlas_probability_statistics_probability_random_matrices_open_questions,atlas_probability_statistics_probability_random_matrices,association,investigates,0.72,true,association,atlas taxonomy
atlas_atlas_probability_statistics_probability_random_matrices_applications_and_implications,atlas_probability_statistics_probability_random_matrices,application,application_of,0.82,true,application,atlas taxonomy
atlas_probability_statistics_probability_stochastic_differential_equations,atlas_probability_statistics_probability,structure,part_of,0.94,true,structure,atlas taxonomy
atlas_atlas_probability_statistics_probability_stochastic_differential_equations_theoretical_fou,atlas_probability_statistics_probability_stochastic_differential_equations,association,formalizes,0.82,true,association,atlas taxonomy
atlas_atlas_probability_statistics_probability_stochastic_differential_equations_methods_and_ins,atlas_probability_statistics_probability_stochastic_differential_equations,association,method_for,0.82,true,association,atlas taxonomy
atlas_atlas_probability_statistics_probability_stochastic_differential_equations_open_questions,atlas_probability_statistics_probability_stochastic_differential_equations,association,investigates,0.72,true,association,atlas taxonomy
atlas_atlas_probability_statistics_probability_stochastic_differential_equations_applications_an,atlas_probability_statistics_probability_stochastic_differential_equations,application,application_of,0.82,true,application,atlas taxonomy
atlas_probability_statistics_probability_measure_theoretic_probability,atlas_probability_statistics_probability_stochastic_processes,interaction,related_to,0.62,false,interaction,atlas taxonomy
atlas_probability_statistics_probability_stochastic_processes,atlas_probability_statistics_probability_martingales,interaction,related_to,0.62,false,interaction,atlas taxonomy
atlas_probability_statistics_probability_martingales,atlas_probability_statistics_probability_random_matrices,interaction,related_to,0.62,false,interaction,atlas taxonomy
atlas_probability_statistics_probability_random_matrices,atlas_probability_statistics_probability_stochastic_differential_equations,interaction,related_to,0.62,false,interaction,atlas taxonomy
atlas_probability_statistics_mathematical_statistics,atlas_probability_statistics_domain,structure,part_of,0.96,true,structure,atlas taxonomy
atlas_probability_statistics_mathematical_statistics_estimation_theory,atlas_probability_statistics_mathematical_statistics,structure,part_of,0.94,true,structure,atlas taxonomy
atlas_atlas_probability_statistics_mathematical_statistics_estimation_theory_theoretical_foundat,atlas_probability_statistics_mathematical_statistics_estimation_theory,association,formalizes,0.82,true,association,atlas taxonomy
atlas_atlas_probability_statistics_mathematical_statistics_estimation_theory_methods_and_instrum,atlas_probability_statistics_mathematical_statistics_estimation_theory,association,method_for,0.82,true,association,atlas taxonomy
atlas_atlas_probability_statistics_mathematical_statistics_estimation_theory_open_questions,atlas_probability_statistics_mathematical_statistics_estimation_theory,association,investigates,0.72,true,association,atlas taxonomy
atlas_atlas_probability_statistics_mathematical_statistics_estimation_theory_applications_and_im,atlas_probability_statistics_mathematical_statistics_estimation_theory,application,application_of,0.82,true,application,atlas taxonomy
atlas_probability_statistics_mathematical_statistics_hypothesis_testing,atlas_probability_statistics_mathematical_statistics,structure,part_of,0.94,true,structure,atlas taxonomy
atlas_atlas_probability_statistics_mathematical_statistics_hypothesis_testing_theoretical_founda,atlas_probability_statistics_mathematical_statistics_hypothesis_testing,association,formalizes,0.82,true,association,atlas taxonomy
atlas_atlas_probability_statistics_mathematical_statistics_hypothesis_testing_methods_and_instru,atlas_probability_statistics_mathematical_statistics_hypothesis_testing,association,method_for,0.82,true,association,atlas taxonomy
atlas_atlas_probability_statistics_mathematical_statistics_hypothesis_testing_open_questions,atlas_probability_statistics_mathematical_statistics_hypothesis_testing,association,investigates,0.72,true,association,atlas taxonomy
atlas_atlas_probability_statistics_mathematical_statistics_hypothesis_testing_applications_and_i,atlas_probability_statistics_mathematical_statistics_hypothesis_testing,application,application_of,0.82,true,application,atlas taxonomy
atlas_probability_statistics_mathematical_statistics_asymptotic_statistics,atlas_probability_statistics_mathematical_statistics,structure,part_of,0.94,true,structure,atlas taxonomy
atlas_atlas_probability_statistics_mathematical_statistics_asymptotic_statistics_theoretical_fou,atlas_probability_statistics_mathematical_statistics_asymptotic_statistics,association,formalizes,0.82,true,association,atlas taxonomy
atlas_atlas_probability_statistics_mathematical_statistics_asymptotic_statistics_methods_and_ins,atlas_probability_statistics_mathematical_statistics_asymptotic_statistics,association,method_for,0.82,true,association,atlas taxonomy
atlas_atlas_probability_statistics_mathematical_statistics_asymptotic_statistics_open_questions,atlas_probability_statistics_mathematical_statistics_asymptotic_statistics,association,investigates,0.72,true,association,atlas taxonomy
atlas_atlas_probability_statistics_mathematical_statistics_asymptotic_statistics_applications_an,atlas_probability_statistics_mathematical_statistics_asymptotic_statistics,application,application_of,0.82,true,application,atlas taxonomy
atlas_probability_statistics_mathematical_statistics_nonparametric_statistics,atlas_probability_statistics_mathematical_statistics,structure,part_of,0.94,true,structure,atlas taxonomy
atlas_atlas_probability_statistics_mathematical_statistics_nonparametric_statistics_theoretical_,atlas_probability_statistics_mathematical_statistics_nonparametric_statistics,association,formalizes,0.82,true,association,atlas taxonomy
atlas_atlas_probability_statistics_mathematical_statistics_nonparametric_statistics_methods_and_,atlas_probability_statistics_mathematical_statistics_nonparametric_statistics,association,method_for,0.82,true,association,atlas taxonomy
atlas_atlas_probability_statistics_mathematical_statistics_nonparametric_statistics_open_questio,atlas_probability_statistics_mathematical_statistics_nonparametric_statistics,association,investigates,0.72,true,association,atlas taxonomy
atlas_atlas_probability_statistics_mathematical_statistics_nonparametric_statistics_applications,atlas_probability_statistics_mathematical_statistics_nonparametric_statistics,application,application_of,0.82,true,application,atlas taxonomy
atlas_probability_statistics_mathematical_statistics_high_dimensional_statistics,atlas_probability_statistics_mathematical_statistics,structure,part_of,0.94,true,structure,atlas taxonomy
atlas_atlas_probability_statistics_mathematical_statistics_high_dimensional_statistics_theoretic,atlas_probability_statistics_mathematical_statistics_high_dimensional_statistics,association,formalizes,0.82,true,association,atlas taxonomy
atlas_atlas_probability_statistics_mathematical_statistics_high_dimensional_statistics_methods_a,atlas_probability_statistics_mathematical_statistics_high_dimensional_statistics,association,method_for,0.82,true,association,atlas taxonomy
atlas_atlas_probability_statistics_mathematical_statistics_high_dimensional_statistics_open_ques,atlas_probability_statistics_mathematical_statistics_high_dimensional_statistics,association,investigates,0.72,true,association,atlas taxonomy
atlas_atlas_probability_statistics_mathematical_statistics_high_dimensional_statistics_applicati,atlas_probability_statistics_mathematical_statistics_high_dimensional_statistics,application,application_of,0.82,true,application,atlas taxonomy
atlas_probability_statistics_mathematical_statistics_estimation_theory,atlas_probability_statistics_mathematical_statistics_hypothesis_testing,interaction,related_to,0.62,false,interaction,atlas taxonomy
atlas_probability_statistics_mathematical_statistics_hypothesis_testing,atlas_probability_statistics_mathematical_statistics_asymptotic_statistics,interaction,related_to,0.62,false,interaction,atlas taxonomy
atlas_probability_statistics_mathematical_statistics_asymptotic_statistics,atlas_probability_statistics_mathematical_statistics_nonparametric_statistics,interaction,related_to,0.62,false,interaction,atlas taxonomy
atlas_probability_statistics_mathematical_statistics_nonparametric_statistics,atlas_probability_statistics_mathematical_statistics_high_dimensional_statistics,interaction,related_to,0.62,false,interaction,atlas taxonomy
atlas_probability_statistics_bayesian_science,atlas_probability_statistics_domain,structure,part_of,0.96,true,structure,atlas taxonomy
atlas_probability_statistics_bayesian_science_bayesian_computation,atlas_probability_statistics_bayesian_science,structure,part_of,0.94,true,structure,atlas taxonomy
atlas_atlas_probability_statistics_bayesian_science_bayesian_computation_theoretical_foundations,atlas_probability_statistics_bayesian_science_bayesian_computation,association,formalizes,0.82,true,association,atlas taxonomy
atlas_atlas_probability_statistics_bayesian_science_bayesian_computation_methods_and_instruments,atlas_probability_statistics_bayesian_science_bayesian_computation,association,method_for,0.82,true,association,atlas taxonomy
atlas_atlas_probability_statistics_bayesian_science_bayesian_computation_open_questions,atlas_probability_statistics_bayesian_science_bayesian_computation,association,investigates,0.72,true,association,atlas taxonomy
atlas_atlas_probability_statistics_bayesian_science_bayesian_computation_applications_and_implic,atlas_probability_statistics_bayesian_science_bayesian_computation,application,application_of,0.82,true,application,atlas taxonomy
atlas_probability_statistics_bayesian_science_hierarchical_models,atlas_probability_statistics_bayesian_science,structure,part_of,0.94,true,structure,atlas taxonomy
atlas_atlas_probability_statistics_bayesian_science_hierarchical_models_theoretical_foundations,atlas_probability_statistics_bayesian_science_hierarchical_models,association,formalizes,0.82,true,association,atlas taxonomy
atlas_atlas_probability_statistics_bayesian_science_hierarchical_models_methods_and_instruments,atlas_probability_statistics_bayesian_science_hierarchical_models,association,method_for,0.82,true,association,atlas taxonomy
atlas_atlas_probability_statistics_bayesian_science_hierarchical_models_open_questions,atlas_probability_statistics_bayesian_science_hierarchical_models,association,investigates,0.72,true,association,atlas taxonomy
atlas_atlas_probability_statistics_bayesian_science_hierarchical_models_applications_and_implica,atlas_probability_statistics_bayesian_science_hierarchical_models,application,application_of,0.82,true,application,atlas taxonomy
atlas_probability_statistics_bayesian_science_bayesian_nonparametrics,atlas_probability_statistics_bayesian_science,structure,part_of,0.94,true,structure,atlas taxonomy
atlas_atlas_probability_statistics_bayesian_science_bayesian_nonparametrics_theoretical_foundati,atlas_probability_statistics_bayesian_science_bayesian_nonparametrics,association,formalizes,0.82,true,association,atlas taxonomy
atlas_atlas_probability_statistics_bayesian_science_bayesian_nonparametrics_methods_and_instrume,atlas_probability_statistics_bayesian_science_bayesian_nonparametrics,association,method_for,0.82,true,association,atlas taxonomy
atlas_atlas_probability_statistics_bayesian_science_bayesian_nonparametrics_open_questions,atlas_probability_statistics_bayesian_science_bayesian_nonparametrics,association,investigates,0.72,true,association,atlas taxonomy
atlas_atlas_probability_statistics_bayesian_science_bayesian_nonparametrics_applications_and_imp,atlas_probability_statistics_bayesian_science_bayesian_nonparametrics,application,application_of,0.82,true,application,atlas taxonomy
atlas_probability_statistics_bayesian_science_probabilistic_programming,atlas_probability_statistics_bayesian_science,structure,part_of,0.94,true,structure,atlas taxonomy
atlas_atlas_probability_statistics_bayesian_science_probabilistic_programming_theoretical_founda,atlas_probability_statistics_bayesian_science_probabilistic_programming,association,formalizes,0.82,true,association,atlas taxonomy
atlas_atlas_probability_statistics_bayesian_science_probabilistic_programming_methods_and_instru,atlas_probability_statistics_bayesian_science_probabilistic_programming,association,method_for,0.82,true,association,atlas taxonomy
atlas_atlas_probability_statistics_bayesian_science_probabilistic_programming_open_questions,atlas_probability_statistics_bayesian_science_probabilistic_programming,association,investigates,0.72,true,association,atlas taxonomy
atlas_atlas_probability_statistics_bayesian_science_probabilistic_programming_applications_and_i,atlas_probability_statistics_bayesian_science_probabilistic_programming,application,application_of,0.82,true,application,atlas taxonomy
atlas_probability_statistics_bayesian_science_decision_theory,atlas_probability_statistics_bayesian_science,structure,part_of,0.94,true,structure,atlas taxonomy
atlas_atlas_probability_statistics_bayesian_science_decision_theory_theoretical_foundations,atlas_probability_statistics_bayesian_science_decision_theory,association,formalizes,0.82,true,association,atlas taxonomy
atlas_atlas_probability_statistics_bayesian_science_decision_theory_methods_and_instruments,atlas_probability_statistics_bayesian_science_decision_theory,association,method_for,0.82,true,association,atlas taxonomy
atlas_atlas_probability_statistics_bayesian_science_decision_theory_open_questions,atlas_probability_statistics_bayesian_science_decision_theory,association,investigates,0.72,true,association,atlas taxonomy
atlas_atlas_probability_statistics_bayesian_science_decision_theory_applications_and_implication,atlas_probability_statistics_bayesian_science_decision_theory,application,application_of,0.82,true,application,atlas taxonomy
atlas_probability_statistics_bayesian_science_bayesian_computation,atlas_probability_statistics_bayesian_science_hierarchical_models,interaction,related_to,0.62,false,interaction,atlas taxonomy
atlas_probability_statistics_bayesian_science_hierarchical_models,atlas_probability_statistics_bayesian_science_bayesian_nonparametrics,interaction,related_to,0.62,false,interaction,atlas taxonomy
atlas_probability_statistics_bayesian_science_bayesian_nonparametrics,atlas_probability_statistics_bayesian_science_probabilistic_programming,interaction,related_to,0.62,false,interaction,atlas taxonomy
atlas_probability_statistics_bayesian_science_probabilistic_programming,atlas_probability_statistics_bayesian_science_decision_theory,interaction,related_to,0.62,false,interaction,atlas taxonomy
atlas_probability_statistics_causal_and_experimental_science,atlas_probability_statistics_domain,structure,part_of,0.96,true,structure,atlas taxonomy
atlas_probability_statistics_causal_and_experimental_science_causal_graphs,atlas_probability_statistics_causal_and_experimental_science,structure,part_of,0.94,true,structure,atlas taxonomy
atlas_atlas_probability_statistics_causal_and_experimental_science_causal_graphs_theoretical_fou,atlas_probability_statistics_causal_and_experimental_science_causal_graphs,association,formalizes,0.82,true,association,atlas taxonomy
atlas_atlas_probability_statistics_causal_and_experimental_science_causal_graphs_methods_and_ins,atlas_probability_statistics_causal_and_experimental_science_causal_graphs,association,method_for,0.82,true,association,atlas taxonomy
atlas_atlas_probability_statistics_causal_and_experimental_science_causal_graphs_open_questions,atlas_probability_statistics_causal_and_experimental_science_causal_graphs,association,investigates,0.72,true,association,atlas taxonomy
atlas_atlas_probability_statistics_causal_and_experimental_science_causal_graphs_applications_an,atlas_probability_statistics_causal_and_experimental_science_causal_graphs,application,application_of,0.82,true,application,atlas taxonomy
atlas_probability_statistics_causal_and_experimental_science_potential_outcomes,atlas_probability_statistics_causal_and_experimental_science,structure,part_of,0.94,true,structure,atlas taxonomy
atlas_atlas_probability_statistics_causal_and_experimental_science_potential_outcomes_theoretica,atlas_probability_statistics_causal_and_experimental_science_potential_outcomes,association,formalizes,0.82,true,association,atlas taxonomy
atlas_atlas_probability_statistics_causal_and_experimental_science_potential_outcomes_methods_an,atlas_probability_statistics_causal_and_experimental_science_potential_outcomes,association,method_for,0.82,true,association,atlas taxonomy
atlas_atlas_probability_statistics_causal_and_experimental_science_potential_outcomes_open_quest,atlas_probability_statistics_causal_and_experimental_science_potential_outcomes,association,investigates,0.72,true,association,atlas taxonomy
atlas_atlas_probability_statistics_causal_and_experimental_science_potential_outcomes_applicatio,atlas_probability_statistics_causal_and_experimental_science_potential_outcomes,application,application_of,0.82,true,application,atlas taxonomy
atlas_probability_statistics_causal_and_experimental_science_randomized_experiments,atlas_probability_statistics_causal_and_experimental_science,structure,part_of,0.94,true,structure,atlas taxonomy
atlas_atlas_probability_statistics_causal_and_experimental_science_randomized_experiments_theore,atlas_probability_statistics_causal_and_experimental_science_randomized_experiments,association,formalizes,0.82,true,association,atlas taxonomy
atlas_atlas_probability_statistics_causal_and_experimental_science_randomized_experiments_method,atlas_probability_statistics_causal_and_experimental_science_randomized_experiments,association,method_for,0.82,true,association,atlas taxonomy
atlas_atlas_probability_statistics_causal_and_experimental_science_randomized_experiments_open_q,atlas_probability_statistics_causal_and_experimental_science_randomized_experiments,association,investigates,0.72,true,association,atlas taxonomy
atlas_atlas_probability_statistics_causal_and_experimental_science_randomized_experiments_applic,atlas_probability_statistics_causal_and_experimental_science_randomized_experiments,application,application_of,0.82,true,application,atlas taxonomy
atlas_probability_statistics_causal_and_experimental_science_quasi_experimental_design,atlas_probability_statistics_causal_and_experimental_science,structure,part_of,0.94,true,structure,atlas taxonomy
atlas_atlas_probability_statistics_causal_and_experimental_science_quasi_experimental_design_the,atlas_probability_statistics_causal_and_experimental_science_quasi_experimental_design,association,formalizes,0.82,true,association,atlas taxonomy
atlas_atlas_probability_statistics_causal_and_experimental_science_quasi_experimental_design_met,atlas_probability_statistics_causal_and_experimental_science_quasi_experimental_design,association,method_for,0.82,true,association,atlas taxonomy
atlas_atlas_probability_statistics_causal_and_experimental_science_quasi_experimental_design_ope,atlas_probability_statistics_causal_and_experimental_science_quasi_experimental_design,association,investigates,0.72,true,association,atlas taxonomy
atlas_atlas_probability_statistics_causal_and_experimental_science_quasi_experimental_design_app,atlas_probability_statistics_causal_and_experimental_science_quasi_experimental_design,application,application_of,0.82,true,application,atlas taxonomy
atlas_probability_statistics_causal_and_experimental_science_mediation_analysis,atlas_probability_statistics_causal_and_experimental_science,structure,part_of,0.94,true,structure,atlas taxonomy
atlas_atlas_probability_statistics_causal_and_experimental_science_mediation_analysis_theoretica,atlas_probability_statistics_causal_and_experimental_science_mediation_analysis,association,formalizes,0.82,true,association,atlas taxonomy
atlas_atlas_probability_statistics_causal_and_experimental_science_mediation_analysis_methods_an,atlas_probability_statistics_causal_and_experimental_science_mediation_analysis,association,method_for,0.82,true,association,atlas taxonomy
atlas_atlas_probability_statistics_causal_and_experimental_science_mediation_analysis_open_quest,atlas_probability_statistics_causal_and_experimental_science_mediation_analysis,association,investigates,0.72,true,association,atlas taxonomy
atlas_atlas_probability_statistics_causal_and_experimental_science_mediation_analysis_applicatio,atlas_probability_statistics_causal_and_experimental_science_mediation_analysis,application,application_of,0.82,true,application,atlas taxonomy
atlas_probability_statistics_causal_and_experimental_science_causal_graphs,atlas_probability_statistics_causal_and_experimental_science_potential_outcomes,interaction,related_to,0.62,false,interaction,atlas taxonomy
atlas_probability_statistics_causal_and_experimental_science_potential_outcomes,atlas_probability_statistics_causal_and_experimental_science_randomized_experiments,interaction,related_to,0.62,false,interaction,atlas taxonomy
atlas_probability_statistics_causal_and_experimental_science_randomized_experiments,atlas_probability_statistics_causal_and_experimental_science_quasi_experimental_design,interaction,related_to,0.62,false,interaction,atlas taxonomy
atlas_probability_statistics_causal_and_experimental_science_quasi_experimental_design,atlas_probability_statistics_causal_and_experimental_science_mediation_analysis,interaction,related_to,0.62,false,interaction,atlas taxonomy
atlas_probability_statistics_data_science,atlas_probability_statistics_domain,structure,part_of,0.96,true,structure,atlas taxonomy
atlas_probability_statistics_data_science_data_visualization,atlas_probability_statistics_data_science,structure,part_of,0.94,true,structure,atlas taxonomy
atlas_atlas_probability_statistics_data_science_data_visualization_theoretical_foundations,atlas_probability_statistics_data_science_data_visualization,association,formalizes,0.82,true,association,atlas taxonomy
atlas_atlas_probability_statistics_data_science_data_visualization_methods_and_instruments,atlas_probability_statistics_data_science_data_visualization,association,method_for,0.82,true,association,atlas taxonomy
atlas_atlas_probability_statistics_data_science_data_visualization_open_questions,atlas_probability_statistics_data_science_data_visualization,association,investigates,0.72,true,association,atlas taxonomy
atlas_atlas_probability_statistics_data_science_data_visualization_applications_and_implications,atlas_probability_statistics_data_science_data_visualization,application,application_of,0.82,true,application,atlas taxonomy
atlas_probability_statistics_data_science_dimensionality_reduction,atlas_probability_statistics_data_science,structure,part_of,0.94,true,structure,atlas taxonomy
atlas_atlas_probability_statistics_data_science_dimensionality_reduction_theoretical_foundations,atlas_probability_statistics_data_science_dimensionality_reduction,association,formalizes,0.82,true,association,atlas taxonomy
atlas_atlas_probability_statistics_data_science_dimensionality_reduction_methods_and_instruments,atlas_probability_statistics_data_science_dimensionality_reduction,association,method_for,0.82,true,association,atlas taxonomy
atlas_atlas_probability_statistics_data_science_dimensionality_reduction_open_questions,atlas_probability_statistics_data_science_dimensionality_reduction,association,investigates,0.72,true,association,atlas taxonomy
atlas_atlas_probability_statistics_data_science_dimensionality_reduction_applications_and_implic,atlas_probability_statistics_data_science_dimensionality_reduction,application,application_of,0.82,true,application,atlas taxonomy
atlas_probability_statistics_data_science_anomaly_detection,atlas_probability_statistics_data_science,structure,part_of,0.94,true,structure,atlas taxonomy
atlas_atlas_probability_statistics_data_science_anomaly_detection_theoretical_foundations,atlas_probability_statistics_data_science_anomaly_detection,association,formalizes,0.82,true,association,atlas taxonomy
atlas_atlas_probability_statistics_data_science_anomaly_detection_methods_and_instruments,atlas_probability_statistics_data_science_anomaly_detection,association,method_for,0.82,true,association,atlas taxonomy
atlas_atlas_probability_statistics_data_science_anomaly_detection_open_questions,atlas_probability_statistics_data_science_anomaly_detection,association,investigates,0.72,true,association,atlas taxonomy
atlas_atlas_probability_statistics_data_science_anomaly_detection_applications_and_implications,atlas_probability_statistics_data_science_anomaly_detection,application,application_of,0.82,true,application,atlas taxonomy
atlas_probability_statistics_data_science_data_integration,atlas_probability_statistics_data_science,structure,part_of,0.94,true,structure,atlas taxonomy
atlas_atlas_probability_statistics_data_science_data_integration_theoretical_foundations,atlas_probability_statistics_data_science_data_integration,association,formalizes,0.82,true,association,atlas taxonomy
atlas_atlas_probability_statistics_data_science_data_integration_methods_and_instruments,atlas_probability_statistics_data_science_data_integration,association,method_for,0.82,true,association,atlas taxonomy
atlas_atlas_probability_statistics_data_science_data_integration_open_questions,atlas_probability_statistics_data_science_data_integration,association,investigates,0.72,true,association,atlas taxonomy
atlas_atlas_probability_statistics_data_science_data_integration_applications_and_implications,atlas_probability_statistics_data_science_data_integration,application,application_of,0.82,true,application,atlas taxonomy
atlas_probability_statistics_data_science_reproducible_analytics,atlas_probability_statistics_data_science,structure,part_of,0.94,true,structure,atlas taxonomy
atlas_atlas_probability_statistics_data_science_reproducible_analytics_theoretical_foundations,atlas_probability_statistics_data_science_reproducible_analytics,association,formalizes,0.82,true,association,atlas taxonomy
atlas_atlas_probability_statistics_data_science_reproducible_analytics_methods_and_instruments,atlas_probability_statistics_data_science_reproducible_analytics,association,method_for,0.82,true,association,atlas taxonomy
atlas_atlas_probability_statistics_data_science_reproducible_analytics_open_questions,atlas_probability_statistics_data_science_reproducible_analytics,association,investigates,0.72,true,association,atlas taxonomy
atlas_atlas_probability_statistics_data_science_reproducible_analytics_applications_and_implicat,atlas_probability_statistics_data_science_reproducible_analytics,application,application_of,0.82,true,application,atlas taxonomy
atlas_probability_statistics_data_science_data_visualization,atlas_probability_statistics_data_science_dimensionality_reduction,interaction,related_to,0.62,false,interaction,atlas taxonomy
atlas_probability_statistics_data_science_dimensionality_reduction,atlas_probability_statistics_data_science_anomaly_detection,interaction,related_to,0.62,false,interaction,atlas taxonomy
atlas_probability_statistics_data_science_anomaly_detection,atlas_probability_statistics_data_science_data_integration,interaction,related_to,0.62,false,interaction,atlas taxonomy
atlas_probability_statistics_data_science_data_integration,atlas_probability_statistics_data_science_reproducible_analytics,interaction,related_to,0.62,false,interaction,atlas taxonomy
atlas_probability_statistics_probability,atlas_probability_statistics_mathematical_statistics,interaction,related_to,0.66,false,interaction,atlas taxonomy
atlas_probability_statistics_mathematical_statistics,atlas_probability_statistics_bayesian_science,interaction,related_to,0.66,false,interaction,atlas taxonomy
atlas_probability_statistics_bayesian_science,atlas_probability_statistics_causal_and_experimental_science,interaction,related_to,0.66,false,interaction,atlas taxonomy
atlas_probability_statistics_causal_and_experimental_science,atlas_probability_statistics_data_science,interaction,related_to,0.66,false,interaction,atlas taxonomy
atlas_fundamental_physics_classical_and_continuum_physics,atlas_fundamental_physics_domain,structure,part_of,0.96,true,structure,atlas taxonomy
atlas_fundamental_physics_classical_and_continuum_physics_analytical_mechanics,atlas_fundamental_physics_classical_and_continuum_physics,structure,part_of,0.94,true,structure,atlas taxonomy
atlas_atlas_fundamental_physics_classical_and_continuum_physics_analytical_mechanics_theoretical,atlas_fundamental_physics_classical_and_continuum_physics_analytical_mechanics,association,formalizes,0.82,true,association,atlas taxonomy
atlas_atlas_fundamental_physics_classical_and_continuum_physics_analytical_mechanics_methods_and,atlas_fundamental_physics_classical_and_continuum_physics_analytical_mechanics,association,method_for,0.82,true,association,atlas taxonomy
atlas_atlas_fundamental_physics_classical_and_continuum_physics_analytical_mechanics_open_questi,atlas_fundamental_physics_classical_and_continuum_physics_analytical_mechanics,association,investigates,0.72,true,association,atlas taxonomy
atlas_atlas_fundamental_physics_classical_and_continuum_physics_analytical_mechanics_application,atlas_fundamental_physics_classical_and_continuum_physics_analytical_mechanics,application,application_of,0.82,true,application,atlas taxonomy
atlas_fundamental_physics_classical_and_continuum_physics_continuum_mechanics,atlas_fundamental_physics_classical_and_continuum_physics,structure,part_of,0.94,true,structure,atlas taxonomy
atlas_atlas_fundamental_physics_classical_and_continuum_physics_continuum_mechanics_theoretical_,atlas_fundamental_physics_classical_and_continuum_physics_continuum_mechanics,association,formalizes,0.82,true,association,atlas taxonomy
atlas_atlas_fundamental_physics_classical_and_continuum_physics_continuum_mechanics_methods_and_,atlas_fundamental_physics_classical_and_continuum_physics_continuum_mechanics,association,method_for,0.82,true,association,atlas taxonomy
atlas_atlas_fundamental_physics_classical_and_continuum_physics_continuum_mechanics_open_questio,atlas_fundamental_physics_classical_and_continuum_physics_continuum_mechanics,association,investigates,0.72,true,association,atlas taxonomy
atlas_atlas_fundamental_physics_classical_and_continuum_physics_continuum_mechanics_applications,atlas_fundamental_physics_classical_and_continuum_physics_continuum_mechanics,application,application_of,0.82,true,application,atlas taxonomy
atlas_fundamental_physics_classical_and_continuum_physics_fluid_mechanics,atlas_fundamental_physics_classical_and_continuum_physics,structure,part_of,0.94,true,structure,atlas taxonomy
atlas_atlas_fundamental_physics_classical_and_continuum_physics_fluid_mechanics_theoretical_foun,atlas_fundamental_physics_classical_and_continuum_physics_fluid_mechanics,association,formalizes,0.82,true,association,atlas taxonomy
atlas_atlas_fundamental_physics_classical_and_continuum_physics_fluid_mechanics_methods_and_inst,atlas_fundamental_physics_classical_and_continuum_physics_fluid_mechanics,association,method_for,0.82,true,association,atlas taxonomy
atlas_atlas_fundamental_physics_classical_and_continuum_physics_fluid_mechanics_open_questions,atlas_fundamental_physics_classical_and_continuum_physics_fluid_mechanics,association,investigates,0.72,true,association,atlas taxonomy
atlas_atlas_fundamental_physics_classical_and_continuum_physics_fluid_mechanics_applications_and,atlas_fundamental_physics_classical_and_continuum_physics_fluid_mechanics,application,application_of,0.82,true,application,atlas taxonomy
atlas_fundamental_physics_classical_and_continuum_physics_classical_field_theory,atlas_fundamental_physics_classical_and_continuum_physics,structure,part_of,0.94,true,structure,atlas taxonomy
atlas_atlas_fundamental_physics_classical_and_continuum_physics_classical_field_theory_theoretic,atlas_fundamental_physics_classical_and_continuum_physics_classical_field_theory,association,formalizes,0.82,true,association,atlas taxonomy
atlas_atlas_fundamental_physics_classical_and_continuum_physics_classical_field_theory_methods_a,atlas_fundamental_physics_classical_and_continuum_physics_classical_field_theory,association,method_for,0.82,true,association,atlas taxonomy
atlas_atlas_fundamental_physics_classical_and_continuum_physics_classical_field_theory_open_ques,atlas_fundamental_physics_classical_and_continuum_physics_classical_field_theory,association,investigates,0.72,true,association,atlas taxonomy
atlas_atlas_fundamental_physics_classical_and_continuum_physics_classical_field_theory_applicati,atlas_fundamental_physics_classical_and_continuum_physics_classical_field_theory,application,application_of,0.82,true,application,atlas taxonomy
atlas_fundamental_physics_classical_and_continuum_physics_nonlinear_waves,atlas_fundamental_physics_classical_and_continuum_physics,structure,part_of,0.94,true,structure,atlas taxonomy
atlas_atlas_fundamental_physics_classical_and_continuum_physics_nonlinear_waves_theoretical_foun,atlas_fundamental_physics_classical_and_continuum_physics_nonlinear_waves,association,formalizes,0.82,true,association,atlas taxonomy
atlas_atlas_fundamental_physics_classical_and_continuum_physics_nonlinear_waves_methods_and_inst,atlas_fundamental_physics_classical_and_continuum_physics_nonlinear_waves,association,method_for,0.82,true,association,atlas taxonomy
atlas_atlas_fundamental_physics_classical_and_continuum_physics_nonlinear_waves_open_questions,atlas_fundamental_physics_classical_and_continuum_physics_nonlinear_waves,association,investigates,0.72,true,association,atlas taxonomy
atlas_atlas_fundamental_physics_classical_and_continuum_physics_nonlinear_waves_applications_and,atlas_fundamental_physics_classical_and_continuum_physics_nonlinear_waves,application,application_of,0.82,true,application,atlas taxonomy
atlas_fundamental_physics_classical_and_continuum_physics_analytical_mechanics,atlas_fundamental_physics_classical_and_continuum_physics_continuum_mechanics,interaction,related_to,0.62,false,interaction,atlas taxonomy
atlas_fundamental_physics_classical_and_continuum_physics_continuum_mechanics,atlas_fundamental_physics_classical_and_continuum_physics_fluid_mechanics,interaction,related_to,0.62,false,interaction,atlas taxonomy
atlas_fundamental_physics_classical_and_continuum_physics_fluid_mechanics,atlas_fundamental_physics_classical_and_continuum_physics_classical_field_theory,interaction,related_to,0.62,false,interaction,atlas taxonomy
atlas_fundamental_physics_classical_and_continuum_physics_classical_field_theory,atlas_fundamental_physics_classical_and_continuum_physics_nonlinear_waves,interaction,related_to,0.62,false,interaction,atlas taxonomy
atlas_fundamental_physics_quantum_physics,atlas_fundamental_physics_domain,structure,part_of,0.96,true,structure,atlas taxonomy
atlas_fundamental_physics_quantum_physics_quantum_foundations,atlas_fundamental_physics_quantum_physics,structure,part_of,0.94,true,structure,atlas taxonomy
atlas_atlas_fundamental_physics_quantum_physics_quantum_foundations_theoretical_foundations,atlas_fundamental_physics_quantum_physics_quantum_foundations,association,formalizes,0.82,true,association,atlas taxonomy
atlas_atlas_fundamental_physics_quantum_physics_quantum_foundations_methods_and_instruments,atlas_fundamental_physics_quantum_physics_quantum_foundations,association,method_for,0.82,true,association,atlas taxonomy
atlas_atlas_fundamental_physics_quantum_physics_quantum_foundations_open_questions,atlas_fundamental_physics_quantum_physics_quantum_foundations,association,investigates,0.72,true,association,atlas taxonomy
atlas_atlas_fundamental_physics_quantum_physics_quantum_foundations_applications_and_implication,atlas_fundamental_physics_quantum_physics_quantum_foundations,application,application_of,0.82,true,application,atlas taxonomy
atlas_fundamental_physics_quantum_physics_quantum_measurement,atlas_fundamental_physics_quantum_physics,structure,part_of,0.94,true,structure,atlas taxonomy
atlas_atlas_fundamental_physics_quantum_physics_quantum_measurement_theoretical_foundations,atlas_fundamental_physics_quantum_physics_quantum_measurement,association,formalizes,0.82,true,association,atlas taxonomy
atlas_atlas_fundamental_physics_quantum_physics_quantum_measurement_methods_and_instruments,atlas_fundamental_physics_quantum_physics_quantum_measurement,association,method_for,0.82,true,association,atlas taxonomy
atlas_atlas_fundamental_physics_quantum_physics_quantum_measurement_open_questions,atlas_fundamental_physics_quantum_physics_quantum_measurement,association,investigates,0.72,true,association,atlas taxonomy
atlas_atlas_fundamental_physics_quantum_physics_quantum_measurement_applications_and_implication,atlas_fundamental_physics_quantum_physics_quantum_measurement,application,application_of,0.82,true,application,atlas taxonomy
atlas_fundamental_physics_quantum_physics_open_quantum_systems,atlas_fundamental_physics_quantum_physics,structure,part_of,0.94,true,structure,atlas taxonomy
atlas_atlas_fundamental_physics_quantum_physics_open_quantum_systems_theoretical_foundations,atlas_fundamental_physics_quantum_physics_open_quantum_systems,association,formalizes,0.82,true,association,atlas taxonomy
atlas_atlas_fundamental_physics_quantum_physics_open_quantum_systems_methods_and_instruments,atlas_fundamental_physics_quantum_physics_open_quantum_systems,association,method_for,0.82,true,association,atlas taxonomy
atlas_atlas_fundamental_physics_quantum_physics_open_quantum_systems_open_questions,atlas_fundamental_physics_quantum_physics_open_quantum_systems,association,investigates,0.72,true,association,atlas taxonomy
atlas_atlas_fundamental_physics_quantum_physics_open_quantum_systems_applications_and_implicatio,atlas_fundamental_physics_quantum_physics_open_quantum_systems,application,application_of,0.82,true,application,atlas taxonomy
atlas_fundamental_physics_quantum_physics_many_body_quantum_theory,atlas_fundamental_physics_quantum_physics,structure,part_of,0.94,true,structure,atlas taxonomy
atlas_atlas_fundamental_physics_quantum_physics_many_body_quantum_theory_theoretical_foundations,atlas_fundamental_physics_quantum_physics_many_body_quantum_theory,association,formalizes,0.82,true,association,atlas taxonomy
atlas_atlas_fundamental_physics_quantum_physics_many_body_quantum_theory_methods_and_instruments,atlas_fundamental_physics_quantum_physics_many_body_quantum_theory,association,method_for,0.82,true,association,atlas taxonomy
atlas_atlas_fundamental_physics_quantum_physics_many_body_quantum_theory_open_questions,atlas_fundamental_physics_quantum_physics_many_body_quantum_theory,association,investigates,0.72,true,association,atlas taxonomy
atlas_atlas_fundamental_physics_quantum_physics_many_body_quantum_theory_applications_and_implic,atlas_fundamental_physics_quantum_physics_many_body_quantum_theory,application,application_of,0.82,true,application,atlas taxonomy
atlas_fundamental_physics_quantum_physics_quantum_information,atlas_fundamental_physics_quantum_physics,structure,part_of,0.94,true,structure,atlas taxonomy
atlas_atlas_fundamental_physics_quantum_physics_quantum_information_theoretical_foundations,atlas_fundamental_physics_quantum_physics_quantum_information,association,formalizes,0.82,true,association,atlas taxonomy
atlas_atlas_fundamental_physics_quantum_physics_quantum_information_methods_and_instruments,atlas_fundamental_physics_quantum_physics_quantum_information,association,method_for,0.82,true,association,atlas taxonomy
atlas_atlas_fundamental_physics_quantum_physics_quantum_information_open_questions,atlas_fundamental_physics_quantum_physics_quantum_information,association,investigates,0.72,true,association,atlas taxonomy
atlas_atlas_fundamental_physics_quantum_physics_quantum_information_applications_and_implication,atlas_fundamental_physics_quantum_physics_quantum_information,application,application_of,0.82,true,application,atlas taxonomy
atlas_fundamental_physics_quantum_physics_quantum_foundations,atlas_fundamental_physics_quantum_physics_quantum_measurement,interaction,related_to,0.62,false,interaction,atlas taxonomy
atlas_fundamental_physics_quantum_physics_quantum_measurement,atlas_fundamental_physics_quantum_physics_open_quantum_systems,interaction,related_to,0.62,false,interaction,atlas taxonomy
atlas_fundamental_physics_quantum_physics_open_quantum_systems,atlas_fundamental_physics_quantum_physics_many_body_quantum_theory,interaction,related_to,0.62,false,interaction,atlas taxonomy
atlas_fundamental_physics_quantum_physics_many_body_quantum_theory,atlas_fundamental_physics_quantum_physics_quantum_information,interaction,related_to,0.62,false,interaction,atlas taxonomy
atlas_fundamental_physics_relativity_and_gravitation,atlas_fundamental_physics_domain,structure,part_of,0.96,true,structure,atlas taxonomy
special_relativity,atlas_fundamental_physics_relativity_and_gravitation,structure,part_of,0.94,true,structure,atlas taxonomy
atlas_special_relativity_theoretical_foundations,special_relativity,association,formalizes,0.82,true,association,atlas taxonomy
atlas_special_relativity_methods_and_instruments,special_relativity,association,method_for,0.82,true,association,atlas taxonomy
atlas_special_relativity_open_questions,special_relativity,association,investigates,0.72,true,association,atlas taxonomy
atlas_special_relativity_applications_and_implications,special_relativity,application,application_of,0.82,true,application,atlas taxonomy
general_relativity,atlas_fundamental_physics_relativity_and_gravitation,structure,part_of,0.94,true,structure,atlas taxonomy
atlas_general_relativity_theoretical_foundations,general_relativity,association,formalizes,0.82,true,association,atlas taxonomy
atlas_general_relativity_methods_and_instruments,general_relativity,association,method_for,0.82,true,association,atlas taxonomy
atlas_general_relativity_open_questions,general_relativity,association,investigates,0.72,true,association,atlas taxonomy
atlas_general_relativity_applications_and_implications,general_relativity,application,application_of,0.82,true,application,atlas taxonomy
atlas_fundamental_physics_relativity_and_gravitation_black_hole_physics,atlas_fundamental_physics_relativity_and_gravitation,structure,part_of,0.94,true,structure,atlas taxonomy
atlas_atlas_fundamental_physics_relativity_and_gravitation_black_hole_physics_theoretical_founda,atlas_fundamental_physics_relativity_and_gravitation_black_hole_physics,association,formalizes,0.82,true,association,atlas taxonomy
atlas_atlas_fundamental_physics_relativity_and_gravitation_black_hole_physics_methods_and_instru,atlas_fundamental_physics_relativity_and_gravitation_black_hole_physics,association,method_for,0.82,true,association,atlas taxonomy
atlas_atlas_fundamental_physics_relativity_and_gravitation_black_hole_physics_open_questions,atlas_fundamental_physics_relativity_and_gravitation_black_hole_physics,association,investigates,0.72,true,association,atlas taxonomy
atlas_atlas_fundamental_physics_relativity_and_gravitation_black_hole_physics_applications_and_i,atlas_fundamental_physics_relativity_and_gravitation_black_hole_physics,application,application_of,0.82,true,application,atlas taxonomy
atlas_fundamental_physics_relativity_and_gravitation_gravitational_radiation,atlas_fundamental_physics_relativity_and_gravitation,structure,part_of,0.94,true,structure,atlas taxonomy
atlas_atlas_fundamental_physics_relativity_and_gravitation_gravitational_radiation_theoretical_f,atlas_fundamental_physics_relativity_and_gravitation_gravitational_radiation,association,formalizes,0.82,true,association,atlas taxonomy
atlas_atlas_fundamental_physics_relativity_and_gravitation_gravitational_radiation_methods_and_i,atlas_fundamental_physics_relativity_and_gravitation_gravitational_radiation,association,method_for,0.82,true,association,atlas taxonomy
atlas_atlas_fundamental_physics_relativity_and_gravitation_gravitational_radiation_open_question,atlas_fundamental_physics_relativity_and_gravitation_gravitational_radiation,association,investigates,0.72,true,association,atlas taxonomy
atlas_atlas_fundamental_physics_relativity_and_gravitation_gravitational_radiation_applications_,atlas_fundamental_physics_relativity_and_gravitation_gravitational_radiation,application,application_of,0.82,true,application,atlas taxonomy
atlas_fundamental_physics_relativity_and_gravitation_relativistic_astrophysics,atlas_fundamental_physics_relativity_and_gravitation,structure,part_of,0.94,true,structure,atlas taxonomy
atlas_atlas_fundamental_physics_relativity_and_gravitation_relativistic_astrophysics_theoretical,atlas_fundamental_physics_relativity_and_gravitation_relativistic_astrophysics,association,formalizes,0.82,true,association,atlas taxonomy
atlas_atlas_fundamental_physics_relativity_and_gravitation_relativistic_astrophysics_methods_and,atlas_fundamental_physics_relativity_and_gravitation_relativistic_astrophysics,association,method_for,0.82,true,association,atlas taxonomy
atlas_atlas_fundamental_physics_relativity_and_gravitation_relativistic_astrophysics_open_questi,atlas_fundamental_physics_relativity_and_gravitation_relativistic_astrophysics,association,investigates,0.72,true,association,atlas taxonomy
atlas_atlas_fundamental_physics_relativity_and_gravitation_relativistic_astrophysics_application,atlas_fundamental_physics_relativity_and_gravitation_relativistic_astrophysics,application,application_of,0.82,true,application,atlas taxonomy
special_relativity,general_relativity,interaction,related_to,0.62,false,interaction,atlas taxonomy
general_relativity,atlas_fundamental_physics_relativity_and_gravitation_black_hole_physics,interaction,related_to,0.62,false,interaction,atlas taxonomy
atlas_fundamental_physics_relativity_and_gravitation_black_hole_physics,atlas_fundamental_physics_relativity_and_gravitation_gravitational_radiation,interaction,related_to,0.62,false,interaction,atlas taxonomy
atlas_fundamental_physics_relativity_and_gravitation_gravitational_radiation,atlas_fundamental_physics_relativity_and_gravitation_relativistic_astrophysics,interaction,related_to,0.62,false,interaction,atlas taxonomy
atlas_fundamental_physics_particle_and_nuclear_physics,atlas_fundamental_physics_domain,structure,part_of,0.96,true,structure,atlas taxonomy
atlas_fundamental_physics_particle_and_nuclear_physics_gauge_theories,atlas_fundamental_physics_particle_and_nuclear_physics,structure,part_of,0.94,true,structure,atlas taxonomy
atlas_atlas_fundamental_physics_particle_and_nuclear_physics_gauge_theories_theoretical_foundati,atlas_fundamental_physics_particle_and_nuclear_physics_gauge_theories,association,formalizes,0.82,true,association,atlas taxonomy
atlas_atlas_fundamental_physics_particle_and_nuclear_physics_gauge_theories_methods_and_instrume,atlas_fundamental_physics_particle_and_nuclear_physics_gauge_theories,association,method_for,0.82,true,association,atlas taxonomy
atlas_atlas_fundamental_physics_particle_and_nuclear_physics_gauge_theories_open_questions,atlas_fundamental_physics_particle_and_nuclear_physics_gauge_theories,association,investigates,0.72,true,association,atlas taxonomy
atlas_atlas_fundamental_physics_particle_and_nuclear_physics_gauge_theories_applications_and_imp,atlas_fundamental_physics_particle_and_nuclear_physics_gauge_theories,application,application_of,0.82,true,application,atlas taxonomy
atlas_fundamental_physics_particle_and_nuclear_physics_standard_model_phenomenology,atlas_fundamental_physics_particle_and_nuclear_physics,structure,part_of,0.94,true,structure,atlas taxonomy
atlas_atlas_fundamental_physics_particle_and_nuclear_physics_standard_model_phenomenology_theore,atlas_fundamental_physics_particle_and_nuclear_physics_standard_model_phenomenology,association,formalizes,0.82,true,association,atlas taxonomy
atlas_atlas_fundamental_physics_particle_and_nuclear_physics_standard_model_phenomenology_method,atlas_fundamental_physics_particle_and_nuclear_physics_standard_model_phenomenology,association,method_for,0.82,true,association,atlas taxonomy
atlas_atlas_fundamental_physics_particle_and_nuclear_physics_standard_model_phenomenology_open_q,atlas_fundamental_physics_particle_and_nuclear_physics_standard_model_phenomenology,association,investigates,0.72,true,association,atlas taxonomy
atlas_atlas_fundamental_physics_particle_and_nuclear_physics_standard_model_phenomenology_applic,atlas_fundamental_physics_particle_and_nuclear_physics_standard_model_phenomenology,application,application_of,0.82,true,application,atlas taxonomy
atlas_fundamental_physics_particle_and_nuclear_physics_neutrino_physics,atlas_fundamental_physics_particle_and_nuclear_physics,structure,part_of,0.94,true,structure,atlas taxonomy
atlas_atlas_fundamental_physics_particle_and_nuclear_physics_neutrino_physics_theoretical_founda,atlas_fundamental_physics_particle_and_nuclear_physics_neutrino_physics,association,formalizes,0.82,true,association,atlas taxonomy
atlas_atlas_fundamental_physics_particle_and_nuclear_physics_neutrino_physics_methods_and_instru,atlas_fundamental_physics_particle_and_nuclear_physics_neutrino_physics,association,method_for,0.82,true,association,atlas taxonomy
atlas_atlas_fundamental_physics_particle_and_nuclear_physics_neutrino_physics_open_questions,atlas_fundamental_physics_particle_and_nuclear_physics_neutrino_physics,association,investigates,0.72,true,association,atlas taxonomy
atlas_atlas_fundamental_physics_particle_and_nuclear_physics_neutrino_physics_applications_and_i,atlas_fundamental_physics_particle_and_nuclear_physics_neutrino_physics,application,application_of,0.82,true,application,atlas taxonomy
atlas_fundamental_physics_particle_and_nuclear_physics_nuclear_structure,atlas_fundamental_physics_particle_and_nuclear_physics,structure,part_of,0.94,true,structure,atlas taxonomy
atlas_atlas_fundamental_physics_particle_and_nuclear_physics_nuclear_structure_theoretical_found,atlas_fundamental_physics_particle_and_nuclear_physics_nuclear_structure,association,formalizes,0.82,true,association,atlas taxonomy
atlas_atlas_fundamental_physics_particle_and_nuclear_physics_nuclear_structure_methods_and_instr,atlas_fundamental_physics_particle_and_nuclear_physics_nuclear_structure,association,method_for,0.82,true,association,atlas taxonomy
atlas_atlas_fundamental_physics_particle_and_nuclear_physics_nuclear_structure_open_questions,atlas_fundamental_physics_particle_and_nuclear_physics_nuclear_structure,association,investigates,0.72,true,association,atlas taxonomy
atlas_atlas_fundamental_physics_particle_and_nuclear_physics_nuclear_structure_applications_and_,atlas_fundamental_physics_particle_and_nuclear_physics_nuclear_structure,application,application_of,0.82,true,application,atlas taxonomy
atlas_fundamental_physics_particle_and_nuclear_physics_heavy_ion_collisions,atlas_fundamental_physics_particle_and_nuclear_physics,structure,part_of,0.94,true,structure,atlas taxonomy
atlas_atlas_fundamental_physics_particle_and_nuclear_physics_heavy_ion_collisions_theoretical_fo,atlas_fundamental_physics_particle_and_nuclear_physics_heavy_ion_collisions,association,formalizes,0.82,true,association,atlas taxonomy
atlas_atlas_fundamental_physics_particle_and_nuclear_physics_heavy_ion_collisions_methods_and_in,atlas_fundamental_physics_particle_and_nuclear_physics_heavy_ion_collisions,association,method_for,0.82,true,association,atlas taxonomy
atlas_atlas_fundamental_physics_particle_and_nuclear_physics_heavy_ion_collisions_open_questions,atlas_fundamental_physics_particle_and_nuclear_physics_heavy_ion_collisions,association,investigates,0.72,true,association,atlas taxonomy
atlas_atlas_fundamental_physics_particle_and_nuclear_physics_heavy_ion_collisions_applications_a,atlas_fundamental_physics_particle_and_nuclear_physics_heavy_ion_collisions,application,application_of,0.82,true,application,atlas taxonomy
atlas_fundamental_physics_particle_and_nuclear_physics_gauge_theories,atlas_fundamental_physics_particle_and_nuclear_physics_standard_model_phenomenology,interaction,related_to,0.62,false,interaction,atlas taxonomy
atlas_fundamental_physics_particle_and_nuclear_physics_standard_model_phenomenology,atlas_fundamental_physics_particle_and_nuclear_physics_neutrino_physics,interaction,related_to,0.62,false,interaction,atlas taxonomy
atlas_fundamental_physics_particle_and_nuclear_physics_neutrino_physics,atlas_fundamental_physics_particle_and_nuclear_physics_nuclear_structure,interaction,related_to,0.62,false,interaction,atlas taxonomy
atlas_fundamental_physics_particle_and_nuclear_physics_nuclear_structure,atlas_fundamental_physics_particle_and_nuclear_physics_heavy_ion_collisions,interaction,related_to,0.62,false,interaction,atlas taxonomy
atlas_fundamental_physics_statistical_and_nonlinear_physics,atlas_fundamental_physics_domain,structure,part_of,0.96,true,structure,atlas taxonomy
atlas_fundamental_physics_statistical_and_nonlinear_physics_equilibrium_ensembles,atlas_fundamental_physics_statistical_and_nonlinear_physics,structure,part_of,0.94,true,structure,atlas taxonomy
atlas_atlas_fundamental_physics_statistical_and_nonlinear_physics_equilibrium_ensembles_theoreti,atlas_fundamental_physics_statistical_and_nonlinear_physics_equilibrium_ensembles,association,formalizes,0.82,true,association,atlas taxonomy
atlas_atlas_fundamental_physics_statistical_and_nonlinear_physics_equilibrium_ensembles_methods_,atlas_fundamental_physics_statistical_and_nonlinear_physics_equilibrium_ensembles,association,method_for,0.82,true,association,atlas taxonomy
atlas_atlas_fundamental_physics_statistical_and_nonlinear_physics_equilibrium_ensembles_open_que,atlas_fundamental_physics_statistical_and_nonlinear_physics_equilibrium_ensembles,association,investigates,0.72,true,association,atlas taxonomy
atlas_atlas_fundamental_physics_statistical_and_nonlinear_physics_equilibrium_ensembles_applicat,atlas_fundamental_physics_statistical_and_nonlinear_physics_equilibrium_ensembles,application,application_of,0.82,true,application,atlas taxonomy
atlas_fundamental_physics_statistical_and_nonlinear_physics_nonequilibrium_thermodynamics,atlas_fundamental_physics_statistical_and_nonlinear_physics,structure,part_of,0.94,true,structure,atlas taxonomy
atlas_atlas_fundamental_physics_statistical_and_nonlinear_physics_nonequilibrium_thermodynamics_,atlas_fundamental_physics_statistical_and_nonlinear_physics_nonequilibrium_thermodynamics,association,formalizes,0.82,true,association,atlas taxonomy
atlas_atlas_fundamental_physics_statistical_and_nonlinear_physics_nonequilibrium_thermodynamics_,atlas_fundamental_physics_statistical_and_nonlinear_physics_nonequilibrium_thermodynamics,application,application_of,0.82,true,application,atlas taxonomy
atlas_fundamental_physics_statistical_and_nonlinear_physics_phase_transitions,atlas_fundamental_physics_statistical_and_nonlinear_physics,structure,part_of,0.94,true,structure,atlas taxonomy
atlas_atlas_fundamental_physics_statistical_and_nonlinear_physics_phase_transitions_theoretical_,atlas_fundamental_physics_statistical_and_nonlinear_physics_phase_transitions,association,formalizes,0.82,true,association,atlas taxonomy
atlas_atlas_fundamental_physics_statistical_and_nonlinear_physics_phase_transitions_methods_and_,atlas_fundamental_physics_statistical_and_nonlinear_physics_phase_transitions,association,method_for,0.82,true,association,atlas taxonomy
atlas_atlas_fundamental_physics_statistical_and_nonlinear_physics_phase_transitions_open_questio,atlas_fundamental_physics_statistical_and_nonlinear_physics_phase_transitions,association,investigates,0.72,true,association,atlas taxonomy
atlas_atlas_fundamental_physics_statistical_and_nonlinear_physics_phase_transitions_applications,atlas_fundamental_physics_statistical_and_nonlinear_physics_phase_transitions,application,application_of,0.82,true,application,atlas taxonomy
atlas_fundamental_physics_statistical_and_nonlinear_physics_critical_phenomena,atlas_fundamental_physics_statistical_and_nonlinear_physics,structure,part_of,0.94,true,structure,atlas taxonomy
atlas_atlas_fundamental_physics_statistical_and_nonlinear_physics_critical_phenomena_theoretical,atlas_fundamental_physics_statistical_and_nonlinear_physics_critical_phenomena,association,formalizes,0.82,true,association,atlas taxonomy
atlas_atlas_fundamental_physics_statistical_and_nonlinear_physics_critical_phenomena_methods_and,atlas_fundamental_physics_statistical_and_nonlinear_physics_critical_phenomena,association,method_for,0.82,true,association,atlas taxonomy
atlas_atlas_fundamental_physics_statistical_and_nonlinear_physics_critical_phenomena_open_questi,atlas_fundamental_physics_statistical_and_nonlinear_physics_critical_phenomena,association,investigates,0.72,true,association,atlas taxonomy
atlas_atlas_fundamental_physics_statistical_and_nonlinear_physics_critical_phenomena_application,atlas_fundamental_physics_statistical_and_nonlinear_physics_critical_phenomena,application,application_of,0.82,true,application,atlas taxonomy
atlas_fundamental_physics_statistical_and_nonlinear_physics_chaos_and_turbulence,atlas_fundamental_physics_statistical_and_nonlinear_physics,structure,part_of,0.94,true,structure,atlas taxonomy
atlas_atlas_fundamental_physics_statistical_and_nonlinear_physics_chaos_and_turbulence_theoretic,atlas_fundamental_physics_statistical_and_nonlinear_physics_chaos_and_turbulence,association,formalizes,0.82,true,association,atlas taxonomy
atlas_atlas_fundamental_physics_statistical_and_nonlinear_physics_chaos_and_turbulence_methods_a,atlas_fundamental_physics_statistical_and_nonlinear_physics_chaos_and_turbulence,association,method_for,0.82,true,association,atlas taxonomy
atlas_atlas_fundamental_physics_statistical_and_nonlinear_physics_chaos_and_turbulence_open_ques,atlas_fundamental_physics_statistical_and_nonlinear_physics_chaos_and_turbulence,association,investigates,0.72,true,association,atlas taxonomy
atlas_atlas_fundamental_physics_statistical_and_nonlinear_physics_chaos_and_turbulence_applicati,atlas_fundamental_physics_statistical_and_nonlinear_physics_chaos_and_turbulence,application,application_of,0.82,true,application,atlas taxonomy
atlas_fundamental_physics_statistical_and_nonlinear_physics_equilibrium_ensembles,atlas_fundamental_physics_statistical_and_nonlinear_physics_nonequilibrium_thermodynamics,interaction,related_to,0.62,false,interaction,atlas taxonomy
atlas_fundamental_physics_statistical_and_nonlinear_physics_nonequilibrium_thermodynamics,atlas_fundamental_physics_statistical_and_nonlinear_physics_phase_transitions,interaction,related_to,0.62,false,interaction,atlas taxonomy
atlas_fundamental_physics_statistical_and_nonlinear_physics_phase_transitions,atlas_fundamental_physics_statistical_and_nonlinear_physics_critical_phenomena,interaction,related_to,0.62,false,interaction,atlas taxonomy
atlas_fundamental_physics_statistical_and_nonlinear_physics_critical_phenomena,atlas_fundamental_physics_statistical_and_nonlinear_physics_chaos_and_turbulence,interaction,related_to,0.62,false,interaction,atlas taxonomy
atlas_fundamental_physics_classical_and_continuum_physics,atlas_fundamental_physics_quantum_physics,interaction,related_to,0.66,false,interaction,atlas taxonomy
atlas_fundamental_physics_quantum_physics,atlas_fundamental_physics_relativity_and_gravitation,interaction,related_to,0.66,false,interaction,atlas taxonomy
atlas_fundamental_physics_relativity_and_gravitation,atlas_fundamental_physics_particle_and_nuclear_physics,interaction,related_to,0.66,false,interaction,atlas taxonomy
atlas_fundamental_physics_particle_and_nuclear_physics,atlas_fundamental_physics_statistical_and_nonlinear_physics,interaction,related_to,0.66,false,interaction,atlas taxonomy
atlas_astronomy_cosmology_observational_astronomy,atlas_astronomy_cosmology_domain,structure,part_of,0.96,true,structure,atlas taxonomy
atlas_astronomy_cosmology_observational_astronomy_optical_astronomy,atlas_astronomy_cosmology_observational_astronomy,structure,part_of,0.94,true,structure,atlas taxonomy
atlas_atlas_astronomy_cosmology_observational_astronomy_optical_astronomy_theoretical_foundation,atlas_astronomy_cosmology_observational_astronomy_optical_astronomy,association,formalizes,0.82,true,association,atlas taxonomy
atlas_atlas_astronomy_cosmology_observational_astronomy_optical_astronomy_methods_and_instrument,atlas_astronomy_cosmology_observational_astronomy_optical_astronomy,association,method_for,0.82,true,association,atlas taxonomy
atlas_atlas_astronomy_cosmology_observational_astronomy_optical_astronomy_open_questions,atlas_astronomy_cosmology_observational_astronomy_optical_astronomy,association,investigates,0.72,true,association,atlas taxonomy
atlas_atlas_astronomy_cosmology_observational_astronomy_optical_astronomy_applications_and_impli,atlas_astronomy_cosmology_observational_astronomy_optical_astronomy,application,application_of,0.82,true,application,atlas taxonomy
atlas_astronomy_cosmology_observational_astronomy_radio_astronomy,atlas_astronomy_cosmology_observational_astronomy,structure,part_of,0.94,true,structure,atlas taxonomy
atlas_atlas_astronomy_cosmology_observational_astronomy_radio_astronomy_theoretical_foundations,atlas_astronomy_cosmology_observational_astronomy_radio_astronomy,association,formalizes,0.82,true,association,atlas taxonomy
atlas_atlas_astronomy_cosmology_observational_astronomy_radio_astronomy_methods_and_instruments,atlas_astronomy_cosmology_observational_astronomy_radio_astronomy,association,method_for,0.82,true,association,atlas taxonomy
atlas_atlas_astronomy_cosmology_observational_astronomy_radio_astronomy_open_questions,atlas_astronomy_cosmology_observational_astronomy_radio_astronomy,association,investigates,0.72,true,association,atlas taxonomy
atlas_atlas_astronomy_cosmology_observational_astronomy_radio_astronomy_applications_and_implica,atlas_astronomy_cosmology_observational_astronomy_radio_astronomy,application,application_of,0.82,true,application,atlas taxonomy
atlas_astronomy_cosmology_observational_astronomy_infrared_astronomy,atlas_astronomy_cosmology_observational_astronomy,structure,part_of,0.94,true,structure,atlas taxonomy
atlas_atlas_astronomy_cosmology_observational_astronomy_infrared_astronomy_theoretical_foundatio,atlas_astronomy_cosmology_observational_astronomy_infrared_astronomy,association,formalizes,0.82,true,association,atlas taxonomy
atlas_atlas_astronomy_cosmology_observational_astronomy_infrared_astronomy_methods_and_instrumen,atlas_astronomy_cosmology_observational_astronomy_infrared_astronomy,association,method_for,0.82,true,association,atlas taxonomy
atlas_atlas_astronomy_cosmology_observational_astronomy_infrared_astronomy_open_questions,atlas_astronomy_cosmology_observational_astronomy_infrared_astronomy,association,investigates,0.72,true,association,atlas taxonomy
atlas_atlas_astronomy_cosmology_observational_astronomy_infrared_astronomy_applications_and_impl,atlas_astronomy_cosmology_observational_astronomy_infrared_astronomy,application,application_of,0.82,true,application,atlas taxonomy
atlas_astronomy_cosmology_observational_astronomy_high_energy_astronomy,atlas_astronomy_cosmology_observational_astronomy,structure,part_of,0.94,true,structure,atlas taxonomy
atlas_atlas_astronomy_cosmology_observational_astronomy_high_energy_astronomy_theoretical_founda,atlas_astronomy_cosmology_observational_astronomy_high_energy_astronomy,association,formalizes,0.82,true,association,atlas taxonomy
atlas_atlas_astronomy_cosmology_observational_astronomy_high_energy_astronomy_methods_and_instru,atlas_astronomy_cosmology_observational_astronomy_high_energy_astronomy,association,method_for,0.82,true,association,atlas taxonomy
atlas_atlas_astronomy_cosmology_observational_astronomy_high_energy_astronomy_open_questions,atlas_astronomy_cosmology_observational_astronomy_high_energy_astronomy,association,investigates,0.72,true,association,atlas taxonomy
atlas_atlas_astronomy_cosmology_observational_astronomy_high_energy_astronomy_applications_and_i,atlas_astronomy_cosmology_observational_astronomy_high_energy_astronomy,application,application_of,0.82,true,application,atlas taxonomy
atlas_astronomy_cosmology_observational_astronomy_time_domain_astronomy,atlas_astronomy_cosmology_observational_astronomy,structure,part_of,0.94,true,structure,atlas taxonomy
atlas_atlas_astronomy_cosmology_observational_astronomy_time_domain_astronomy_theoretical_founda,atlas_astronomy_cosmology_observational_astronomy_time_domain_astronomy,association,formalizes,0.82,true,association,atlas taxonomy
atlas_atlas_astronomy_cosmology_observational_astronomy_time_domain_astronomy_methods_and_instru,atlas_astronomy_cosmology_observational_astronomy_time_domain_astronomy,association,method_for,0.82,true,association,atlas taxonomy
atlas_atlas_astronomy_cosmology_observational_astronomy_time_domain_astronomy_open_questions,atlas_astronomy_cosmology_observational_astronomy_time_domain_astronomy,association,investigates,0.72,true,association,atlas taxonomy
atlas_atlas_astronomy_cosmology_observational_astronomy_time_domain_astronomy_applications_and_i,atlas_astronomy_cosmology_observational_astronomy_time_domain_astronomy,application,application_of,0.82,true,application,atlas taxonomy
atlas_astronomy_cosmology_observational_astronomy_optical_astronomy,atlas_astronomy_cosmology_observational_astronomy_radio_astronomy,interaction,related_to,0.62,false,interaction,atlas taxonomy
atlas_astronomy_cosmology_observational_astronomy_radio_astronomy,atlas_astronomy_cosmology_observational_astronomy_infrared_astronomy,interaction,related_to,0.62,false,interaction,atlas taxonomy
atlas_astronomy_cosmology_observational_astronomy_infrared_astronomy,atlas_astronomy_cosmology_observational_astronomy_high_energy_astronomy,interaction,related_to,0.62,false,interaction,atlas taxonomy
atlas_astronomy_cosmology_observational_astronomy_high_energy_astronomy,atlas_astronomy_cosmology_observational_astronomy_time_domain_astronomy,interaction,related_to,0.62,false,interaction,atlas taxonomy
atlas_astronomy_cosmology_stellar_and_galactic_astrophysics,atlas_astronomy_cosmology_domain,structure,part_of,0.96,true,structure,atlas taxonomy
atlas_astronomy_cosmology_stellar_and_galactic_astrophysics_stellar_structure,atlas_astronomy_cosmology_stellar_and_galactic_astrophysics,structure,part_of,0.94,true,structure,atlas taxonomy
atlas_atlas_astronomy_cosmology_stellar_and_galactic_astrophysics_stellar_structure_theoretical_,atlas_astronomy_cosmology_stellar_and_galactic_astrophysics_stellar_structure,association,formalizes,0.82,true,association,atlas taxonomy
atlas_atlas_astronomy_cosmology_stellar_and_galactic_astrophysics_stellar_structure_methods_and_,atlas_astronomy_cosmology_stellar_and_galactic_astrophysics_stellar_structure,association,method_for,0.82,true,association,atlas taxonomy
atlas_atlas_astronomy_cosmology_stellar_and_galactic_astrophysics_stellar_structure_open_questio,atlas_astronomy_cosmology_stellar_and_galactic_astrophysics_stellar_structure,association,investigates,0.72,true,association,atlas taxonomy
atlas_atlas_astronomy_cosmology_stellar_and_galactic_astrophysics_stellar_structure_applications,atlas_astronomy_cosmology_stellar_and_galactic_astrophysics_stellar_structure,application,application_of,0.82,true,application,atlas taxonomy
atlas_astronomy_cosmology_stellar_and_galactic_astrophysics_stellar_nucleosynthesis,atlas_astronomy_cosmology_stellar_and_galactic_astrophysics,structure,part_of,0.94,true,structure,atlas taxonomy
atlas_atlas_astronomy_cosmology_stellar_and_galactic_astrophysics_stellar_nucleosynthesis_theore,atlas_astronomy_cosmology_stellar_and_galactic_astrophysics_stellar_nucleosynthesis,association,formalizes,0.82,true,association,atlas taxonomy
atlas_atlas_astronomy_cosmology_stellar_and_galactic_astrophysics_stellar_nucleosynthesis_method,atlas_astronomy_cosmology_stellar_and_galactic_astrophysics_stellar_nucleosynthesis,association,method_for,0.82,true,association,atlas taxonomy
atlas_atlas_astronomy_cosmology_stellar_and_galactic_astrophysics_stellar_nucleosynthesis_open_q,atlas_astronomy_cosmology_stellar_and_galactic_astrophysics_stellar_nucleosynthesis,association,investigates,0.72,true,association,atlas taxonomy
atlas_atlas_astronomy_cosmology_stellar_and_galactic_astrophysics_stellar_nucleosynthesis_applic,atlas_astronomy_cosmology_stellar_and_galactic_astrophysics_stellar_nucleosynthesis,application,application_of,0.82,true,application,atlas taxonomy
atlas_astronomy_cosmology_stellar_and_galactic_astrophysics_galaxy_formation,atlas_astronomy_cosmology_stellar_and_galactic_astrophysics,structure,part_of,0.94,true,structure,atlas taxonomy
atlas_atlas_astronomy_cosmology_stellar_and_galactic_astrophysics_galaxy_formation_theoretical_f,atlas_astronomy_cosmology_stellar_and_galactic_astrophysics_galaxy_formation,association,formalizes,0.82,true,association,atlas taxonomy
atlas_atlas_astronomy_cosmology_stellar_and_galactic_astrophysics_galaxy_formation_methods_and_i,atlas_astronomy_cosmology_stellar_and_galactic_astrophysics_galaxy_formation,association,method_for,0.82,true,association,atlas taxonomy
atlas_atlas_astronomy_cosmology_stellar_and_galactic_astrophysics_galaxy_formation_open_question,atlas_astronomy_cosmology_stellar_and_galactic_astrophysics_galaxy_formation,association,investigates,0.72,true,association,atlas taxonomy
atlas_atlas_astronomy_cosmology_stellar_and_galactic_astrophysics_galaxy_formation_applications_,atlas_astronomy_cosmology_stellar_and_galactic_astrophysics_galaxy_formation,application,application_of,0.82,true,application,atlas taxonomy
atlas_astronomy_cosmology_stellar_and_galactic_astrophysics_galactic_dynamics,atlas_astronomy_cosmology_stellar_and_galactic_astrophysics,structure,part_of,0.94,true,structure,atlas taxonomy
atlas_atlas_astronomy_cosmology_stellar_and_galactic_astrophysics_galactic_dynamics_theoretical_,atlas_astronomy_cosmology_stellar_and_galactic_astrophysics_galactic_dynamics,association,formalizes,0.82,true,association,atlas taxonomy
atlas_atlas_astronomy_cosmology_stellar_and_galactic_astrophysics_galactic_dynamics_methods_and_,atlas_astronomy_cosmology_stellar_and_galactic_astrophysics_galactic_dynamics,association,method_for,0.82,true,association,atlas taxonomy
atlas_atlas_astronomy_cosmology_stellar_and_galactic_astrophysics_galactic_dynamics_open_questio,atlas_astronomy_cosmology_stellar_and_galactic_astrophysics_galactic_dynamics,association,investigates,0.72,true,association,atlas taxonomy
atlas_atlas_astronomy_cosmology_stellar_and_galactic_astrophysics_galactic_dynamics_applications,atlas_astronomy_cosmology_stellar_and_galactic_astrophysics_galactic_dynamics,application,application_of,0.82,true,application,atlas taxonomy
atlas_astronomy_cosmology_stellar_and_galactic_astrophysics_interstellar_medium,atlas_astronomy_cosmology_stellar_and_galactic_astrophysics,structure,part_of,0.94,true,structure,atlas taxonomy
atlas_atlas_astronomy_cosmology_stellar_and_galactic_astrophysics_interstellar_medium_theoretica,atlas_astronomy_cosmology_stellar_and_galactic_astrophysics_interstellar_medium,association,formalizes,0.82,true,association,atlas taxonomy
atlas_atlas_astronomy_cosmology_stellar_and_galactic_astrophysics_interstellar_medium_methods_an,atlas_astronomy_cosmology_stellar_and_galactic_astrophysics_interstellar_medium,association,method_for,0.82,true,association,atlas taxonomy
atlas_atlas_astronomy_cosmology_stellar_and_galactic_astrophysics_interstellar_medium_open_quest,atlas_astronomy_cosmology_stellar_and_galactic_astrophysics_interstellar_medium,association,investigates,0.72,true,association,atlas taxonomy
atlas_atlas_astronomy_cosmology_stellar_and_galactic_astrophysics_interstellar_medium_applicatio,atlas_astronomy_cosmology_stellar_and_galactic_astrophysics_interstellar_medium,application,application_of,0.82,true,application,atlas taxonomy
atlas_astronomy_cosmology_stellar_and_galactic_astrophysics_stellar_structure,atlas_astronomy_cosmology_stellar_and_galactic_astrophysics_stellar_nucleosynthesis,interaction,related_to,0.62,false,interaction,atlas taxonomy
atlas_astronomy_cosmology_stellar_and_galactic_astrophysics_stellar_nucleosynthesis,atlas_astronomy_cosmology_stellar_and_galactic_astrophysics_galaxy_formation,interaction,related_to,0.62,false,interaction,atlas taxonomy
atlas_astronomy_cosmology_stellar_and_galactic_astrophysics_galaxy_formation,atlas_astronomy_cosmology_stellar_and_galactic_astrophysics_galactic_dynamics,interaction,related_to,0.62,false,interaction,atlas taxonomy
atlas_astronomy_cosmology_stellar_and_galactic_astrophysics_galactic_dynamics,atlas_astronomy_cosmology_stellar_and_galactic_astrophysics_interstellar_medium,interaction,related_to,0.62,false,interaction,atlas taxonomy
atlas_astronomy_cosmology_cosmology,atlas_astronomy_cosmology_domain,structure,part_of,0.96,true,structure,atlas taxonomy
atlas_astronomy_cosmology_cosmology_early_universe_physics,atlas_astronomy_cosmology_cosmology,structure,part_of,0.94,true,structure,atlas taxonomy
atlas_atlas_astronomy_cosmology_cosmology_early_universe_physics_theoretical_foundations,atlas_astronomy_cosmology_cosmology_early_universe_physics,association,formalizes,0.82,true,association,atlas taxonomy
atlas_atlas_astronomy_cosmology_cosmology_early_universe_physics_methods_and_instruments,atlas_astronomy_cosmology_cosmology_early_universe_physics,association,method_for,0.82,true,association,atlas taxonomy
atlas_atlas_astronomy_cosmology_cosmology_early_universe_physics_open_questions,atlas_astronomy_cosmology_cosmology_early_universe_physics,association,investigates,0.72,true,association,atlas taxonomy
atlas_atlas_astronomy_cosmology_cosmology_early_universe_physics_applications_and_implications,atlas_astronomy_cosmology_cosmology_early_universe_physics,application,application_of,0.82,true,application,atlas taxonomy
atlas_astronomy_cosmology_cosmology_cosmic_microwave_background,atlas_astronomy_cosmology_cosmology,structure,part_of,0.94,true,structure,atlas taxonomy
atlas_atlas_astronomy_cosmology_cosmology_cosmic_microwave_background_theoretical_foundations,atlas_astronomy_cosmology_cosmology_cosmic_microwave_background,association,formalizes,0.82,true,association,atlas taxonomy
atlas_atlas_astronomy_cosmology_cosmology_cosmic_microwave_background_methods_and_instruments,atlas_astronomy_cosmology_cosmology_cosmic_microwave_background,association,method_for,0.82,true,association,atlas taxonomy
atlas_atlas_astronomy_cosmology_cosmology_cosmic_microwave_background_open_questions,atlas_astronomy_cosmology_cosmology_cosmic_microwave_background,association,investigates,0.72,true,association,atlas taxonomy
atlas_atlas_astronomy_cosmology_cosmology_cosmic_microwave_background_applications_and_implicati,atlas_astronomy_cosmology_cosmology_cosmic_microwave_background,application,application_of,0.82,true,application,atlas taxonomy
atlas_astronomy_cosmology_cosmology_large_scale_structure,atlas_astronomy_cosmology_cosmology,structure,part_of,0.94,true,structure,atlas taxonomy
atlas_atlas_astronomy_cosmology_cosmology_large_scale_structure_theoretical_foundations,atlas_astronomy_cosmology_cosmology_large_scale_structure,association,formalizes,0.82,true,association,atlas taxonomy
atlas_atlas_astronomy_cosmology_cosmology_large_scale_structure_methods_and_instruments,atlas_astronomy_cosmology_cosmology_large_scale_structure,association,method_for,0.82,true,association,atlas taxonomy
atlas_atlas_astronomy_cosmology_cosmology_large_scale_structure_open_questions,atlas_astronomy_cosmology_cosmology_large_scale_structure,association,investigates,0.72,true,association,atlas taxonomy
atlas_atlas_astronomy_cosmology_cosmology_large_scale_structure_applications_and_implications,atlas_astronomy_cosmology_cosmology_large_scale_structure,application,application_of,0.82,true,application,atlas taxonomy
dark_matter,atlas_astronomy_cosmology_cosmology,structure,part_of,0.94,true,structure,atlas taxonomy
atlas_dark_matter_theoretical_foundations,dark_matter,association,formalizes,0.82,true,association,atlas taxonomy
atlas_dark_matter_methods_and_instruments,dark_matter,association,method_for,0.82,true,association,atlas taxonomy
atlas_dark_matter_open_questions,dark_matter,association,investigates,0.72,true,association,atlas taxonomy
atlas_dark_matter_applications_and_implications,dark_matter,application,application_of,0.82,true,application,atlas taxonomy
dark_energy,atlas_astronomy_cosmology_cosmology,structure,part_of,0.94,true,structure,atlas taxonomy
atlas_dark_energy_theoretical_foundations,dark_energy,association,formalizes,0.82,true,association,atlas taxonomy
atlas_dark_energy_methods_and_instruments,dark_energy,association,method_for,0.82,true,association,atlas taxonomy
atlas_dark_energy_open_questions,dark_energy,association,investigates,0.72,true,association,atlas taxonomy
atlas_dark_energy_applications_and_implications,dark_energy,application,application_of,0.82,true,application,atlas taxonomy
atlas_astronomy_cosmology_cosmology_early_universe_physics,atlas_astronomy_cosmology_cosmology_cosmic_microwave_background,interaction,related_to,0.62,false,interaction,atlas taxonomy
atlas_astronomy_cosmology_cosmology_cosmic_microwave_background,atlas_astronomy_cosmology_cosmology_large_scale_structure,interaction,related_to,0.62,false,interaction,atlas taxonomy
atlas_astronomy_cosmology_cosmology_large_scale_structure,dark_matter,interaction,related_to,0.62,false,interaction,atlas taxonomy
atlas_astronomy_cosmology_planetary_science,atlas_astronomy_cosmology_domain,structure,part_of,0.96,true,structure,atlas taxonomy
atlas_astronomy_cosmology_planetary_science_planet_formation,atlas_astronomy_cosmology_planetary_science,structure,part_of,0.94,true,structure,atlas taxonomy
atlas_atlas_astronomy_cosmology_planetary_science_planet_formation_theoretical_foundations,atlas_astronomy_cosmology_planetary_science_planet_formation,association,formalizes,0.82,true,association,atlas taxonomy
atlas_atlas_astronomy_cosmology_planetary_science_planet_formation_methods_and_instruments,atlas_astronomy_cosmology_planetary_science_planet_formation,association,method_for,0.82,true,association,atlas taxonomy
atlas_atlas_astronomy_cosmology_planetary_science_planet_formation_open_questions,atlas_astronomy_cosmology_planetary_science_planet_formation,association,investigates,0.72,true,association,atlas taxonomy
atlas_atlas_astronomy_cosmology_planetary_science_planet_formation_applications_and_implications,atlas_astronomy_cosmology_planetary_science_planet_formation,application,application_of,0.82,true,application,atlas taxonomy
atlas_astronomy_cosmology_planetary_science_planetary_atmospheres,atlas_astronomy_cosmology_planetary_science,structure,part_of,0.94,true,structure,atlas taxonomy
atlas_atlas_astronomy_cosmology_planetary_science_planetary_atmospheres_theoretical_foundations,atlas_astronomy_cosmology_planetary_science_planetary_atmospheres,association,formalizes,0.82,true,association,atlas taxonomy
atlas_atlas_astronomy_cosmology_planetary_science_planetary_atmospheres_methods_and_instruments,atlas_astronomy_cosmology_planetary_science_planetary_atmospheres,association,method_for,0.82,true,association,atlas taxonomy
atlas_atlas_astronomy_cosmology_planetary_science_planetary_atmospheres_open_questions,atlas_astronomy_cosmology_planetary_science_planetary_atmospheres,association,investigates,0.72,true,association,atlas taxonomy
atlas_atlas_astronomy_cosmology_planetary_science_planetary_atmospheres_applications_and_implica,atlas_astronomy_cosmology_planetary_science_planetary_atmospheres,application,application_of,0.82,true,application,atlas taxonomy
exoplanets,atlas_astronomy_cosmology_planetary_science,structure,part_of,0.94,true,structure,atlas taxonomy
atlas_exoplanets_theoretical_foundations,exoplanets,association,formalizes,0.82,true,association,atlas taxonomy
atlas_exoplanets_methods_and_instruments,exoplanets,association,method_for,0.82,true,association,atlas taxonomy
atlas_exoplanets_open_questions,exoplanets,association,investigates,0.72,true,association,atlas taxonomy
atlas_exoplanets_applications_and_implications,exoplanets,application,application_of,0.82,true,application,atlas taxonomy
atlas_astronomy_cosmology_planetary_science_small_solar_system_bodies,atlas_astronomy_cosmology_planetary_science,structure,part_of,0.94,true,structure,atlas taxonomy
atlas_atlas_astronomy_cosmology_planetary_science_small_solar_system_bodies_theoretical_foundati,atlas_astronomy_cosmology_planetary_science_small_solar_system_bodies,association,formalizes,0.82,true,association,atlas taxonomy
atlas_atlas_astronomy_cosmology_planetary_science_small_solar_system_bodies_methods_and_instrume,atlas_astronomy_cosmology_planetary_science_small_solar_system_bodies,association,method_for,0.82,true,association,atlas taxonomy
atlas_atlas_astronomy_cosmology_planetary_science_small_solar_system_bodies_open_questions,atlas_astronomy_cosmology_planetary_science_small_solar_system_bodies,association,investigates,0.72,true,association,atlas taxonomy
atlas_atlas_astronomy_cosmology_planetary_science_small_solar_system_bodies_applications_and_imp,atlas_astronomy_cosmology_planetary_science_small_solar_system_bodies,application,application_of,0.82,true,application,atlas taxonomy
atlas_astronomy_cosmology_planetary_science_planetary_geophysics,atlas_astronomy_cosmology_planetary_science,structure,part_of,0.94,true,structure,atlas taxonomy
atlas_atlas_astronomy_cosmology_planetary_science_planetary_geophysics_theoretical_foundations,atlas_astronomy_cosmology_planetary_science_planetary_geophysics,association,formalizes,0.82,true,association,atlas taxonomy
atlas_atlas_astronomy_cosmology_planetary_science_planetary_geophysics_methods_and_instruments,atlas_astronomy_cosmology_planetary_science_planetary_geophysics,association,method_for,0.82,true,association,atlas taxonomy
atlas_atlas_astronomy_cosmology_planetary_science_planetary_geophysics_open_questions,atlas_astronomy_cosmology_planetary_science_planetary_geophysics,association,investigates,0.72,true,association,atlas taxonomy
atlas_atlas_astronomy_cosmology_planetary_science_planetary_geophysics_applications_and_implicat,atlas_astronomy_cosmology_planetary_science_planetary_geophysics,application,application_of,0.82,true,application,atlas taxonomy
atlas_astronomy_cosmology_planetary_science_planet_formation,atlas_astronomy_cosmology_planetary_science_planetary_atmospheres,interaction,related_to,0.62,false,interaction,atlas taxonomy
atlas_astronomy_cosmology_planetary_science_planetary_atmospheres,exoplanets,interaction,related_to,0.62,false,interaction,atlas taxonomy
exoplanets,atlas_astronomy_cosmology_planetary_science_small_solar_system_bodies,interaction,related_to,0.62,false,interaction,atlas taxonomy
atlas_astronomy_cosmology_planetary_science_small_solar_system_bodies,atlas_astronomy_cosmology_planetary_science_planetary_geophysics,interaction,related_to,0.62,false,interaction,atlas taxonomy
atlas_astronomy_cosmology_space_and_astrobiology,atlas_astronomy_cosmology_domain,structure,part_of,0.96,true,structure,atlas taxonomy
atlas_astronomy_cosmology_space_and_astrobiology_space_weather,atlas_astronomy_cosmology_space_and_astrobiology,structure,part_of,0.94,true,structure,atlas taxonomy
atlas_atlas_astronomy_cosmology_space_and_astrobiology_space_weather_theoretical_foundations,atlas_astronomy_cosmology_space_and_astrobiology_space_weather,association,formalizes,0.82,true,association,atlas taxonomy
atlas_atlas_astronomy_cosmology_space_and_astrobiology_space_weather_methods_and_instruments,atlas_astronomy_cosmology_space_and_astrobiology_space_weather,association,method_for,0.82,true,association,atlas taxonomy
atlas_atlas_astronomy_cosmology_space_and_astrobiology_space_weather_open_questions,atlas_astronomy_cosmology_space_and_astrobiology_space_weather,association,investigates,0.72,true,association,atlas taxonomy
atlas_atlas_astronomy_cosmology_space_and_astrobiology_space_weather_applications_and_implicatio,atlas_astronomy_cosmology_space_and_astrobiology_space_weather,application,application_of,0.82,true,application,atlas taxonomy
atlas_astronomy_cosmology_space_and_astrobiology_heliophysics,atlas_astronomy_cosmology_space_and_astrobiology,structure,part_of,0.94,true,structure,atlas taxonomy
atlas_atlas_astronomy_cosmology_space_and_astrobiology_heliophysics_theoretical_foundations,atlas_astronomy_cosmology_space_and_astrobiology_heliophysics,association,formalizes,0.82,true,association,atlas taxonomy
atlas_atlas_astronomy_cosmology_space_and_astrobiology_heliophysics_methods_and_instruments,atlas_astronomy_cosmology_space_and_astrobiology_heliophysics,association,method_for,0.82,true,association,atlas taxonomy
atlas_atlas_astronomy_cosmology_space_and_astrobiology_heliophysics_open_questions,atlas_astronomy_cosmology_space_and_astrobiology_heliophysics,association,investigates,0.72,true,association,atlas taxonomy
atlas_atlas_astronomy_cosmology_space_and_astrobiology_heliophysics_applications_and_implication,atlas_astronomy_cosmology_space_and_astrobiology_heliophysics,application,application_of,0.82,true,application,atlas taxonomy
atlas_astronomy_cosmology_space_and_astrobiology_astrochemistry,atlas_astronomy_cosmology_space_and_astrobiology,structure,part_of,0.94,true,structure,atlas taxonomy
atlas_atlas_astronomy_cosmology_space_and_astrobiology_astrochemistry_theoretical_foundations,atlas_astronomy_cosmology_space_and_astrobiology_astrochemistry,association,formalizes,0.82,true,association,atlas taxonomy
atlas_atlas_astronomy_cosmology_space_and_astrobiology_astrochemistry_methods_and_instruments,atlas_astronomy_cosmology_space_and_astrobiology_astrochemistry,association,method_for,0.82,true,association,atlas taxonomy
atlas_atlas_astronomy_cosmology_space_and_astrobiology_astrochemistry_open_questions,atlas_astronomy_cosmology_space_and_astrobiology_astrochemistry,association,investigates,0.72,true,association,atlas taxonomy
atlas_atlas_astronomy_cosmology_space_and_astrobiology_astrochemistry_applications_and_implicati,atlas_astronomy_cosmology_space_and_astrobiology_astrochemistry,application,application_of,0.82,true,application,atlas taxonomy
atlas_astronomy_cosmology_space_and_astrobiology_habitability,atlas_astronomy_cosmology_space_and_astrobiology,structure,part_of,0.94,true,structure,atlas taxonomy
atlas_atlas_astronomy_cosmology_space_and_astrobiology_habitability_theoretical_foundations,atlas_astronomy_cosmology_space_and_astrobiology_habitability,association,formalizes,0.82,true,association,atlas taxonomy
atlas_atlas_astronomy_cosmology_space_and_astrobiology_habitability_methods_and_instruments,atlas_astronomy_cosmology_space_and_astrobiology_habitability,association,method_for,0.82,true,association,atlas taxonomy
atlas_atlas_astronomy_cosmology_space_and_astrobiology_habitability_open_questions,atlas_astronomy_cosmology_space_and_astrobiology_habitability,association,investigates,0.72,true,association,atlas taxonomy
atlas_atlas_astronomy_cosmology_space_and_astrobiology_habitability_applications_and_implication,atlas_astronomy_cosmology_space_and_astrobiology_habitability,application,application_of,0.82,true,application,atlas taxonomy
atlas_astronomy_cosmology_space_and_astrobiology_biosignatures,atlas_astronomy_cosmology_space_and_astrobiology,structure,part_of,0.94,true,structure,atlas taxonomy
atlas_atlas_astronomy_cosmology_space_and_astrobiology_biosignatures_theoretical_foundations,atlas_astronomy_cosmology_space_and_astrobiology_biosignatures,association,formalizes,0.82,true,association,atlas taxonomy
atlas_atlas_astronomy_cosmology_space_and_astrobiology_biosignatures_methods_and_instruments,atlas_astronomy_cosmology_space_and_astrobiology_biosignatures,association,method_for,0.82,true,association,atlas taxonomy
atlas_atlas_astronomy_cosmology_space_and_astrobiology_biosignatures_open_questions,atlas_astronomy_cosmology_space_and_astrobiology_biosignatures,association,investigates,0.72,true,association,atlas taxonomy
atlas_atlas_astronomy_cosmology_space_and_astrobiology_biosignatures_applications_and_implicatio,atlas_astronomy_cosmology_space_and_astrobiology_biosignatures,application,application_of,0.82,true,application,atlas taxonomy
atlas_astronomy_cosmology_space_and_astrobiology_space_weather,atlas_astronomy_cosmology_space_and_astrobiology_heliophysics,interaction,related_to,0.62,false,interaction,atlas taxonomy
atlas_astronomy_cosmology_space_and_astrobiology_heliophysics,atlas_astronomy_cosmology_space_and_astrobiology_astrochemistry,interaction,related_to,0.62,false,interaction,atlas taxonomy
atlas_astronomy_cosmology_space_and_astrobiology_astrochemistry,atlas_astronomy_cosmology_space_and_astrobiology_habitability,interaction,related_to,0.62,false,interaction,atlas taxonomy
atlas_astronomy_cosmology_space_and_astrobiology_habitability,atlas_astronomy_cosmology_space_and_astrobiology_biosignatures,interaction,related_to,0.62,false,interaction,atlas taxonomy
atlas_astronomy_cosmology_observational_astronomy,atlas_astronomy_cosmology_stellar_and_galactic_astrophysics,interaction,related_to,0.66,false,interaction,atlas taxonomy
atlas_astronomy_cosmology_stellar_and_galactic_astrophysics,atlas_astronomy_cosmology_cosmology,interaction,related_to,0.66,false,interaction,atlas taxonomy
atlas_astronomy_cosmology_cosmology,atlas_astronomy_cosmology_planetary_science,interaction,related_to,0.66,false,interaction,atlas taxonomy
atlas_astronomy_cosmology_planetary_science,atlas_astronomy_cosmology_space_and_astrobiology,interaction,related_to,0.66,false,interaction,atlas taxonomy
atlas_chemical_sciences_physical_chemistry,atlas_chemical_sciences_domain,structure,part_of,0.96,true,structure,atlas taxonomy
atlas_chemical_sciences_physical_chemistry_chemical_thermodynamics,atlas_chemical_sciences_physical_chemistry,structure,part_of,0.94,true,structure,atlas taxonomy
atlas_atlas_chemical_sciences_physical_chemistry_chemical_thermodynamics_theoretical_foundations,atlas_chemical_sciences_physical_chemistry_chemical_thermodynamics,association,formalizes,0.82,true,association,atlas taxonomy
atlas_atlas_chemical_sciences_physical_chemistry_chemical_thermodynamics_methods_and_instruments,atlas_chemical_sciences_physical_chemistry_chemical_thermodynamics,association,method_for,0.82,true,association,atlas taxonomy
atlas_atlas_chemical_sciences_physical_chemistry_chemical_thermodynamics_open_questions,atlas_chemical_sciences_physical_chemistry_chemical_thermodynamics,association,investigates,0.72,true,association,atlas taxonomy
atlas_atlas_chemical_sciences_physical_chemistry_chemical_thermodynamics_applications_and_implic,atlas_chemical_sciences_physical_chemistry_chemical_thermodynamics,application,application_of,0.82,true,application,atlas taxonomy
atlas_chemical_sciences_physical_chemistry_reaction_kinetics,atlas_chemical_sciences_physical_chemistry,structure,part_of,0.94,true,structure,atlas taxonomy
atlas_atlas_chemical_sciences_physical_chemistry_reaction_kinetics_theoretical_foundations,atlas_chemical_sciences_physical_chemistry_reaction_kinetics,association,formalizes,0.82,true,association,atlas taxonomy
atlas_atlas_chemical_sciences_physical_chemistry_reaction_kinetics_methods_and_instruments,atlas_chemical_sciences_physical_chemistry_reaction_kinetics,association,method_for,0.82,true,association,atlas taxonomy
atlas_atlas_chemical_sciences_physical_chemistry_reaction_kinetics_open_questions,atlas_chemical_sciences_physical_chemistry_reaction_kinetics,association,investigates,0.72,true,association,atlas taxonomy
atlas_atlas_chemical_sciences_physical_chemistry_reaction_kinetics_applications_and_implications,atlas_chemical_sciences_physical_chemistry_reaction_kinetics,application,application_of,0.82,true,application,atlas taxonomy
atlas_chemical_sciences_physical_chemistry_spectroscopy,atlas_chemical_sciences_physical_chemistry,structure,part_of,0.94,true,structure,atlas taxonomy
atlas_atlas_chemical_sciences_physical_chemistry_spectroscopy_theoretical_foundations,atlas_chemical_sciences_physical_chemistry_spectroscopy,association,formalizes,0.82,true,association,atlas taxonomy
atlas_atlas_chemical_sciences_physical_chemistry_spectroscopy_methods_and_instruments,atlas_chemical_sciences_physical_chemistry_spectroscopy,association,method_for,0.82,true,association,atlas taxonomy
atlas_atlas_chemical_sciences_physical_chemistry_spectroscopy_open_questions,atlas_chemical_sciences_physical_chemistry_spectroscopy,association,investigates,0.72,true,association,atlas taxonomy
atlas_atlas_chemical_sciences_physical_chemistry_spectroscopy_applications_and_implications,atlas_chemical_sciences_physical_chemistry_spectroscopy,application,application_of,0.82,true,application,atlas taxonomy
atlas_chemical_sciences_physical_chemistry_surface_chemistry,atlas_chemical_sciences_physical_chemistry,structure,part_of,0.94,true,structure,atlas taxonomy
atlas_atlas_chemical_sciences_physical_chemistry_surface_chemistry_theoretical_foundations,atlas_chemical_sciences_physical_chemistry_surface_chemistry,association,formalizes,0.82,true,association,atlas taxonomy
atlas_atlas_chemical_sciences_physical_chemistry_surface_chemistry_methods_and_instruments,atlas_chemical_sciences_physical_chemistry_surface_chemistry,association,method_for,0.82,true,association,atlas taxonomy
atlas_atlas_chemical_sciences_physical_chemistry_surface_chemistry_open_questions,atlas_chemical_sciences_physical_chemistry_surface_chemistry,association,investigates,0.72,true,association,atlas taxonomy
atlas_atlas_chemical_sciences_physical_chemistry_surface_chemistry_applications_and_implications,atlas_chemical_sciences_physical_chemistry_surface_chemistry,application,application_of,0.82,true,application,atlas taxonomy
atlas_chemical_sciences_physical_chemistry_electrochemistry,atlas_chemical_sciences_physical_chemistry,structure,part_of,0.94,true,structure,atlas taxonomy
atlas_atlas_chemical_sciences_physical_chemistry_electrochemistry_theoretical_foundations,atlas_chemical_sciences_physical_chemistry_electrochemistry,association,formalizes,0.82,true,association,atlas taxonomy
atlas_atlas_chemical_sciences_physical_chemistry_electrochemistry_methods_and_instruments,atlas_chemical_sciences_physical_chemistry_electrochemistry,association,method_for,0.82,true,association,atlas taxonomy
atlas_atlas_chemical_sciences_physical_chemistry_electrochemistry_open_questions,atlas_chemical_sciences_physical_chemistry_electrochemistry,association,investigates,0.72,true,association,atlas taxonomy
atlas_atlas_chemical_sciences_physical_chemistry_electrochemistry_applications_and_implications,atlas_chemical_sciences_physical_chemistry_electrochemistry,application,application_of,0.82,true,application,atlas taxonomy
atlas_chemical_sciences_physical_chemistry_chemical_thermodynamics,atlas_chemical_sciences_physical_chemistry_reaction_kinetics,interaction,related_to,0.62,false,interaction,atlas taxonomy
atlas_chemical_sciences_physical_chemistry_reaction_kinetics,atlas_chemical_sciences_physical_chemistry_spectroscopy,interaction,related_to,0.62,false,interaction,atlas taxonomy
atlas_chemical_sciences_physical_chemistry_spectroscopy,atlas_chemical_sciences_physical_chemistry_surface_chemistry,interaction,related_to,0.62,false,interaction,atlas taxonomy
atlas_chemical_sciences_physical_chemistry_surface_chemistry,atlas_chemical_sciences_physical_chemistry_electrochemistry,interaction,related_to,0.62,false,interaction,atlas taxonomy
organic_chemistry,atlas_chemical_sciences_domain,structure,part_of,0.96,true,structure,atlas taxonomy
atlas_chemical_sciences_organic_chemistry_reaction_mechanisms,organic_chemistry,structure,part_of,0.94,true,structure,atlas taxonomy
atlas_atlas_chemical_sciences_organic_chemistry_reaction_mechanisms_theoretical_foundations,atlas_chemical_sciences_organic_chemistry_reaction_mechanisms,association,formalizes,0.82,true,association,atlas taxonomy
atlas_atlas_chemical_sciences_organic_chemistry_reaction_mechanisms_methods_and_instruments,atlas_chemical_sciences_organic_chemistry_reaction_mechanisms,association,method_for,0.82,true,association,atlas taxonomy
atlas_atlas_chemical_sciences_organic_chemistry_reaction_mechanisms_open_questions,atlas_chemical_sciences_organic_chemistry_reaction_mechanisms,association,investigates,0.72,true,association,atlas taxonomy
atlas_atlas_chemical_sciences_organic_chemistry_reaction_mechanisms_applications_and_implication,atlas_chemical_sciences_organic_chemistry_reaction_mechanisms,application,application_of,0.82,true,application,atlas taxonomy
atlas_chemical_sciences_organic_chemistry_stereochemistry,organic_chemistry,structure,part_of,0.94,true,structure,atlas taxonomy
atlas_atlas_chemical_sciences_organic_chemistry_stereochemistry_theoretical_foundations,atlas_chemical_sciences_organic_chemistry_stereochemistry,association,formalizes,0.82,true,association,atlas taxonomy
atlas_atlas_chemical_sciences_organic_chemistry_stereochemistry_methods_and_instruments,atlas_chemical_sciences_organic_chemistry_stereochemistry,association,method_for,0.82,true,association,atlas taxonomy
atlas_atlas_chemical_sciences_organic_chemistry_stereochemistry_open_questions,atlas_chemical_sciences_organic_chemistry_stereochemistry,association,investigates,0.72,true,association,atlas taxonomy
atlas_atlas_chemical_sciences_organic_chemistry_stereochemistry_applications_and_implications,atlas_chemical_sciences_organic_chemistry_stereochemistry,application,application_of,0.82,true,application,atlas taxonomy
atlas_chemical_sciences_organic_chemistry_organic_synthesis,organic_chemistry,structure,part_of,0.94,true,structure,atlas taxonomy
atlas_atlas_chemical_sciences_organic_chemistry_organic_synthesis_theoretical_foundations,atlas_chemical_sciences_organic_chemistry_organic_synthesis,association,formalizes,0.82,true,association,atlas taxonomy
atlas_atlas_chemical_sciences_organic_chemistry_organic_synthesis_methods_and_instruments,atlas_chemical_sciences_organic_chemistry_organic_synthesis,association,method_for,0.82,true,association,atlas taxonomy
atlas_atlas_chemical_sciences_organic_chemistry_organic_synthesis_open_questions,atlas_chemical_sciences_organic_chemistry_organic_synthesis,association,investigates,0.72,true,association,atlas taxonomy
atlas_atlas_chemical_sciences_organic_chemistry_organic_synthesis_applications_and_implications,atlas_chemical_sciences_organic_chemistry_organic_synthesis,application,application_of,0.82,true,application,atlas taxonomy
atlas_chemical_sciences_organic_chemistry_organometallic_chemistry,organic_chemistry,structure,part_of,0.94,true,structure,atlas taxonomy
atlas_atlas_chemical_sciences_organic_chemistry_organometallic_chemistry_theoretical_foundations,atlas_chemical_sciences_organic_chemistry_organometallic_chemistry,association,formalizes,0.82,true,association,atlas taxonomy
atlas_atlas_chemical_sciences_organic_chemistry_organometallic_chemistry_methods_and_instruments,atlas_chemical_sciences_organic_chemistry_organometallic_chemistry,association,method_for,0.82,true,association,atlas taxonomy
atlas_atlas_chemical_sciences_organic_chemistry_organometallic_chemistry_open_questions,atlas_chemical_sciences_organic_chemistry_organometallic_chemistry,association,investigates,0.72,true,association,atlas taxonomy
atlas_atlas_chemical_sciences_organic_chemistry_organometallic_chemistry_applications_and_implic,atlas_chemical_sciences_organic_chemistry_organometallic_chemistry,application,application_of,0.82,true,application,atlas taxonomy
atlas_chemical_sciences_organic_chemistry_natural_products,organic_chemistry,structure,part_of,0.94,true,structure,atlas taxonomy
atlas_atlas_chemical_sciences_organic_chemistry_natural_products_theoretical_foundations,atlas_chemical_sciences_organic_chemistry_natural_products,association,formalizes,0.82,true,association,atlas taxonomy
atlas_atlas_chemical_sciences_organic_chemistry_natural_products_methods_and_instruments,atlas_chemical_sciences_organic_chemistry_natural_products,association,method_for,0.82,true,association,atlas taxonomy
atlas_atlas_chemical_sciences_organic_chemistry_natural_products_open_questions,atlas_chemical_sciences_organic_chemistry_natural_products,association,investigates,0.72,true,association,atlas taxonomy
atlas_atlas_chemical_sciences_organic_chemistry_natural_products_applications_and_implications,atlas_chemical_sciences_organic_chemistry_natural_products,application,application_of,0.82,true,application,atlas taxonomy
atlas_chemical_sciences_organic_chemistry_reaction_mechanisms,atlas_chemical_sciences_organic_chemistry_stereochemistry,interaction,related_to,0.62,false,interaction,atlas taxonomy
atlas_chemical_sciences_organic_chemistry_stereochemistry,atlas_chemical_sciences_organic_chemistry_organic_synthesis,interaction,related_to,0.62,false,interaction,atlas taxonomy
atlas_chemical_sciences_organic_chemistry_organic_synthesis,atlas_chemical_sciences_organic_chemistry_organometallic_chemistry,interaction,related_to,0.62,false,interaction,atlas taxonomy
atlas_chemical_sciences_organic_chemistry_organometallic_chemistry,atlas_chemical_sciences_organic_chemistry_natural_products,interaction,related_to,0.62,false,interaction,atlas taxonomy
atlas_chemical_sciences_inorganic_chemistry,atlas_chemical_sciences_domain,structure,part_of,0.96,true,structure,atlas taxonomy
atlas_chemical_sciences_inorganic_chemistry_coordination_chemistry,atlas_chemical_sciences_inorganic_chemistry,structure,part_of,0.94,true,structure,atlas taxonomy
atlas_atlas_chemical_sciences_inorganic_chemistry_coordination_chemistry_theoretical_foundations,atlas_chemical_sciences_inorganic_chemistry_coordination_chemistry,association,formalizes,0.82,true,association,atlas taxonomy
atlas_atlas_chemical_sciences_inorganic_chemistry_coordination_chemistry_methods_and_instruments,atlas_chemical_sciences_inorganic_chemistry_coordination_chemistry,association,method_for,0.82,true,association,atlas taxonomy
atlas_atlas_chemical_sciences_inorganic_chemistry_coordination_chemistry_open_questions,atlas_chemical_sciences_inorganic_chemistry_coordination_chemistry,association,investigates,0.72,true,association,atlas taxonomy
atlas_atlas_chemical_sciences_inorganic_chemistry_coordination_chemistry_applications_and_implic,atlas_chemical_sciences_inorganic_chemistry_coordination_chemistry,application,application_of,0.82,true,application,atlas taxonomy
atlas_chemical_sciences_inorganic_chemistry_main_group_chemistry,atlas_chemical_sciences_inorganic_chemistry,structure,part_of,0.94,true,structure,atlas taxonomy
atlas_atlas_chemical_sciences_inorganic_chemistry_main_group_chemistry_theoretical_foundations,atlas_chemical_sciences_inorganic_chemistry_main_group_chemistry,association,formalizes,0.82,true,association,atlas taxonomy
atlas_atlas_chemical_sciences_inorganic_chemistry_main_group_chemistry_methods_and_instruments,atlas_chemical_sciences_inorganic_chemistry_main_group_chemistry,association,method_for,0.82,true,association,atlas taxonomy
atlas_atlas_chemical_sciences_inorganic_chemistry_main_group_chemistry_open_questions,atlas_chemical_sciences_inorganic_chemistry_main_group_chemistry,association,investigates,0.72,true,association,atlas taxonomy
atlas_atlas_chemical_sciences_inorganic_chemistry_main_group_chemistry_applications_and_implicat,atlas_chemical_sciences_inorganic_chemistry_main_group_chemistry,application,application_of,0.82,true,application,atlas taxonomy
atlas_chemical_sciences_inorganic_chemistry_solid_state_chemistry,atlas_chemical_sciences_inorganic_chemistry,structure,part_of,0.94,true,structure,atlas taxonomy
atlas_atlas_chemical_sciences_inorganic_chemistry_solid_state_chemistry_theoretical_foundations,atlas_chemical_sciences_inorganic_chemistry_solid_state_chemistry,association,formalizes,0.82,true,association,atlas taxonomy
atlas_atlas_chemical_sciences_inorganic_chemistry_solid_state_chemistry_methods_and_instruments,atlas_chemical_sciences_inorganic_chemistry_solid_state_chemistry,association,method_for,0.82,true,association,atlas taxonomy
atlas_atlas_chemical_sciences_inorganic_chemistry_solid_state_chemistry_open_questions,atlas_chemical_sciences_inorganic_chemistry_solid_state_chemistry,association,investigates,0.72,true,association,atlas taxonomy
atlas_atlas_chemical_sciences_inorganic_chemistry_solid_state_chemistry_applications_and_implica,atlas_chemical_sciences_inorganic_chemistry_solid_state_chemistry,application,application_of,0.82,true,application,atlas taxonomy
atlas_chemical_sciences_inorganic_chemistry_bioinorganic_chemistry,atlas_chemical_sciences_inorganic_chemistry,structure,part_of,0.94,true,structure,atlas taxonomy
atlas_atlas_chemical_sciences_inorganic_chemistry_bioinorganic_chemistry_theoretical_foundations,atlas_chemical_sciences_inorganic_chemistry_bioinorganic_chemistry,association,formalizes,0.82,true,association,atlas taxonomy
atlas_atlas_chemical_sciences_inorganic_chemistry_bioinorganic_chemistry_methods_and_instruments,atlas_chemical_sciences_inorganic_chemistry_bioinorganic_chemistry,association,method_for,0.82,true,association,atlas taxonomy
atlas_atlas_chemical_sciences_inorganic_chemistry_bioinorganic_chemistry_open_questions,atlas_chemical_sciences_inorganic_chemistry_bioinorganic_chemistry,association,investigates,0.72,true,association,atlas taxonomy
atlas_atlas_chemical_sciences_inorganic_chemistry_bioinorganic_chemistry_applications_and_implic,atlas_chemical_sciences_inorganic_chemistry_bioinorganic_chemistry,application,application_of,0.82,true,application,atlas taxonomy
atlas_chemical_sciences_inorganic_chemistry_catalysis,atlas_chemical_sciences_inorganic_chemistry,structure,part_of,0.94,true,structure,atlas taxonomy
atlas_atlas_chemical_sciences_inorganic_chemistry_catalysis_theoretical_foundations,atlas_chemical_sciences_inorganic_chemistry_catalysis,association,formalizes,0.82,true,association,atlas taxonomy
atlas_atlas_chemical_sciences_inorganic_chemistry_catalysis_methods_and_instruments,atlas_chemical_sciences_inorganic_chemistry_catalysis,association,method_for,0.82,true,association,atlas taxonomy
atlas_atlas_chemical_sciences_inorganic_chemistry_catalysis_open_questions,atlas_chemical_sciences_inorganic_chemistry_catalysis,association,investigates,0.72,true,association,atlas taxonomy
atlas_atlas_chemical_sciences_inorganic_chemistry_catalysis_applications_and_implications,atlas_chemical_sciences_inorganic_chemistry_catalysis,application,application_of,0.82,true,application,atlas taxonomy
atlas_chemical_sciences_inorganic_chemistry_coordination_chemistry,atlas_chemical_sciences_inorganic_chemistry_main_group_chemistry,interaction,related_to,0.62,false,interaction,atlas taxonomy
atlas_chemical_sciences_inorganic_chemistry_main_group_chemistry,atlas_chemical_sciences_inorganic_chemistry_solid_state_chemistry,interaction,related_to,0.62,false,interaction,atlas taxonomy
atlas_chemical_sciences_inorganic_chemistry_solid_state_chemistry,atlas_chemical_sciences_inorganic_chemistry_bioinorganic_chemistry,interaction,related_to,0.62,false,interaction,atlas taxonomy
atlas_chemical_sciences_inorganic_chemistry_bioinorganic_chemistry,atlas_chemical_sciences_inorganic_chemistry_catalysis,interaction,related_to,0.62,false,interaction,atlas taxonomy
atlas_chemical_sciences_analytical_chemistry,atlas_chemical_sciences_domain,structure,part_of,0.96,true,structure,atlas taxonomy
atlas_chemical_sciences_analytical_chemistry_mass_spectrometry,atlas_chemical_sciences_analytical_chemistry,structure,part_of,0.94,true,structure,atlas taxonomy
atlas_atlas_chemical_sciences_analytical_chemistry_mass_spectrometry_theoretical_foundations,atlas_chemical_sciences_analytical_chemistry_mass_spectrometry,association,formalizes,0.82,true,association,atlas taxonomy
atlas_atlas_chemical_sciences_analytical_chemistry_mass_spectrometry_methods_and_instruments,atlas_chemical_sciences_analytical_chemistry_mass_spectrometry,association,method_for,0.82,true,association,atlas taxonomy
atlas_atlas_chemical_sciences_analytical_chemistry_mass_spectrometry_open_questions,atlas_chemical_sciences_analytical_chemistry_mass_spectrometry,association,investigates,0.72,true,association,atlas taxonomy
atlas_atlas_chemical_sciences_analytical_chemistry_mass_spectrometry_applications_and_implicatio,atlas_chemical_sciences_analytical_chemistry_mass_spectrometry,application,application_of,0.82,true,application,atlas taxonomy
atlas_chemical_sciences_analytical_chemistry_chromatography,atlas_chemical_sciences_analytical_chemistry,structure,part_of,0.94,true,structure,atlas taxonomy
atlas_atlas_chemical_sciences_analytical_chemistry_chromatography_theoretical_foundations,atlas_chemical_sciences_analytical_chemistry_chromatography,association,formalizes,0.82,true,association,atlas taxonomy
atlas_atlas_chemical_sciences_analytical_chemistry_chromatography_methods_and_instruments,atlas_chemical_sciences_analytical_chemistry_chromatography,association,method_for,0.82,true,association,atlas taxonomy
atlas_atlas_chemical_sciences_analytical_chemistry_chromatography_open_questions,atlas_chemical_sciences_analytical_chemistry_chromatography,association,investigates,0.72,true,association,atlas taxonomy
atlas_atlas_chemical_sciences_analytical_chemistry_chromatography_applications_and_implications,atlas_chemical_sciences_analytical_chemistry_chromatography,application,application_of,0.82,true,application,atlas taxonomy
atlas_chemical_sciences_analytical_chemistry_electroanalysis,atlas_chemical_sciences_analytical_chemistry,structure,part_of,0.94,true,structure,atlas taxonomy
atlas_atlas_chemical_sciences_analytical_chemistry_electroanalysis_theoretical_foundations,atlas_chemical_sciences_analytical_chemistry_electroanalysis,association,formalizes,0.82,true,association,atlas taxonomy
atlas_atlas_chemical_sciences_analytical_chemistry_electroanalysis_methods_and_instruments,atlas_chemical_sciences_analytical_chemistry_electroanalysis,association,method_for,0.82,true,association,atlas taxonomy
atlas_atlas_chemical_sciences_analytical_chemistry_electroanalysis_open_questions,atlas_chemical_sciences_analytical_chemistry_electroanalysis,association,investigates,0.72,true,association,atlas taxonomy
atlas_atlas_chemical_sciences_analytical_chemistry_electroanalysis_applications_and_implications,atlas_chemical_sciences_analytical_chemistry_electroanalysis,application,application_of,0.82,true,application,atlas taxonomy
atlas_chemical_sciences_analytical_chemistry_chemical_sensors,atlas_chemical_sciences_analytical_chemistry,structure,part_of,0.94,true,structure,atlas taxonomy
atlas_atlas_chemical_sciences_analytical_chemistry_chemical_sensors_theoretical_foundations,atlas_chemical_sciences_analytical_chemistry_chemical_sensors,association,formalizes,0.82,true,association,atlas taxonomy
atlas_atlas_chemical_sciences_analytical_chemistry_chemical_sensors_methods_and_instruments,atlas_chemical_sciences_analytical_chemistry_chemical_sensors,association,method_for,0.82,true,association,atlas taxonomy
atlas_atlas_chemical_sciences_analytical_chemistry_chemical_sensors_open_questions,atlas_chemical_sciences_analytical_chemistry_chemical_sensors,association,investigates,0.72,true,association,atlas taxonomy
atlas_atlas_chemical_sciences_analytical_chemistry_chemical_sensors_applications_and_implication,atlas_chemical_sciences_analytical_chemistry_chemical_sensors,application,application_of,0.82,true,application,atlas taxonomy
atlas_chemical_sciences_analytical_chemistry_trace_analysis,atlas_chemical_sciences_analytical_chemistry,structure,part_of,0.94,true,structure,atlas taxonomy
atlas_atlas_chemical_sciences_analytical_chemistry_trace_analysis_theoretical_foundations,atlas_chemical_sciences_analytical_chemistry_trace_analysis,association,formalizes,0.82,true,association,atlas taxonomy
atlas_atlas_chemical_sciences_analytical_chemistry_trace_analysis_methods_and_instruments,atlas_chemical_sciences_analytical_chemistry_trace_analysis,association,method_for,0.82,true,association,atlas taxonomy
atlas_atlas_chemical_sciences_analytical_chemistry_trace_analysis_open_questions,atlas_chemical_sciences_analytical_chemistry_trace_analysis,association,investigates,0.72,true,association,atlas taxonomy
atlas_atlas_chemical_sciences_analytical_chemistry_trace_analysis_applications_and_implications,atlas_chemical_sciences_analytical_chemistry_trace_analysis,application,application_of,0.82,true,application,atlas taxonomy
atlas_chemical_sciences_analytical_chemistry_mass_spectrometry,atlas_chemical_sciences_analytical_chemistry_chromatography,interaction,related_to,0.62,false,interaction,atlas taxonomy
atlas_chemical_sciences_analytical_chemistry_chromatography,atlas_chemical_sciences_analytical_chemistry_electroanalysis,interaction,related_to,0.62,false,interaction,atlas taxonomy
atlas_chemical_sciences_analytical_chemistry_electroanalysis,atlas_chemical_sciences_analytical_chemistry_chemical_sensors,interaction,related_to,0.62,false,interaction,atlas taxonomy
atlas_chemical_sciences_analytical_chemistry_chemical_sensors,atlas_chemical_sciences_analytical_chemistry_trace_analysis,interaction,related_to,0.62,false,interaction,atlas taxonomy
atlas_chemical_sciences_theoretical_chemistry,atlas_chemical_sciences_domain,structure,part_of,0.96,true,structure,atlas taxonomy
quantum_chemistry,atlas_chemical_sciences_theoretical_chemistry,structure,part_of,0.94,true,structure,atlas taxonomy
atlas_quantum_chemistry_theoretical_foundations,quantum_chemistry,association,formalizes,0.82,true,association,atlas taxonomy
atlas_quantum_chemistry_methods_and_instruments,quantum_chemistry,association,method_for,0.82,true,association,atlas taxonomy
atlas_quantum_chemistry_open_questions,quantum_chemistry,association,investigates,0.72,true,association,atlas taxonomy
atlas_quantum_chemistry_applications_and_implications,quantum_chemistry,application,application_of,0.82,true,application,atlas taxonomy
atlas_chemical_sciences_theoretical_chemistry_electronic_structure,atlas_chemical_sciences_theoretical_chemistry,structure,part_of,0.94,true,structure,atlas taxonomy
atlas_atlas_chemical_sciences_theoretical_chemistry_electronic_structure_theoretical_foundations,atlas_chemical_sciences_theoretical_chemistry_electronic_structure,association,formalizes,0.82,true,association,atlas taxonomy
atlas_atlas_chemical_sciences_theoretical_chemistry_electronic_structure_methods_and_instruments,atlas_chemical_sciences_theoretical_chemistry_electronic_structure,association,method_for,0.82,true,association,atlas taxonomy
atlas_atlas_chemical_sciences_theoretical_chemistry_electronic_structure_open_questions,atlas_chemical_sciences_theoretical_chemistry_electronic_structure,association,investigates,0.72,true,association,atlas taxonomy
atlas_atlas_chemical_sciences_theoretical_chemistry_electronic_structure_applications_and_implic,atlas_chemical_sciences_theoretical_chemistry_electronic_structure,application,application_of,0.82,true,application,atlas taxonomy
atlas_chemical_sciences_theoretical_chemistry_molecular_simulation,atlas_chemical_sciences_theoretical_chemistry,structure,part_of,0.94,true,structure,atlas taxonomy
atlas_atlas_chemical_sciences_theoretical_chemistry_molecular_simulation_theoretical_foundations,atlas_chemical_sciences_theoretical_chemistry_molecular_simulation,association,formalizes,0.82,true,association,atlas taxonomy
atlas_atlas_chemical_sciences_theoretical_chemistry_molecular_simulation_methods_and_instruments,atlas_chemical_sciences_theoretical_chemistry_molecular_simulation,association,method_for,0.82,true,association,atlas taxonomy
atlas_atlas_chemical_sciences_theoretical_chemistry_molecular_simulation_open_questions,atlas_chemical_sciences_theoretical_chemistry_molecular_simulation,association,investigates,0.72,true,association,atlas taxonomy
atlas_atlas_chemical_sciences_theoretical_chemistry_molecular_simulation_applications_and_implic,atlas_chemical_sciences_theoretical_chemistry_molecular_simulation,application,application_of,0.82,true,application,atlas taxonomy
atlas_chemical_sciences_theoretical_chemistry_statistical_thermodynamics,atlas_chemical_sciences_theoretical_chemistry,structure,part_of,0.94,true,structure,atlas taxonomy
atlas_atlas_chemical_sciences_theoretical_chemistry_statistical_thermodynamics_theoretical_found,atlas_chemical_sciences_theoretical_chemistry_statistical_thermodynamics,association,formalizes,0.82,true,association,atlas taxonomy
atlas_atlas_chemical_sciences_theoretical_chemistry_statistical_thermodynamics_methods_and_instr,atlas_chemical_sciences_theoretical_chemistry_statistical_thermodynamics,association,method_for,0.82,true,association,atlas taxonomy
atlas_atlas_chemical_sciences_theoretical_chemistry_statistical_thermodynamics_open_questions,atlas_chemical_sciences_theoretical_chemistry_statistical_thermodynamics,association,investigates,0.72,true,association,atlas taxonomy
atlas_atlas_chemical_sciences_theoretical_chemistry_statistical_thermodynamics_applications_and_,atlas_chemical_sciences_theoretical_chemistry_statistical_thermodynamics,application,application_of,0.82,true,application,atlas taxonomy
atlas_chemical_sciences_theoretical_chemistry_chemical_informatics,atlas_chemical_sciences_theoretical_chemistry,structure,part_of,0.94,true,structure,atlas taxonomy
atlas_atlas_chemical_sciences_theoretical_chemistry_chemical_informatics_theoretical_foundations,atlas_chemical_sciences_theoretical_chemistry_chemical_informatics,association,formalizes,0.82,true,association,atlas taxonomy
atlas_atlas_chemical_sciences_theoretical_chemistry_chemical_informatics_methods_and_instruments,atlas_chemical_sciences_theoretical_chemistry_chemical_informatics,association,method_for,0.82,true,association,atlas taxonomy
atlas_atlas_chemical_sciences_theoretical_chemistry_chemical_informatics_open_questions,atlas_chemical_sciences_theoretical_chemistry_chemical_informatics,association,investigates,0.72,true,association,atlas taxonomy
atlas_atlas_chemical_sciences_theoretical_chemistry_chemical_informatics_applications_and_implic,atlas_chemical_sciences_theoretical_chemistry_chemical_informatics,application,application_of,0.82,true,application,atlas taxonomy
quantum_chemistry,atlas_chemical_sciences_theoretical_chemistry_electronic_structure,interaction,related_to,0.62,false,interaction,atlas taxonomy
atlas_chemical_sciences_theoretical_chemistry_electronic_structure,atlas_chemical_sciences_theoretical_chemistry_molecular_simulation,interaction,related_to,0.62,false,interaction,atlas taxonomy
atlas_chemical_sciences_theoretical_chemistry_molecular_simulation,atlas_chemical_sciences_theoretical_chemistry_statistical_thermodynamics,interaction,related_to,0.62,false,interaction,atlas taxonomy
atlas_chemical_sciences_theoretical_chemistry_statistical_thermodynamics,atlas_chemical_sciences_theoretical_chemistry_chemical_informatics,interaction,related_to,0.62,false,interaction,atlas taxonomy
atlas_chemical_sciences_physical_chemistry,organic_chemistry,interaction,related_to,0.66,false,interaction,atlas taxonomy
organic_chemistry,atlas_chemical_sciences_inorganic_chemistry,interaction,related_to,0.66,false,interaction,atlas taxonomy
atlas_chemical_sciences_inorganic_chemistry,atlas_chemical_sciences_analytical_chemistry,interaction,related_to,0.66,false,interaction,atlas taxonomy
atlas_chemical_sciences_analytical_chemistry,atlas_chemical_sciences_theoretical_chemistry,interaction,related_to,0.66,false,interaction,atlas taxonomy
atlas_materials_science_electronic_materials,atlas_materials_science_domain,structure,part_of,0.96,true,structure,atlas taxonomy
atlas_materials_science_electronic_materials_semiconductors,atlas_materials_science_electronic_materials,structure,part_of,0.94,true,structure,atlas taxonomy
atlas_atlas_materials_science_electronic_materials_semiconductors_theoretical_foundations,atlas_materials_science_electronic_materials_semiconductors,association,formalizes,0.82,true,association,atlas taxonomy
atlas_atlas_materials_science_electronic_materials_semiconductors_methods_and_instruments,atlas_materials_science_electronic_materials_semiconductors,association,method_for,0.82,true,association,atlas taxonomy
atlas_atlas_materials_science_electronic_materials_semiconductors_open_questions,atlas_materials_science_electronic_materials_semiconductors,association,investigates,0.72,true,association,atlas taxonomy
atlas_atlas_materials_science_electronic_materials_semiconductors_applications_and_implications,atlas_materials_science_electronic_materials_semiconductors,application,application_of,0.82,true,application,atlas taxonomy
atlas_materials_science_electronic_materials_superconductors,atlas_materials_science_electronic_materials,structure,part_of,0.94,true,structure,atlas taxonomy
atlas_atlas_materials_science_electronic_materials_superconductors_theoretical_foundations,atlas_materials_science_electronic_materials_superconductors,association,formalizes,0.82,true,association,atlas taxonomy
atlas_atlas_materials_science_electronic_materials_superconductors_methods_and_instruments,atlas_materials_science_electronic_materials_superconductors,association,method_for,0.82,true,association,atlas taxonomy
atlas_atlas_materials_science_electronic_materials_superconductors_open_questions,atlas_materials_science_electronic_materials_superconductors,association,investigates,0.72,true,association,atlas taxonomy
atlas_atlas_materials_science_electronic_materials_superconductors_applications_and_implications,atlas_materials_science_electronic_materials_superconductors,application,application_of,0.82,true,application,atlas taxonomy
atlas_materials_science_electronic_materials_topological_materials,atlas_materials_science_electronic_materials,structure,part_of,0.94,true,structure,atlas taxonomy
atlas_atlas_materials_science_electronic_materials_topological_materials_theoretical_foundations,atlas_materials_science_electronic_materials_topological_materials,association,formalizes,0.82,true,association,atlas taxonomy
atlas_atlas_materials_science_electronic_materials_topological_materials_methods_and_instruments,atlas_materials_science_electronic_materials_topological_materials,association,method_for,0.82,true,association,atlas taxonomy
atlas_atlas_materials_science_electronic_materials_topological_materials_open_questions,atlas_materials_science_electronic_materials_topological_materials,association,investigates,0.72,true,association,atlas taxonomy
atlas_atlas_materials_science_electronic_materials_topological_materials_applications_and_implic,atlas_materials_science_electronic_materials_topological_materials,application,application_of,0.82,true,application,atlas taxonomy
atlas_materials_science_electronic_materials_dielectrics,atlas_materials_science_electronic_materials,structure,part_of,0.94,true,structure,atlas taxonomy
atlas_atlas_materials_science_electronic_materials_dielectrics_theoretical_foundations,atlas_materials_science_electronic_materials_dielectrics,association,formalizes,0.82,true,association,atlas taxonomy
atlas_atlas_materials_science_electronic_materials_dielectrics_methods_and_instruments,atlas_materials_science_electronic_materials_dielectrics,association,method_for,0.82,true,association,atlas taxonomy
atlas_atlas_materials_science_electronic_materials_dielectrics_open_questions,atlas_materials_science_electronic_materials_dielectrics,association,investigates,0.72,true,association,atlas taxonomy
atlas_atlas_materials_science_electronic_materials_dielectrics_applications_and_implications,atlas_materials_science_electronic_materials_dielectrics,application,application_of,0.82,true,application,atlas taxonomy
atlas_materials_science_electronic_materials_spintronics,atlas_materials_science_electronic_materials,structure,part_of,0.94,true,structure,atlas taxonomy
atlas_atlas_materials_science_electronic_materials_spintronics_theoretical_foundations,atlas_materials_science_electronic_materials_spintronics,association,formalizes,0.82,true,association,atlas taxonomy
atlas_atlas_materials_science_electronic_materials_spintronics_methods_and_instruments,atlas_materials_science_electronic_materials_spintronics,association,method_for,0.82,true,association,atlas taxonomy
atlas_atlas_materials_science_electronic_materials_spintronics_open_questions,atlas_materials_science_electronic_materials_spintronics,association,investigates,0.72,true,association,atlas taxonomy
atlas_atlas_materials_science_electronic_materials_spintronics_applications_and_implications,atlas_materials_science_electronic_materials_spintronics,application,application_of,0.82,true,application,atlas taxonomy
atlas_materials_science_electronic_materials_semiconductors,atlas_materials_science_electronic_materials_superconductors,interaction,related_to,0.62,false,interaction,atlas taxonomy
atlas_materials_science_electronic_materials_superconductors,atlas_materials_science_electronic_materials_topological_materials,interaction,related_to,0.62,false,interaction,atlas taxonomy
atlas_materials_science_electronic_materials_topological_materials,atlas_materials_science_electronic_materials_dielectrics,interaction,related_to,0.62,false,interaction,atlas taxonomy
atlas_materials_science_electronic_materials_dielectrics,atlas_materials_science_electronic_materials_spintronics,interaction,related_to,0.62,false,interaction,atlas taxonomy
atlas_materials_science_structural_materials,atlas_materials_science_domain,structure,part_of,0.96,true,structure,atlas taxonomy
atlas_materials_science_structural_materials_metals_and_alloys,atlas_materials_science_structural_materials,structure,part_of,0.94,true,structure,atlas taxonomy
atlas_atlas_materials_science_structural_materials_metals_and_alloys_theoretical_foundations,atlas_materials_science_structural_materials_metals_and_alloys,association,formalizes,0.82,true,association,atlas taxonomy
atlas_atlas_materials_science_structural_materials_metals_and_alloys_methods_and_instruments,atlas_materials_science_structural_materials_metals_and_alloys,association,method_for,0.82,true,association,atlas taxonomy
atlas_atlas_materials_science_structural_materials_metals_and_alloys_open_questions,atlas_materials_science_structural_materials_metals_and_alloys,association,investigates,0.72,true,association,atlas taxonomy
atlas_atlas_materials_science_structural_materials_metals_and_alloys_applications_and_implicatio,atlas_materials_science_structural_materials_metals_and_alloys,application,application_of,0.82,true,application,atlas taxonomy
atlas_materials_science_structural_materials_ceramics,atlas_materials_science_structural_materials,structure,part_of,0.94,true,structure,atlas taxonomy
atlas_atlas_materials_science_structural_materials_ceramics_theoretical_foundations,atlas_materials_science_structural_materials_ceramics,association,formalizes,0.82,true,association,atlas taxonomy
atlas_atlas_materials_science_structural_materials_ceramics_methods_and_instruments,atlas_materials_science_structural_materials_ceramics,association,method_for,0.82,true,association,atlas taxonomy
atlas_atlas_materials_science_structural_materials_ceramics_open_questions,atlas_materials_science_structural_materials_ceramics,association,investigates,0.72,true,association,atlas taxonomy
atlas_atlas_materials_science_structural_materials_ceramics_applications_and_implications,atlas_materials_science_structural_materials_ceramics,application,application_of,0.82,true,application,atlas taxonomy
atlas_materials_science_structural_materials_polymers,atlas_materials_science_structural_materials,structure,part_of,0.94,true,structure,atlas taxonomy
atlas_atlas_materials_science_structural_materials_polymers_theoretical_foundations,atlas_materials_science_structural_materials_polymers,association,formalizes,0.82,true,association,atlas taxonomy
atlas_atlas_materials_science_structural_materials_polymers_methods_and_instruments,atlas_materials_science_structural_materials_polymers,association,method_for,0.82,true,association,atlas taxonomy
atlas_atlas_materials_science_structural_materials_polymers_open_questions,atlas_materials_science_structural_materials_polymers,association,investigates,0.72,true,association,atlas taxonomy
atlas_atlas_materials_science_structural_materials_polymers_applications_and_implications,atlas_materials_science_structural_materials_polymers,application,application_of,0.82,true,application,atlas taxonomy
atlas_materials_science_structural_materials_composites,atlas_materials_science_structural_materials,structure,part_of,0.94,true,structure,atlas taxonomy
atlas_atlas_materials_science_structural_materials_composites_theoretical_foundations,atlas_materials_science_structural_materials_composites,association,formalizes,0.82,true,association,atlas taxonomy
atlas_atlas_materials_science_structural_materials_composites_methods_and_instruments,atlas_materials_science_structural_materials_composites,association,method_for,0.82,true,association,atlas taxonomy
atlas_atlas_materials_science_structural_materials_composites_open_questions,atlas_materials_science_structural_materials_composites,association,investigates,0.72,true,association,atlas taxonomy
atlas_atlas_materials_science_structural_materials_composites_applications_and_implications,atlas_materials_science_structural_materials_composites,application,application_of,0.82,true,application,atlas taxonomy
atlas_materials_science_structural_materials_fracture_and_fatigue,atlas_materials_science_structural_materials,structure,part_of,0.94,true,structure,atlas taxonomy
atlas_atlas_materials_science_structural_materials_fracture_and_fatigue_theoretical_foundations,atlas_materials_science_structural_materials_fracture_and_fatigue,association,formalizes,0.82,true,association,atlas taxonomy
atlas_atlas_materials_science_structural_materials_fracture_and_fatigue_methods_and_instruments,atlas_materials_science_structural_materials_fracture_and_fatigue,association,method_for,0.82,true,association,atlas taxonomy
atlas_atlas_materials_science_structural_materials_fracture_and_fatigue_open_questions,atlas_materials_science_structural_materials_fracture_and_fatigue,association,investigates,0.72,true,association,atlas taxonomy
atlas_atlas_materials_science_structural_materials_fracture_and_fatigue_applications_and_implica,atlas_materials_science_structural_materials_fracture_and_fatigue,application,application_of,0.82,true,application,atlas taxonomy
atlas_materials_science_structural_materials_metals_and_alloys,atlas_materials_science_structural_materials_ceramics,interaction,related_to,0.62,false,interaction,atlas taxonomy
atlas_materials_science_structural_materials_ceramics,atlas_materials_science_structural_materials_polymers,interaction,related_to,0.62,false,interaction,atlas taxonomy
atlas_materials_science_structural_materials_polymers,atlas_materials_science_structural_materials_composites,interaction,related_to,0.62,false,interaction,atlas taxonomy
atlas_materials_science_structural_materials_composites,atlas_materials_science_structural_materials_fracture_and_fatigue,interaction,related_to,0.62,false,interaction,atlas taxonomy
atlas_materials_science_nanoscience,atlas_materials_science_domain,structure,part_of,0.96,true,structure,atlas taxonomy
atlas_materials_science_nanoscience_nanoparticles,atlas_materials_science_nanoscience,structure,part_of,0.94,true,structure,atlas taxonomy
atlas_atlas_materials_science_nanoscience_nanoparticles_theoretical_foundations,atlas_materials_science_nanoscience_nanoparticles,association,formalizes,0.82,true,association,atlas taxonomy
atlas_atlas_materials_science_nanoscience_nanoparticles_methods_and_instruments,atlas_materials_science_nanoscience_nanoparticles,association,method_for,0.82,true,association,atlas taxonomy
atlas_atlas_materials_science_nanoscience_nanoparticles_open_questions,atlas_materials_science_nanoscience_nanoparticles,association,investigates,0.72,true,association,atlas taxonomy
atlas_atlas_materials_science_nanoscience_nanoparticles_applications_and_implications,atlas_materials_science_nanoscience_nanoparticles,application,application_of,0.82,true,application,atlas taxonomy
atlas_materials_science_nanoscience_two_dimensional_materials,atlas_materials_science_nanoscience,structure,part_of,0.94,true,structure,atlas taxonomy
atlas_atlas_materials_science_nanoscience_two_dimensional_materials_theoretical_foundations,atlas_materials_science_nanoscience_two_dimensional_materials,association,formalizes,0.82,true,association,atlas taxonomy
atlas_atlas_materials_science_nanoscience_two_dimensional_materials_methods_and_instruments,atlas_materials_science_nanoscience_two_dimensional_materials,association,method_for,0.82,true,association,atlas taxonomy
atlas_atlas_materials_science_nanoscience_two_dimensional_materials_open_questions,atlas_materials_science_nanoscience_two_dimensional_materials,association,investigates,0.72,true,association,atlas taxonomy
atlas_atlas_materials_science_nanoscience_two_dimensional_materials_applications_and_implication,atlas_materials_science_nanoscience_two_dimensional_materials,application,application_of,0.82,true,application,atlas taxonomy
atlas_materials_science_nanoscience_quantum_dots,atlas_materials_science_nanoscience,structure,part_of,0.94,true,structure,atlas taxonomy
atlas_atlas_materials_science_nanoscience_quantum_dots_theoretical_foundations,atlas_materials_science_nanoscience_quantum_dots,association,formalizes,0.82,true,association,atlas taxonomy
atlas_atlas_materials_science_nanoscience_quantum_dots_methods_and_instruments,atlas_materials_science_nanoscience_quantum_dots,association,method_for,0.82,true,association,atlas taxonomy
atlas_atlas_materials_science_nanoscience_quantum_dots_open_questions,atlas_materials_science_nanoscience_quantum_dots,association,investigates,0.72,true,association,atlas taxonomy
atlas_atlas_materials_science_nanoscience_quantum_dots_applications_and_implications,atlas_materials_science_nanoscience_quantum_dots,application,application_of,0.82,true,application,atlas taxonomy
atlas_materials_science_nanoscience_nanofabrication,atlas_materials_science_nanoscience,structure,part_of,0.94,true,structure,atlas taxonomy
atlas_atlas_materials_science_nanoscience_nanofabrication_theoretical_foundations,atlas_materials_science_nanoscience_nanofabrication,association,formalizes,0.82,true,association,atlas taxonomy
atlas_atlas_materials_science_nanoscience_nanofabrication_methods_and_instruments,atlas_materials_science_nanoscience_nanofabrication,association,method_for,0.82,true,association,atlas taxonomy
atlas_atlas_materials_science_nanoscience_nanofabrication_open_questions,atlas_materials_science_nanoscience_nanofabrication,association,investigates,0.72,true,association,atlas taxonomy
atlas_atlas_materials_science_nanoscience_nanofabrication_applications_and_implications,atlas_materials_science_nanoscience_nanofabrication,application,application_of,0.82,true,application,atlas taxonomy
atlas_materials_science_nanoscience_nanocharacterization,atlas_materials_science_nanoscience,structure,part_of,0.94,true,structure,atlas taxonomy
atlas_atlas_materials_science_nanoscience_nanocharacterization_theoretical_foundations,atlas_materials_science_nanoscience_nanocharacterization,association,formalizes,0.82,true,association,atlas taxonomy
atlas_atlas_materials_science_nanoscience_nanocharacterization_methods_and_instruments,atlas_materials_science_nanoscience_nanocharacterization,association,method_for,0.82,true,association,atlas taxonomy
atlas_atlas_materials_science_nanoscience_nanocharacterization_open_questions,atlas_materials_science_nanoscience_nanocharacterization,association,investigates,0.72,true,association,atlas taxonomy
atlas_atlas_materials_science_nanoscience_nanocharacterization_applications_and_implications,atlas_materials_science_nanoscience_nanocharacterization,application,application_of,0.82,true,application,atlas taxonomy
atlas_materials_science_nanoscience_nanoparticles,atlas_materials_science_nanoscience_two_dimensional_materials,interaction,related_to,0.62,false,interaction,atlas taxonomy
atlas_materials_science_nanoscience_two_dimensional_materials,atlas_materials_science_nanoscience_quantum_dots,interaction,related_to,0.62,false,interaction,atlas taxonomy
atlas_materials_science_nanoscience_quantum_dots,atlas_materials_science_nanoscience_nanofabrication,interaction,related_to,0.62,false,interaction,atlas taxonomy
atlas_materials_science_nanoscience_nanofabrication,atlas_materials_science_nanoscience_nanocharacterization,interaction,related_to,0.62,false,interaction,atlas taxonomy
atlas_materials_science_energy_materials,atlas_materials_science_domain,structure,part_of,0.96,true,structure,atlas taxonomy
atlas_materials_science_energy_materials_battery_materials,atlas_materials_science_energy_materials,structure,part_of,0.94,true,structure,atlas taxonomy
atlas_atlas_materials_science_energy_materials_battery_materials_theoretical_foundations,atlas_materials_science_energy_materials_battery_materials,association,formalizes,0.82,true,association,atlas taxonomy
atlas_atlas_materials_science_energy_materials_battery_materials_methods_and_instruments,atlas_materials_science_energy_materials_battery_materials,association,method_for,0.82,true,association,atlas taxonomy
atlas_atlas_materials_science_energy_materials_battery_materials_open_questions,atlas_materials_science_energy_materials_battery_materials,association,investigates,0.72,true,association,atlas taxonomy
atlas_atlas_materials_science_energy_materials_battery_materials_applications_and_implications,atlas_materials_science_energy_materials_battery_materials,application,application_of,0.82,true,application,atlas taxonomy
atlas_materials_science_energy_materials_fuel_cell_materials,atlas_materials_science_energy_materials,structure,part_of,0.94,true,structure,atlas taxonomy
atlas_atlas_materials_science_energy_materials_fuel_cell_materials_theoretical_foundations,atlas_materials_science_energy_materials_fuel_cell_materials,association,formalizes,0.82,true,association,atlas taxonomy
atlas_atlas_materials_science_energy_materials_fuel_cell_materials_methods_and_instruments,atlas_materials_science_energy_materials_fuel_cell_materials,association,method_for,0.82,true,association,atlas taxonomy
atlas_atlas_materials_science_energy_materials_fuel_cell_materials_open_questions,atlas_materials_science_energy_materials_fuel_cell_materials,association,investigates,0.72,true,association,atlas taxonomy
atlas_atlas_materials_science_energy_materials_fuel_cell_materials_applications_and_implications,atlas_materials_science_energy_materials_fuel_cell_materials,application,application_of,0.82,true,application,atlas taxonomy
atlas_materials_science_energy_materials_photovoltaics,atlas_materials_science_energy_materials,structure,part_of,0.94,true,structure,atlas taxonomy
atlas_atlas_materials_science_energy_materials_photovoltaics_theoretical_foundations,atlas_materials_science_energy_materials_photovoltaics,association,formalizes,0.82,true,association,atlas taxonomy
atlas_atlas_materials_science_energy_materials_photovoltaics_methods_and_instruments,atlas_materials_science_energy_materials_photovoltaics,association,method_for,0.82,true,association,atlas taxonomy
atlas_atlas_materials_science_energy_materials_photovoltaics_open_questions,atlas_materials_science_energy_materials_photovoltaics,association,investigates,0.72,true,association,atlas taxonomy
atlas_atlas_materials_science_energy_materials_photovoltaics_applications_and_implications,atlas_materials_science_energy_materials_photovoltaics,application,application_of,0.82,true,application,atlas taxonomy
atlas_materials_science_energy_materials_hydrogen_storage,atlas_materials_science_energy_materials,structure,part_of,0.94,true,structure,atlas taxonomy
atlas_atlas_materials_science_energy_materials_hydrogen_storage_theoretical_foundations,atlas_materials_science_energy_materials_hydrogen_storage,association,formalizes,0.82,true,association,atlas taxonomy
atlas_atlas_materials_science_energy_materials_hydrogen_storage_methods_and_instruments,atlas_materials_science_energy_materials_hydrogen_storage,association,method_for,0.82,true,association,atlas taxonomy
atlas_atlas_materials_science_energy_materials_hydrogen_storage_open_questions,atlas_materials_science_energy_materials_hydrogen_storage,association,investigates,0.72,true,association,atlas taxonomy
atlas_atlas_materials_science_energy_materials_hydrogen_storage_applications_and_implications,atlas_materials_science_energy_materials_hydrogen_storage,application,application_of,0.82,true,application,atlas taxonomy
atlas_materials_science_energy_materials_thermoelectrics,atlas_materials_science_energy_materials,structure,part_of,0.94,true,structure,atlas taxonomy
atlas_atlas_materials_science_energy_materials_thermoelectrics_theoretical_foundations,atlas_materials_science_energy_materials_thermoelectrics,association,formalizes,0.82,true,association,atlas taxonomy
atlas_atlas_materials_science_energy_materials_thermoelectrics_methods_and_instruments,atlas_materials_science_energy_materials_thermoelectrics,association,method_for,0.82,true,association,atlas taxonomy
atlas_atlas_materials_science_energy_materials_thermoelectrics_open_questions,atlas_materials_science_energy_materials_thermoelectrics,association,investigates,0.72,true,association,atlas taxonomy
atlas_atlas_materials_science_energy_materials_thermoelectrics_applications_and_implications,atlas_materials_science_energy_materials_thermoelectrics,application,application_of,0.82,true,application,atlas taxonomy
atlas_materials_science_energy_materials_battery_materials,atlas_materials_science_energy_materials_fuel_cell_materials,interaction,related_to,0.62,false,interaction,atlas taxonomy
atlas_materials_science_energy_materials_fuel_cell_materials,atlas_materials_science_energy_materials_photovoltaics,interaction,related_to,0.62,false,interaction,atlas taxonomy
atlas_materials_science_energy_materials_photovoltaics,atlas_materials_science_energy_materials_hydrogen_storage,interaction,related_to,0.62,false,interaction,atlas taxonomy
atlas_materials_science_energy_materials_hydrogen_storage,atlas_materials_science_energy_materials_thermoelectrics,interaction,related_to,0.62,false,interaction,atlas taxonomy
atlas_materials_science_biomaterials,atlas_materials_science_domain,structure,part_of,0.96,true,structure,atlas taxonomy
atlas_materials_science_biomaterials_tissue_scaffolds,atlas_materials_science_biomaterials,structure,part_of,0.94,true,structure,atlas taxonomy
atlas_atlas_materials_science_biomaterials_tissue_scaffolds_theoretical_foundations,atlas_materials_science_biomaterials_tissue_scaffolds,association,formalizes,0.82,true,association,atlas taxonomy
atlas_atlas_materials_science_biomaterials_tissue_scaffolds_methods_and_instruments,atlas_materials_science_biomaterials_tissue_scaffolds,association,method_for,0.82,true,association,atlas taxonomy
atlas_atlas_materials_science_biomaterials_tissue_scaffolds_open_questions,atlas_materials_science_biomaterials_tissue_scaffolds,association,investigates,0.72,true,association,atlas taxonomy
atlas_atlas_materials_science_biomaterials_tissue_scaffolds_applications_and_implications,atlas_materials_science_biomaterials_tissue_scaffolds,application,application_of,0.82,true,application,atlas taxonomy
atlas_materials_science_biomaterials_biointerfaces,atlas_materials_science_biomaterials,structure,part_of,0.94,true,structure,atlas taxonomy
atlas_atlas_materials_science_biomaterials_biointerfaces_theoretical_foundations,atlas_materials_science_biomaterials_biointerfaces,association,formalizes,0.82,true,association,atlas taxonomy
atlas_atlas_materials_science_biomaterials_biointerfaces_methods_and_instruments,atlas_materials_science_biomaterials_biointerfaces,association,method_for,0.82,true,association,atlas taxonomy
atlas_atlas_materials_science_biomaterials_biointerfaces_open_questions,atlas_materials_science_biomaterials_biointerfaces,association,investigates,0.72,true,association,atlas taxonomy
atlas_atlas_materials_science_biomaterials_biointerfaces_applications_and_implications,atlas_materials_science_biomaterials_biointerfaces,application,application_of,0.82,true,application,atlas taxonomy
atlas_materials_science_biomaterials_drug_delivery_materials,atlas_materials_science_biomaterials,structure,part_of,0.94,true,structure,atlas taxonomy
atlas_atlas_materials_science_biomaterials_drug_delivery_materials_theoretical_foundations,atlas_materials_science_biomaterials_drug_delivery_materials,association,formalizes,0.82,true,association,atlas taxonomy
atlas_atlas_materials_science_biomaterials_drug_delivery_materials_methods_and_instruments,atlas_materials_science_biomaterials_drug_delivery_materials,association,method_for,0.82,true,association,atlas taxonomy
atlas_atlas_materials_science_biomaterials_drug_delivery_materials_open_questions,atlas_materials_science_biomaterials_drug_delivery_materials,association,investigates,0.72,true,association,atlas taxonomy
atlas_atlas_materials_science_biomaterials_drug_delivery_materials_applications_and_implications,atlas_materials_science_biomaterials_drug_delivery_materials,application,application_of,0.82,true,application,atlas taxonomy
atlas_materials_science_biomaterials_biodegradable_polymers,atlas_materials_science_biomaterials,structure,part_of,0.94,true,structure,atlas taxonomy
atlas_atlas_materials_science_biomaterials_biodegradable_polymers_theoretical_foundations,atlas_materials_science_biomaterials_biodegradable_polymers,association,formalizes,0.82,true,association,atlas taxonomy
atlas_atlas_materials_science_biomaterials_biodegradable_polymers_methods_and_instruments,atlas_materials_science_biomaterials_biodegradable_polymers,association,method_for,0.82,true,association,atlas taxonomy
atlas_atlas_materials_science_biomaterials_biodegradable_polymers_open_questions,atlas_materials_science_biomaterials_biodegradable_polymers,association,investigates,0.72,true,association,atlas taxonomy
atlas_atlas_materials_science_biomaterials_biodegradable_polymers_applications_and_implications,atlas_materials_science_biomaterials_biodegradable_polymers,application,application_of,0.82,true,application,atlas taxonomy
atlas_materials_science_biomaterials_medical_implants,atlas_materials_science_biomaterials,structure,part_of,0.94,true,structure,atlas taxonomy
atlas_atlas_materials_science_biomaterials_medical_implants_theoretical_foundations,atlas_materials_science_biomaterials_medical_implants,association,formalizes,0.82,true,association,atlas taxonomy
atlas_atlas_materials_science_biomaterials_medical_implants_methods_and_instruments,atlas_materials_science_biomaterials_medical_implants,association,method_for,0.82,true,association,atlas taxonomy
atlas_atlas_materials_science_biomaterials_medical_implants_open_questions,atlas_materials_science_biomaterials_medical_implants,association,investigates,0.72,true,association,atlas taxonomy
atlas_atlas_materials_science_biomaterials_medical_implants_applications_and_implications,atlas_materials_science_biomaterials_medical_implants,application,application_of,0.82,true,application,atlas taxonomy
atlas_materials_science_biomaterials_tissue_scaffolds,atlas_materials_science_biomaterials_biointerfaces,interaction,related_to,0.62,false,interaction,atlas taxonomy
atlas_materials_science_biomaterials_biointerfaces,atlas_materials_science_biomaterials_drug_delivery_materials,interaction,related_to,0.62,false,interaction,atlas taxonomy
atlas_materials_science_biomaterials_drug_delivery_materials,atlas_materials_science_biomaterials_biodegradable_polymers,interaction,related_to,0.62,false,interaction,atlas taxonomy
atlas_materials_science_biomaterials_biodegradable_polymers,atlas_materials_science_biomaterials_medical_implants,interaction,related_to,0.62,false,interaction,atlas taxonomy
atlas_materials_science_electronic_materials,atlas_materials_science_structural_materials,interaction,related_to,0.66,false,interaction,atlas taxonomy
atlas_materials_science_structural_materials,atlas_materials_science_nanoscience,interaction,related_to,0.66,false,interaction,atlas taxonomy
atlas_materials_science_nanoscience,atlas_materials_science_energy_materials,interaction,related_to,0.66,false,interaction,atlas taxonomy
atlas_materials_science_energy_materials,atlas_materials_science_biomaterials,interaction,related_to,0.66,false,interaction,atlas taxonomy
atlas_earth_geosciences_geology,atlas_earth_geosciences_domain,structure,part_of,0.96,true,structure,atlas taxonomy
atlas_earth_geosciences_geology_mineralogy,atlas_earth_geosciences_geology,structure,part_of,0.94,true,structure,atlas taxonomy
atlas_atlas_earth_geosciences_geology_mineralogy_theoretical_foundations,atlas_earth_geosciences_geology_mineralogy,association,formalizes,0.82,true,association,atlas taxonomy
atlas_atlas_earth_geosciences_geology_mineralogy_methods_and_instruments,atlas_earth_geosciences_geology_mineralogy,association,method_for,0.82,true,association,atlas taxonomy
atlas_atlas_earth_geosciences_geology_mineralogy_open_questions,atlas_earth_geosciences_geology_mineralogy,association,investigates,0.72,true,association,atlas taxonomy
atlas_atlas_earth_geosciences_geology_mineralogy_applications_and_implications,atlas_earth_geosciences_geology_mineralogy,application,application_of,0.82,true,application,atlas taxonomy
atlas_earth_geosciences_geology_petrology,atlas_earth_geosciences_geology,structure,part_of,0.94,true,structure,atlas taxonomy
atlas_atlas_earth_geosciences_geology_petrology_theoretical_foundations,atlas_earth_geosciences_geology_petrology,association,formalizes,0.82,true,association,atlas taxonomy
atlas_atlas_earth_geosciences_geology_petrology_methods_and_instruments,atlas_earth_geosciences_geology_petrology,association,method_for,0.82,true,association,atlas taxonomy
atlas_atlas_earth_geosciences_geology_petrology_open_questions,atlas_earth_geosciences_geology_petrology,association,investigates,0.72,true,association,atlas taxonomy
atlas_atlas_earth_geosciences_geology_petrology_applications_and_implications,atlas_earth_geosciences_geology_petrology,application,application_of,0.82,true,application,atlas taxonomy
atlas_earth_geosciences_geology_sedimentology,atlas_earth_geosciences_geology,structure,part_of,0.94,true,structure,atlas taxonomy
atlas_atlas_earth_geosciences_geology_sedimentology_theoretical_foundations,atlas_earth_geosciences_geology_sedimentology,association,formalizes,0.82,true,association,atlas taxonomy
atlas_atlas_earth_geosciences_geology_sedimentology_methods_and_instruments,atlas_earth_geosciences_geology_sedimentology,association,method_for,0.82,true,association,atlas taxonomy
atlas_atlas_earth_geosciences_geology_sedimentology_open_questions,atlas_earth_geosciences_geology_sedimentology,association,investigates,0.72,true,association,atlas taxonomy
atlas_atlas_earth_geosciences_geology_sedimentology_applications_and_implications,atlas_earth_geosciences_geology_sedimentology,application,application_of,0.82,true,application,atlas taxonomy
atlas_earth_geosciences_geology_structural_geology,atlas_earth_geosciences_geology,structure,part_of,0.94,true,structure,atlas taxonomy
atlas_atlas_earth_geosciences_geology_structural_geology_theoretical_foundations,atlas_earth_geosciences_geology_structural_geology,association,formalizes,0.82,true,association,atlas taxonomy
atlas_atlas_earth_geosciences_geology_structural_geology_methods_and_instruments,atlas_earth_geosciences_geology_structural_geology,association,method_for,0.82,true,association,atlas taxonomy
atlas_atlas_earth_geosciences_geology_structural_geology_open_questions,atlas_earth_geosciences_geology_structural_geology,association,investigates,0.72,true,association,atlas taxonomy
atlas_atlas_earth_geosciences_geology_structural_geology_applications_and_implications,atlas_earth_geosciences_geology_structural_geology,application,application_of,0.82,true,application,atlas taxonomy
atlas_earth_geosciences_geology_geochronology,atlas_earth_geosciences_geology,structure,part_of,0.94,true,structure,atlas taxonomy
atlas_atlas_earth_geosciences_geology_geochronology_theoretical_foundations,atlas_earth_geosciences_geology_geochronology,association,formalizes,0.82,true,association,atlas taxonomy
atlas_atlas_earth_geosciences_geology_geochronology_methods_and_instruments,atlas_earth_geosciences_geology_geochronology,association,method_for,0.82,true,association,atlas taxonomy
atlas_atlas_earth_geosciences_geology_geochronology_open_questions,atlas_earth_geosciences_geology_geochronology,association,investigates,0.72,true,association,atlas taxonomy
atlas_atlas_earth_geosciences_geology_geochronology_applications_and_implications,atlas_earth_geosciences_geology_geochronology,application,application_of,0.82,true,application,atlas taxonomy
atlas_earth_geosciences_geology_mineralogy,atlas_earth_geosciences_geology_petrology,interaction,related_to,0.62,false,interaction,atlas taxonomy
atlas_earth_geosciences_geology_petrology,atlas_earth_geosciences_geology_sedimentology,interaction,related_to,0.62,false,interaction,atlas taxonomy
atlas_earth_geosciences_geology_sedimentology,atlas_earth_geosciences_geology_structural_geology,interaction,related_to,0.62,false,interaction,atlas taxonomy
atlas_earth_geosciences_geology_structural_geology,atlas_earth_geosciences_geology_geochronology,interaction,related_to,0.62,false,interaction,atlas taxonomy
atlas_earth_geosciences_geophysics,atlas_earth_geosciences_domain,structure,part_of,0.96,true,structure,atlas taxonomy
atlas_earth_geosciences_geophysics_seismology,atlas_earth_geosciences_geophysics,structure,part_of,0.94,true,structure,atlas taxonomy
atlas_atlas_earth_geosciences_geophysics_seismology_theoretical_foundations,atlas_earth_geosciences_geophysics_seismology,association,formalizes,0.82,true,association,atlas taxonomy
atlas_atlas_earth_geosciences_geophysics_seismology_methods_and_instruments,atlas_earth_geosciences_geophysics_seismology,association,method_for,0.82,true,association,atlas taxonomy
atlas_atlas_earth_geosciences_geophysics_seismology_open_questions,atlas_earth_geosciences_geophysics_seismology,association,investigates,0.72,true,association,atlas taxonomy
atlas_atlas_earth_geosciences_geophysics_seismology_applications_and_implications,atlas_earth_geosciences_geophysics_seismology,application,application_of,0.82,true,application,atlas taxonomy
atlas_earth_geosciences_geophysics_geomagnetism,atlas_earth_geosciences_geophysics,structure,part_of,0.94,true,structure,atlas taxonomy
atlas_atlas_earth_geosciences_geophysics_geomagnetism_theoretical_foundations,atlas_earth_geosciences_geophysics_geomagnetism,association,formalizes,0.82,true,association,atlas taxonomy
atlas_atlas_earth_geosciences_geophysics_geomagnetism_methods_and_instruments,atlas_earth_geosciences_geophysics_geomagnetism,association,method_for,0.82,true,association,atlas taxonomy
atlas_atlas_earth_geosciences_geophysics_geomagnetism_open_questions,atlas_earth_geosciences_geophysics_geomagnetism,association,investigates,0.72,true,association,atlas taxonomy
atlas_atlas_earth_geosciences_geophysics_geomagnetism_applications_and_implications,atlas_earth_geosciences_geophysics_geomagnetism,application,application_of,0.82,true,application,atlas taxonomy
atlas_earth_geosciences_geophysics_geodesy,atlas_earth_geosciences_geophysics,structure,part_of,0.94,true,structure,atlas taxonomy
atlas_atlas_earth_geosciences_geophysics_geodesy_theoretical_foundations,atlas_earth_geosciences_geophysics_geodesy,association,formalizes,0.82,true,association,atlas taxonomy
atlas_atlas_earth_geosciences_geophysics_geodesy_methods_and_instruments,atlas_earth_geosciences_geophysics_geodesy,association,method_for,0.82,true,association,atlas taxonomy
atlas_atlas_earth_geosciences_geophysics_geodesy_open_questions,atlas_earth_geosciences_geophysics_geodesy,association,investigates,0.72,true,association,atlas taxonomy
atlas_atlas_earth_geosciences_geophysics_geodesy_applications_and_implications,atlas_earth_geosciences_geophysics_geodesy,application,application_of,0.82,true,application,atlas taxonomy
atlas_earth_geosciences_geophysics_earth_interior,atlas_earth_geosciences_geophysics,structure,part_of,0.94,true,structure,atlas taxonomy
atlas_atlas_earth_geosciences_geophysics_earth_interior_theoretical_foundations,atlas_earth_geosciences_geophysics_earth_interior,association,formalizes,0.82,true,association,atlas taxonomy
atlas_atlas_earth_geosciences_geophysics_earth_interior_methods_and_instruments,atlas_earth_geosciences_geophysics_earth_interior,association,method_for,0.82,true,association,atlas taxonomy
atlas_atlas_earth_geosciences_geophysics_earth_interior_open_questions,atlas_earth_geosciences_geophysics_earth_interior,association,investigates,0.72,true,association,atlas taxonomy
atlas_atlas_earth_geosciences_geophysics_earth_interior_applications_and_implications,atlas_earth_geosciences_geophysics_earth_interior,application,application_of,0.82,true,application,atlas taxonomy
atlas_earth_geosciences_geophysics_exploration_geophysics,atlas_earth_geosciences_geophysics,structure,part_of,0.94,true,structure,atlas taxonomy
atlas_atlas_earth_geosciences_geophysics_exploration_geophysics_theoretical_foundations,atlas_earth_geosciences_geophysics_exploration_geophysics,association,formalizes,0.82,true,association,atlas taxonomy
atlas_atlas_earth_geosciences_geophysics_exploration_geophysics_methods_and_instruments,atlas_earth_geosciences_geophysics_exploration_geophysics,association,method_for,0.82,true,association,atlas taxonomy
atlas_atlas_earth_geosciences_geophysics_exploration_geophysics_open_questions,atlas_earth_geosciences_geophysics_exploration_geophysics,association,investigates,0.72,true,association,atlas taxonomy
atlas_atlas_earth_geosciences_geophysics_exploration_geophysics_applications_and_implications,atlas_earth_geosciences_geophysics_exploration_geophysics,application,application_of,0.82,true,application,atlas taxonomy
atlas_earth_geosciences_geophysics_seismology,atlas_earth_geosciences_geophysics_geomagnetism,interaction,related_to,0.62,false,interaction,atlas taxonomy
atlas_earth_geosciences_geophysics_geomagnetism,atlas_earth_geosciences_geophysics_geodesy,interaction,related_to,0.62,false,interaction,atlas taxonomy
atlas_earth_geosciences_geophysics_geodesy,atlas_earth_geosciences_geophysics_earth_interior,interaction,related_to,0.62,false,interaction,atlas taxonomy
atlas_earth_geosciences_geophysics_earth_interior,atlas_earth_geosciences_geophysics_exploration_geophysics,interaction,related_to,0.62,false,interaction,atlas taxonomy
atlas_earth_geosciences_tectonics_and_hazards,atlas_earth_geosciences_domain,structure,part_of,0.96,true,structure,atlas taxonomy
plate_tectonics,atlas_earth_geosciences_tectonics_and_hazards,structure,part_of,0.94,true,structure,atlas taxonomy
atlas_plate_tectonics_theoretical_foundations,plate_tectonics,association,formalizes,0.82,true,association,atlas taxonomy
atlas_plate_tectonics_methods_and_instruments,plate_tectonics,association,method_for,0.82,true,association,atlas taxonomy
atlas_plate_tectonics_open_questions,plate_tectonics,association,investigates,0.72,true,association,atlas taxonomy
atlas_plate_tectonics_applications_and_implications,plate_tectonics,application,application_of,0.82,true,application,atlas taxonomy
atlas_earth_geosciences_tectonics_and_hazards_earthquake_physics,atlas_earth_geosciences_tectonics_and_hazards,structure,part_of,0.94,true,structure,atlas taxonomy
atlas_atlas_earth_geosciences_tectonics_and_hazards_earthquake_physics_theoretical_foundations,atlas_earth_geosciences_tectonics_and_hazards_earthquake_physics,association,formalizes,0.82,true,association,atlas taxonomy
atlas_atlas_earth_geosciences_tectonics_and_hazards_earthquake_physics_methods_and_instruments,atlas_earth_geosciences_tectonics_and_hazards_earthquake_physics,association,method_for,0.82,true,association,atlas taxonomy
atlas_atlas_earth_geosciences_tectonics_and_hazards_earthquake_physics_open_questions,atlas_earth_geosciences_tectonics_and_hazards_earthquake_physics,association,investigates,0.72,true,association,atlas taxonomy
atlas_atlas_earth_geosciences_tectonics_and_hazards_earthquake_physics_applications_and_implicat,atlas_earth_geosciences_tectonics_and_hazards_earthquake_physics,application,application_of,0.82,true,application,atlas taxonomy
atlas_earth_geosciences_tectonics_and_hazards_volcanology,atlas_earth_geosciences_tectonics_and_hazards,structure,part_of,0.94,true,structure,atlas taxonomy
atlas_atlas_earth_geosciences_tectonics_and_hazards_volcanology_theoretical_foundations,atlas_earth_geosciences_tectonics_and_hazards_volcanology,association,formalizes,0.82,true,association,atlas taxonomy
atlas_atlas_earth_geosciences_tectonics_and_hazards_volcanology_methods_and_instruments,atlas_earth_geosciences_tectonics_and_hazards_volcanology,association,method_for,0.82,true,association,atlas taxonomy
atlas_atlas_earth_geosciences_tectonics_and_hazards_volcanology_open_questions,atlas_earth_geosciences_tectonics_and_hazards_volcanology,association,investigates,0.72,true,association,atlas taxonomy
atlas_atlas_earth_geosciences_tectonics_and_hazards_volcanology_applications_and_implications,atlas_earth_geosciences_tectonics_and_hazards_volcanology,application,application_of,0.82,true,application,atlas taxonomy
atlas_earth_geosciences_tectonics_and_hazards_landslides,atlas_earth_geosciences_tectonics_and_hazards,structure,part_of,0.94,true,structure,atlas taxonomy
atlas_atlas_earth_geosciences_tectonics_and_hazards_landslides_theoretical_foundations,atlas_earth_geosciences_tectonics_and_hazards_landslides,association,formalizes,0.82,true,association,atlas taxonomy
atlas_atlas_earth_geosciences_tectonics_and_hazards_landslides_methods_and_instruments,atlas_earth_geosciences_tectonics_and_hazards_landslides,association,method_for,0.82,true,association,atlas taxonomy
atlas_atlas_earth_geosciences_tectonics_and_hazards_landslides_open_questions,atlas_earth_geosciences_tectonics_and_hazards_landslides,association,investigates,0.72,true,association,atlas taxonomy
atlas_atlas_earth_geosciences_tectonics_and_hazards_landslides_applications_and_implications,atlas_earth_geosciences_tectonics_and_hazards_landslides,application,application_of,0.82,true,application,atlas taxonomy
atlas_earth_geosciences_tectonics_and_hazards_tsunami_science,atlas_earth_geosciences_tectonics_and_hazards,structure,part_of,0.94,true,structure,atlas taxonomy
atlas_atlas_earth_geosciences_tectonics_and_hazards_tsunami_science_theoretical_foundations,atlas_earth_geosciences_tectonics_and_hazards_tsunami_science,association,formalizes,0.82,true,association,atlas taxonomy
atlas_atlas_earth_geosciences_tectonics_and_hazards_tsunami_science_methods_and_instruments,atlas_earth_geosciences_tectonics_and_hazards_tsunami_science,association,method_for,0.82,true,association,atlas taxonomy
atlas_atlas_earth_geosciences_tectonics_and_hazards_tsunami_science_open_questions,atlas_earth_geosciences_tectonics_and_hazards_tsunami_science,association,investigates,0.72,true,association,atlas taxonomy
atlas_atlas_earth_geosciences_tectonics_and_hazards_tsunami_science_applications_and_implication,atlas_earth_geosciences_tectonics_and_hazards_tsunami_science,application,application_of,0.82,true,application,atlas taxonomy
plate_tectonics,atlas_earth_geosciences_tectonics_and_hazards_earthquake_physics,interaction,related_to,0.62,false,interaction,atlas taxonomy
atlas_earth_geosciences_tectonics_and_hazards_earthquake_physics,atlas_earth_geosciences_tectonics_and_hazards_volcanology,interaction,related_to,0.62,false,interaction,atlas taxonomy
atlas_earth_geosciences_tectonics_and_hazards_volcanology,atlas_earth_geosciences_tectonics_and_hazards_landslides,interaction,related_to,0.62,false,interaction,atlas taxonomy
atlas_earth_geosciences_tectonics_and_hazards_landslides,atlas_earth_geosciences_tectonics_and_hazards_tsunami_science,interaction,related_to,0.62,false,interaction,atlas taxonomy
atlas_earth_geosciences_hydrology_and_cryosphere,atlas_earth_geosciences_domain,structure,part_of,0.96,true,structure,atlas taxonomy
atlas_earth_geosciences_hydrology_and_cryosphere_groundwater,atlas_earth_geosciences_hydrology_and_cryosphere,structure,part_of,0.94,true,structure,atlas taxonomy
atlas_atlas_earth_geosciences_hydrology_and_cryosphere_groundwater_theoretical_foundations,atlas_earth_geosciences_hydrology_and_cryosphere_groundwater,association,formalizes,0.82,true,association,atlas taxonomy
atlas_atlas_earth_geosciences_hydrology_and_cryosphere_groundwater_methods_and_instruments,atlas_earth_geosciences_hydrology_and_cryosphere_groundwater,association,method_for,0.82,true,association,atlas taxonomy
atlas_atlas_earth_geosciences_hydrology_and_cryosphere_groundwater_open_questions,atlas_earth_geosciences_hydrology_and_cryosphere_groundwater,association,investigates,0.72,true,association,atlas taxonomy
atlas_atlas_earth_geosciences_hydrology_and_cryosphere_groundwater_applications_and_implications,atlas_earth_geosciences_hydrology_and_cryosphere_groundwater,application,application_of,0.82,true,application,atlas taxonomy
atlas_earth_geosciences_hydrology_and_cryosphere_watersheds,atlas_earth_geosciences_hydrology_and_cryosphere,structure,part_of,0.94,true,structure,atlas taxonomy
atlas_atlas_earth_geosciences_hydrology_and_cryosphere_watersheds_theoretical_foundations,atlas_earth_geosciences_hydrology_and_cryosphere_watersheds,association,formalizes,0.82,true,association,atlas taxonomy
atlas_atlas_earth_geosciences_hydrology_and_cryosphere_watersheds_methods_and_instruments,atlas_earth_geosciences_hydrology_and_cryosphere_watersheds,association,method_for,0.82,true,association,atlas taxonomy
atlas_atlas_earth_geosciences_hydrology_and_cryosphere_watersheds_open_questions,atlas_earth_geosciences_hydrology_and_cryosphere_watersheds,association,investigates,0.72,true,association,atlas taxonomy
atlas_atlas_earth_geosciences_hydrology_and_cryosphere_watersheds_applications_and_implications,atlas_earth_geosciences_hydrology_and_cryosphere_watersheds,application,application_of,0.82,true,application,atlas taxonomy
atlas_earth_geosciences_hydrology_and_cryosphere_glaciology,atlas_earth_geosciences_hydrology_and_cryosphere,structure,part_of,0.94,true,structure,atlas taxonomy
atlas_atlas_earth_geosciences_hydrology_and_cryosphere_glaciology_theoretical_foundations,atlas_earth_geosciences_hydrology_and_cryosphere_glaciology,association,formalizes,0.82,true,association,atlas taxonomy
atlas_atlas_earth_geosciences_hydrology_and_cryosphere_glaciology_methods_and_instruments,atlas_earth_geosciences_hydrology_and_cryosphere_glaciology,association,method_for,0.82,true,association,atlas taxonomy
atlas_atlas_earth_geosciences_hydrology_and_cryosphere_glaciology_open_questions,atlas_earth_geosciences_hydrology_and_cryosphere_glaciology,association,investigates,0.72,true,association,atlas taxonomy
atlas_atlas_earth_geosciences_hydrology_and_cryosphere_glaciology_applications_and_implications,atlas_earth_geosciences_hydrology_and_cryosphere_glaciology,application,application_of,0.82,true,application,atlas taxonomy
atlas_earth_geosciences_hydrology_and_cryosphere_permafrost,atlas_earth_geosciences_hydrology_and_cryosphere,structure,part_of,0.94,true,structure,atlas taxonomy
atlas_atlas_earth_geosciences_hydrology_and_cryosphere_permafrost_theoretical_foundations,atlas_earth_geosciences_hydrology_and_cryosphere_permafrost,association,formalizes,0.82,true,association,atlas taxonomy
atlas_atlas_earth_geosciences_hydrology_and_cryosphere_permafrost_methods_and_instruments,atlas_earth_geosciences_hydrology_and_cryosphere_permafrost,association,method_for,0.82,true,association,atlas taxonomy
atlas_atlas_earth_geosciences_hydrology_and_cryosphere_permafrost_open_questions,atlas_earth_geosciences_hydrology_and_cryosphere_permafrost,association,investigates,0.72,true,association,atlas taxonomy
atlas_atlas_earth_geosciences_hydrology_and_cryosphere_permafrost_applications_and_implications,atlas_earth_geosciences_hydrology_and_cryosphere_permafrost,application,application_of,0.82,true,application,atlas taxonomy
atlas_earth_geosciences_hydrology_and_cryosphere_snow_hydrology,atlas_earth_geosciences_hydrology_and_cryosphere,structure,part_of,0.94,true,structure,atlas taxonomy
atlas_atlas_earth_geosciences_hydrology_and_cryosphere_snow_hydrology_theoretical_foundations,atlas_earth_geosciences_hydrology_and_cryosphere_snow_hydrology,association,formalizes,0.82,true,association,atlas taxonomy
atlas_atlas_earth_geosciences_hydrology_and_cryosphere_snow_hydrology_methods_and_instruments,atlas_earth_geosciences_hydrology_and_cryosphere_snow_hydrology,association,method_for,0.82,true,association,atlas taxonomy
atlas_atlas_earth_geosciences_hydrology_and_cryosphere_snow_hydrology_open_questions,atlas_earth_geosciences_hydrology_and_cryosphere_snow_hydrology,association,investigates,0.72,true,association,atlas taxonomy
atlas_atlas_earth_geosciences_hydrology_and_cryosphere_snow_hydrology_applications_and_implicati,atlas_earth_geosciences_hydrology_and_cryosphere_snow_hydrology,application,application_of,0.82,true,application,atlas taxonomy
atlas_earth_geosciences_hydrology_and_cryosphere_groundwater,atlas_earth_geosciences_hydrology_and_cryosphere_watersheds,interaction,related_to,0.62,false,interaction,atlas taxonomy
atlas_earth_geosciences_hydrology_and_cryosphere_watersheds,atlas_earth_geosciences_hydrology_and_cryosphere_glaciology,interaction,related_to,0.62,false,interaction,atlas taxonomy
atlas_earth_geosciences_hydrology_and_cryosphere_glaciology,atlas_earth_geosciences_hydrology_and_cryosphere_permafrost,interaction,related_to,0.62,false,interaction,atlas taxonomy
atlas_earth_geosciences_hydrology_and_cryosphere_permafrost,atlas_earth_geosciences_hydrology_and_cryosphere_snow_hydrology,interaction,related_to,0.62,false,interaction,atlas taxonomy
atlas_earth_geosciences_paleoscience,atlas_earth_geosciences_domain,structure,part_of,0.96,true,structure,atlas taxonomy
atlas_earth_geosciences_paleoscience_paleontology,atlas_earth_geosciences_paleoscience,structure,part_of,0.94,true,structure,atlas taxonomy
atlas_atlas_earth_geosciences_paleoscience_paleontology_theoretical_foundations,atlas_earth_geosciences_paleoscience_paleontology,association,formalizes,0.82,true,association,atlas taxonomy
atlas_atlas_earth_geosciences_paleoscience_paleontology_methods_and_instruments,atlas_earth_geosciences_paleoscience_paleontology,association,method_for,0.82,true,association,atlas taxonomy
atlas_atlas_earth_geosciences_paleoscience_paleontology_open_questions,atlas_earth_geosciences_paleoscience_paleontology,association,investigates,0.72,true,association,atlas taxonomy
atlas_atlas_earth_geosciences_paleoscience_paleontology_applications_and_implications,atlas_earth_geosciences_paleoscience_paleontology,application,application_of,0.82,true,application,atlas taxonomy
atlas_earth_geosciences_paleoscience_paleoclimatology,atlas_earth_geosciences_paleoscience,structure,part_of,0.94,true,structure,atlas taxonomy
atlas_atlas_earth_geosciences_paleoscience_paleoclimatology_theoretical_foundations,atlas_earth_geosciences_paleoscience_paleoclimatology,association,formalizes,0.82,true,association,atlas taxonomy
atlas_atlas_earth_geosciences_paleoscience_paleoclimatology_methods_and_instruments,atlas_earth_geosciences_paleoscience_paleoclimatology,association,method_for,0.82,true,association,atlas taxonomy
atlas_atlas_earth_geosciences_paleoscience_paleoclimatology_open_questions,atlas_earth_geosciences_paleoscience_paleoclimatology,association,investigates,0.72,true,association,atlas taxonomy
atlas_atlas_earth_geosciences_paleoscience_paleoclimatology_applications_and_implications,atlas_earth_geosciences_paleoscience_paleoclimatology,application,application_of,0.82,true,application,atlas taxonomy
atlas_earth_geosciences_paleoscience_stratigraphy,atlas_earth_geosciences_paleoscience,structure,part_of,0.94,true,structure,atlas taxonomy
atlas_atlas_earth_geosciences_paleoscience_stratigraphy_theoretical_foundations,atlas_earth_geosciences_paleoscience_stratigraphy,association,formalizes,0.82,true,association,atlas taxonomy
atlas_atlas_earth_geosciences_paleoscience_stratigraphy_methods_and_instruments,atlas_earth_geosciences_paleoscience_stratigraphy,association,method_for,0.82,true,association,atlas taxonomy
atlas_atlas_earth_geosciences_paleoscience_stratigraphy_open_questions,atlas_earth_geosciences_paleoscience_stratigraphy,association,investigates,0.72,true,association,atlas taxonomy
atlas_atlas_earth_geosciences_paleoscience_stratigraphy_applications_and_implications,atlas_earth_geosciences_paleoscience_stratigraphy,application,application_of,0.82,true,application,atlas taxonomy
atlas_earth_geosciences_paleoscience_mass_extinctions,atlas_earth_geosciences_paleoscience,structure,part_of,0.94,true,structure,atlas taxonomy
atlas_atlas_earth_geosciences_paleoscience_mass_extinctions_theoretical_foundations,atlas_earth_geosciences_paleoscience_mass_extinctions,association,formalizes,0.82,true,association,atlas taxonomy
atlas_atlas_earth_geosciences_paleoscience_mass_extinctions_methods_and_instruments,atlas_earth_geosciences_paleoscience_mass_extinctions,association,method_for,0.82,true,association,atlas taxonomy
atlas_atlas_earth_geosciences_paleoscience_mass_extinctions_open_questions,atlas_earth_geosciences_paleoscience_mass_extinctions,association,investigates,0.72,true,association,atlas taxonomy
atlas_atlas_earth_geosciences_paleoscience_mass_extinctions_applications_and_implications,atlas_earth_geosciences_paleoscience_mass_extinctions,application,application_of,0.82,true,application,atlas taxonomy
atlas_earth_geosciences_paleoscience_earth_system_history,atlas_earth_geosciences_paleoscience,structure,part_of,0.94,true,structure,atlas taxonomy
atlas_atlas_earth_geosciences_paleoscience_earth_system_history_theoretical_foundations,atlas_earth_geosciences_paleoscience_earth_system_history,association,formalizes,0.82,true,association,atlas taxonomy
atlas_atlas_earth_geosciences_paleoscience_earth_system_history_methods_and_instruments,atlas_earth_geosciences_paleoscience_earth_system_history,association,method_for,0.82,true,association,atlas taxonomy
atlas_atlas_earth_geosciences_paleoscience_earth_system_history_open_questions,atlas_earth_geosciences_paleoscience_earth_system_history,association,investigates,0.72,true,association,atlas taxonomy
atlas_atlas_earth_geosciences_paleoscience_earth_system_history_applications_and_implications,atlas_earth_geosciences_paleoscience_earth_system_history,application,application_of,0.82,true,application,atlas taxonomy
atlas_earth_geosciences_paleoscience_paleontology,atlas_earth_geosciences_paleoscience_paleoclimatology,interaction,related_to,0.62,false,interaction,atlas taxonomy
atlas_earth_geosciences_paleoscience_paleoclimatology,atlas_earth_geosciences_paleoscience_stratigraphy,interaction,related_to,0.62,false,interaction,atlas taxonomy
atlas_earth_geosciences_paleoscience_stratigraphy,atlas_earth_geosciences_paleoscience_mass_extinctions,interaction,related_to,0.62,false,interaction,atlas taxonomy
atlas_earth_geosciences_paleoscience_mass_extinctions,atlas_earth_geosciences_paleoscience_earth_system_history,interaction,related_to,0.62,false,interaction,atlas taxonomy
atlas_earth_geosciences_geology,atlas_earth_geosciences_geophysics,interaction,related_to,0.66,false,interaction,atlas taxonomy
atlas_earth_geosciences_geophysics,atlas_earth_geosciences_tectonics_and_hazards,interaction,related_to,0.66,false,interaction,atlas taxonomy
atlas_earth_geosciences_tectonics_and_hazards,atlas_earth_geosciences_hydrology_and_cryosphere,interaction,related_to,0.66,false,interaction,atlas taxonomy
atlas_earth_geosciences_hydrology_and_cryosphere,atlas_earth_geosciences_paleoscience,interaction,related_to,0.66,false,interaction,atlas taxonomy
atlas_climate_atmosphere_atmospheric_physics,atlas_climate_atmosphere_domain,structure,part_of,0.96,true,structure,atlas taxonomy
atlas_climate_atmosphere_atmospheric_physics_radiative_transfer,atlas_climate_atmosphere_atmospheric_physics,structure,part_of,0.94,true,structure,atlas taxonomy
atlas_atlas_climate_atmosphere_atmospheric_physics_radiative_transfer_theoretical_foundations,atlas_climate_atmosphere_atmospheric_physics_radiative_transfer,association,formalizes,0.82,true,association,atlas taxonomy
atlas_atlas_climate_atmosphere_atmospheric_physics_radiative_transfer_methods_and_instruments,atlas_climate_atmosphere_atmospheric_physics_radiative_transfer,association,method_for,0.82,true,association,atlas taxonomy
atlas_atlas_climate_atmosphere_atmospheric_physics_radiative_transfer_open_questions,atlas_climate_atmosphere_atmospheric_physics_radiative_transfer,association,investigates,0.72,true,association,atlas taxonomy
atlas_atlas_climate_atmosphere_atmospheric_physics_radiative_transfer_applications_and_implicati,atlas_climate_atmosphere_atmospheric_physics_radiative_transfer,application,application_of,0.82,true,application,atlas taxonomy
atlas_climate_atmosphere_atmospheric_physics_cloud_microphysics,atlas_climate_atmosphere_atmospheric_physics,structure,part_of,0.94,true,structure,atlas taxonomy
atlas_atlas_climate_atmosphere_atmospheric_physics_cloud_microphysics_theoretical_foundations,atlas_climate_atmosphere_atmospheric_physics_cloud_microphysics,association,formalizes,0.82,true,association,atlas taxonomy
atlas_atlas_climate_atmosphere_atmospheric_physics_cloud_microphysics_methods_and_instruments,atlas_climate_atmosphere_atmospheric_physics_cloud_microphysics,association,method_for,0.82,true,association,atlas taxonomy
atlas_atlas_climate_atmosphere_atmospheric_physics_cloud_microphysics_open_questions,atlas_climate_atmosphere_atmospheric_physics_cloud_microphysics,association,investigates,0.72,true,association,atlas taxonomy
atlas_atlas_climate_atmosphere_atmospheric_physics_cloud_microphysics_applications_and_implicati,atlas_climate_atmosphere_atmospheric_physics_cloud_microphysics,application,application_of,0.82,true,application,atlas taxonomy
atlas_climate_atmosphere_atmospheric_physics_atmospheric_dynamics,atlas_climate_atmosphere_atmospheric_physics,structure,part_of,0.94,true,structure,atlas taxonomy
atlas_atlas_climate_atmosphere_atmospheric_physics_atmospheric_dynamics_theoretical_foundations,atlas_climate_atmosphere_atmospheric_physics_atmospheric_dynamics,association,formalizes,0.82,true,association,atlas taxonomy
atlas_atlas_climate_atmosphere_atmospheric_physics_atmospheric_dynamics_methods_and_instruments,atlas_climate_atmosphere_atmospheric_physics_atmospheric_dynamics,association,method_for,0.82,true,association,atlas taxonomy
atlas_atlas_climate_atmosphere_atmospheric_physics_atmospheric_dynamics_open_questions,atlas_climate_atmosphere_atmospheric_physics_atmospheric_dynamics,association,investigates,0.72,true,association,atlas taxonomy
atlas_atlas_climate_atmosphere_atmospheric_physics_atmospheric_dynamics_applications_and_implica,atlas_climate_atmosphere_atmospheric_physics_atmospheric_dynamics,application,application_of,0.82,true,application,atlas taxonomy
atlas_climate_atmosphere_atmospheric_physics_boundary_layers,atlas_climate_atmosphere_atmospheric_physics,structure,part_of,0.94,true,structure,atlas taxonomy
atlas_atlas_climate_atmosphere_atmospheric_physics_boundary_layers_theoretical_foundations,atlas_climate_atmosphere_atmospheric_physics_boundary_layers,association,formalizes,0.82,true,association,atlas taxonomy
atlas_atlas_climate_atmosphere_atmospheric_physics_boundary_layers_methods_and_instruments,atlas_climate_atmosphere_atmospheric_physics_boundary_layers,association,method_for,0.82,true,association,atlas taxonomy
atlas_atlas_climate_atmosphere_atmospheric_physics_boundary_layers_open_questions,atlas_climate_atmosphere_atmospheric_physics_boundary_layers,association,investigates,0.72,true,association,atlas taxonomy
atlas_atlas_climate_atmosphere_atmospheric_physics_boundary_layers_applications_and_implications,atlas_climate_atmosphere_atmospheric_physics_boundary_layers,application,application_of,0.82,true,application,atlas taxonomy
atlas_climate_atmosphere_atmospheric_physics_aerosols,atlas_climate_atmosphere_atmospheric_physics,structure,part_of,0.94,true,structure,atlas taxonomy
atlas_atlas_climate_atmosphere_atmospheric_physics_aerosols_theoretical_foundations,atlas_climate_atmosphere_atmospheric_physics_aerosols,association,formalizes,0.82,true,association,atlas taxonomy
atlas_atlas_climate_atmosphere_atmospheric_physics_aerosols_methods_and_instruments,atlas_climate_atmosphere_atmospheric_physics_aerosols,association,method_for,0.82,true,association,atlas taxonomy
atlas_atlas_climate_atmosphere_atmospheric_physics_aerosols_open_questions,atlas_climate_atmosphere_atmospheric_physics_aerosols,association,investigates,0.72,true,association,atlas taxonomy
atlas_atlas_climate_atmosphere_atmospheric_physics_aerosols_applications_and_implications,atlas_climate_atmosphere_atmospheric_physics_aerosols,application,application_of,0.82,true,application,atlas taxonomy
atlas_climate_atmosphere_atmospheric_physics_radiative_transfer,atlas_climate_atmosphere_atmospheric_physics_cloud_microphysics,interaction,related_to,0.62,false,interaction,atlas taxonomy
atlas_climate_atmosphere_atmospheric_physics_cloud_microphysics,atlas_climate_atmosphere_atmospheric_physics_atmospheric_dynamics,interaction,related_to,0.62,false,interaction,atlas taxonomy
atlas_climate_atmosphere_atmospheric_physics_atmospheric_dynamics,atlas_climate_atmosphere_atmospheric_physics_boundary_layers,interaction,related_to,0.62,false,interaction,atlas taxonomy
atlas_climate_atmosphere_atmospheric_physics_boundary_layers,atlas_climate_atmosphere_atmospheric_physics_aerosols,interaction,related_to,0.62,false,interaction,atlas taxonomy
atlas_climate_atmosphere_weather_science,atlas_climate_atmosphere_domain,structure,part_of,0.96,true,structure,atlas taxonomy
atlas_climate_atmosphere_weather_science_synoptic_meteorology,atlas_climate_atmosphere_weather_science,structure,part_of,0.94,true,structure,atlas taxonomy
atlas_atlas_climate_atmosphere_weather_science_synoptic_meteorology_theoretical_foundations,atlas_climate_atmosphere_weather_science_synoptic_meteorology,association,formalizes,0.82,true,association,atlas taxonomy
atlas_atlas_climate_atmosphere_weather_science_synoptic_meteorology_methods_and_instruments,atlas_climate_atmosphere_weather_science_synoptic_meteorology,association,method_for,0.82,true,association,atlas taxonomy
atlas_atlas_climate_atmosphere_weather_science_synoptic_meteorology_open_questions,atlas_climate_atmosphere_weather_science_synoptic_meteorology,association,investigates,0.72,true,association,atlas taxonomy
atlas_atlas_climate_atmosphere_weather_science_synoptic_meteorology_applications_and_implication,atlas_climate_atmosphere_weather_science_synoptic_meteorology,application,application_of,0.82,true,application,atlas taxonomy
atlas_climate_atmosphere_weather_science_convective_storms,atlas_climate_atmosphere_weather_science,structure,part_of,0.94,true,structure,atlas taxonomy
atlas_atlas_climate_atmosphere_weather_science_convective_storms_theoretical_foundations,atlas_climate_atmosphere_weather_science_convective_storms,association,formalizes,0.82,true,association,atlas taxonomy
atlas_atlas_climate_atmosphere_weather_science_convective_storms_methods_and_instruments,atlas_climate_atmosphere_weather_science_convective_storms,association,method_for,0.82,true,association,atlas taxonomy
atlas_atlas_climate_atmosphere_weather_science_convective_storms_open_questions,atlas_climate_atmosphere_weather_science_convective_storms,association,investigates,0.72,true,association,atlas taxonomy
atlas_atlas_climate_atmosphere_weather_science_convective_storms_applications_and_implications,atlas_climate_atmosphere_weather_science_convective_storms,application,application_of,0.82,true,application,atlas taxonomy
atlas_climate_atmosphere_weather_science_tropical_cyclones,atlas_climate_atmosphere_weather_science,structure,part_of,0.94,true,structure,atlas taxonomy
atlas_atlas_climate_atmosphere_weather_science_tropical_cyclones_theoretical_foundations,atlas_climate_atmosphere_weather_science_tropical_cyclones,association,formalizes,0.82,true,association,atlas taxonomy
atlas_atlas_climate_atmosphere_weather_science_tropical_cyclones_methods_and_instruments,atlas_climate_atmosphere_weather_science_tropical_cyclones,association,method_for,0.82,true,association,atlas taxonomy
atlas_atlas_climate_atmosphere_weather_science_tropical_cyclones_open_questions,atlas_climate_atmosphere_weather_science_tropical_cyclones,association,investigates,0.72,true,association,atlas taxonomy
atlas_atlas_climate_atmosphere_weather_science_tropical_cyclones_applications_and_implications,atlas_climate_atmosphere_weather_science_tropical_cyclones,application,application_of,0.82,true,application,atlas taxonomy
atlas_climate_atmosphere_weather_science_weather_prediction,atlas_climate_atmosphere_weather_science,structure,part_of,0.94,true,structure,atlas taxonomy
atlas_atlas_climate_atmosphere_weather_science_weather_prediction_theoretical_foundations,atlas_climate_atmosphere_weather_science_weather_prediction,association,formalizes,0.82,true,association,atlas taxonomy
atlas_atlas_climate_atmosphere_weather_science_weather_prediction_methods_and_instruments,atlas_climate_atmosphere_weather_science_weather_prediction,association,method_for,0.82,true,association,atlas taxonomy
atlas_atlas_climate_atmosphere_weather_science_weather_prediction_open_questions,atlas_climate_atmosphere_weather_science_weather_prediction,association,investigates,0.72,true,association,atlas taxonomy
atlas_atlas_climate_atmosphere_weather_science_weather_prediction_applications_and_implications,atlas_climate_atmosphere_weather_science_weather_prediction,application,application_of,0.82,true,application,atlas taxonomy
atlas_climate_atmosphere_weather_science_extreme_events,atlas_climate_atmosphere_weather_science,structure,part_of,0.94,true,structure,atlas taxonomy
atlas_atlas_climate_atmosphere_weather_science_extreme_events_theoretical_foundations,atlas_climate_atmosphere_weather_science_extreme_events,association,formalizes,0.82,true,association,atlas taxonomy
atlas_atlas_climate_atmosphere_weather_science_extreme_events_methods_and_instruments,atlas_climate_atmosphere_weather_science_extreme_events,association,method_for,0.82,true,association,atlas taxonomy
atlas_atlas_climate_atmosphere_weather_science_extreme_events_open_questions,atlas_climate_atmosphere_weather_science_extreme_events,association,investigates,0.72,true,association,atlas taxonomy
atlas_atlas_climate_atmosphere_weather_science_extreme_events_applications_and_implications,atlas_climate_atmosphere_weather_science_extreme_events,application,application_of,0.82,true,application,atlas taxonomy
atlas_climate_atmosphere_weather_science_synoptic_meteorology,atlas_climate_atmosphere_weather_science_convective_storms,interaction,related_to,0.62,false,interaction,atlas taxonomy
atlas_climate_atmosphere_weather_science_convective_storms,atlas_climate_atmosphere_weather_science_tropical_cyclones,interaction,related_to,0.62,false,interaction,atlas taxonomy
atlas_climate_atmosphere_weather_science_tropical_cyclones,atlas_climate_atmosphere_weather_science_weather_prediction,interaction,related_to,0.62,false,interaction,atlas taxonomy
atlas_climate_atmosphere_weather_science_weather_prediction,atlas_climate_atmosphere_weather_science_extreme_events,interaction,related_to,0.62,false,interaction,atlas taxonomy
atlas_climate_atmosphere_climate_dynamics,atlas_climate_atmosphere_domain,structure,part_of,0.96,true,structure,atlas taxonomy
atlas_climate_atmosphere_climate_dynamics_climate_variability,atlas_climate_atmosphere_climate_dynamics,structure,part_of,0.94,true,structure,atlas taxonomy
atlas_atlas_climate_atmosphere_climate_dynamics_climate_variability_theoretical_foundations,atlas_climate_atmosphere_climate_dynamics_climate_variability,association,formalizes,0.82,true,association,atlas taxonomy
atlas_atlas_climate_atmosphere_climate_dynamics_climate_variability_methods_and_instruments,atlas_climate_atmosphere_climate_dynamics_climate_variability,association,method_for,0.82,true,association,atlas taxonomy
atlas_atlas_climate_atmosphere_climate_dynamics_climate_variability_open_questions,atlas_climate_atmosphere_climate_dynamics_climate_variability,association,investigates,0.72,true,association,atlas taxonomy
atlas_atlas_climate_atmosphere_climate_dynamics_climate_variability_applications_and_implication,atlas_climate_atmosphere_climate_dynamics_climate_variability,application,application_of,0.82,true,application,atlas taxonomy
atlas_climate_atmosphere_climate_dynamics_climate_sensitivity,atlas_climate_atmosphere_climate_dynamics,structure,part_of,0.94,true,structure,atlas taxonomy
atlas_atlas_climate_atmosphere_climate_dynamics_climate_sensitivity_theoretical_foundations,atlas_climate_atmosphere_climate_dynamics_climate_sensitivity,association,formalizes,0.82,true,association,atlas taxonomy
atlas_atlas_climate_atmosphere_climate_dynamics_climate_sensitivity_methods_and_instruments,atlas_climate_atmosphere_climate_dynamics_climate_sensitivity,association,method_for,0.82,true,association,atlas taxonomy
atlas_atlas_climate_atmosphere_climate_dynamics_climate_sensitivity_open_questions,atlas_climate_atmosphere_climate_dynamics_climate_sensitivity,association,investigates,0.72,true,association,atlas taxonomy
atlas_atlas_climate_atmosphere_climate_dynamics_climate_sensitivity_applications_and_implication,atlas_climate_atmosphere_climate_dynamics_climate_sensitivity,application,application_of,0.82,true,application,atlas taxonomy
atlas_climate_atmosphere_climate_dynamics_ocean_atmosphere_coupling,atlas_climate_atmosphere_climate_dynamics,structure,part_of,0.94,true,structure,atlas taxonomy
atlas_atlas_climate_atmosphere_climate_dynamics_ocean_atmosphere_coupling_theoretical_foundation,atlas_climate_atmosphere_climate_dynamics_ocean_atmosphere_coupling,association,formalizes,0.82,true,association,atlas taxonomy
atlas_atlas_climate_atmosphere_climate_dynamics_ocean_atmosphere_coupling_methods_and_instrument,atlas_climate_atmosphere_climate_dynamics_ocean_atmosphere_coupling,association,method_for,0.82,true,association,atlas taxonomy
atlas_atlas_climate_atmosphere_climate_dynamics_ocean_atmosphere_coupling_open_questions,atlas_climate_atmosphere_climate_dynamics_ocean_atmosphere_coupling,association,investigates,0.72,true,association,atlas taxonomy
atlas_atlas_climate_atmosphere_climate_dynamics_ocean_atmosphere_coupling_applications_and_impli,atlas_climate_atmosphere_climate_dynamics_ocean_atmosphere_coupling,application,application_of,0.82,true,application,atlas taxonomy
atlas_climate_atmosphere_climate_dynamics_monsoons,atlas_climate_atmosphere_climate_dynamics,structure,part_of,0.94,true,structure,atlas taxonomy
atlas_atlas_climate_atmosphere_climate_dynamics_monsoons_theoretical_foundations,atlas_climate_atmosphere_climate_dynamics_monsoons,association,formalizes,0.82,true,association,atlas taxonomy
atlas_atlas_climate_atmosphere_climate_dynamics_monsoons_methods_and_instruments,atlas_climate_atmosphere_climate_dynamics_monsoons,association,method_for,0.82,true,association,atlas taxonomy
atlas_atlas_climate_atmosphere_climate_dynamics_monsoons_open_questions,atlas_climate_atmosphere_climate_dynamics_monsoons,association,investigates,0.72,true,association,atlas taxonomy
atlas_atlas_climate_atmosphere_climate_dynamics_monsoons_applications_and_implications,atlas_climate_atmosphere_climate_dynamics_monsoons,application,application_of,0.82,true,application,atlas taxonomy
atlas_climate_atmosphere_climate_dynamics_paleoclimate,atlas_climate_atmosphere_climate_dynamics,structure,part_of,0.94,true,structure,atlas taxonomy
atlas_atlas_climate_atmosphere_climate_dynamics_paleoclimate_theoretical_foundations,atlas_climate_atmosphere_climate_dynamics_paleoclimate,association,formalizes,0.82,true,association,atlas taxonomy
atlas_atlas_climate_atmosphere_climate_dynamics_paleoclimate_methods_and_instruments,atlas_climate_atmosphere_climate_dynamics_paleoclimate,association,method_for,0.82,true,association,atlas taxonomy
atlas_atlas_climate_atmosphere_climate_dynamics_paleoclimate_open_questions,atlas_climate_atmosphere_climate_dynamics_paleoclimate,association,investigates,0.72,true,association,atlas taxonomy
atlas_atlas_climate_atmosphere_climate_dynamics_paleoclimate_applications_and_implications,atlas_climate_atmosphere_climate_dynamics_paleoclimate,application,application_of,0.82,true,application,atlas taxonomy
atlas_climate_atmosphere_climate_dynamics_climate_variability,atlas_climate_atmosphere_climate_dynamics_climate_sensitivity,interaction,related_to,0.62,false,interaction,atlas taxonomy
atlas_climate_atmosphere_climate_dynamics_climate_sensitivity,atlas_climate_atmosphere_climate_dynamics_ocean_atmosphere_coupling,interaction,related_to,0.62,false,interaction,atlas taxonomy
atlas_climate_atmosphere_climate_dynamics_ocean_atmosphere_coupling,atlas_climate_atmosphere_climate_dynamics_monsoons,interaction,related_to,0.62,false,interaction,atlas taxonomy
atlas_climate_atmosphere_climate_dynamics_monsoons,atlas_climate_atmosphere_climate_dynamics_paleoclimate,interaction,related_to,0.62,false,interaction,atlas taxonomy
atlas_climate_atmosphere_climate_change,atlas_climate_atmosphere_domain,structure,part_of,0.96,true,structure,atlas taxonomy
atlas_climate_atmosphere_climate_change_attribution_science,atlas_climate_atmosphere_climate_change,structure,part_of,0.94,true,structure,atlas taxonomy
atlas_atlas_climate_atmosphere_climate_change_attribution_science_theoretical_foundations,atlas_climate_atmosphere_climate_change_attribution_science,association,formalizes,0.82,true,association,atlas taxonomy
atlas_atlas_climate_atmosphere_climate_change_attribution_science_methods_and_instruments,atlas_climate_atmosphere_climate_change_attribution_science,association,method_for,0.82,true,association,atlas taxonomy
atlas_atlas_climate_atmosphere_climate_change_attribution_science_open_questions,atlas_climate_atmosphere_climate_change_attribution_science,association,investigates,0.72,true,association,atlas taxonomy
atlas_atlas_climate_atmosphere_climate_change_attribution_science_applications_and_implications,atlas_climate_atmosphere_climate_change_attribution_science,application,application_of,0.82,true,application,atlas taxonomy
atlas_climate_atmosphere_climate_change_carbon_budgets,atlas_climate_atmosphere_climate_change,structure,part_of,0.94,true,structure,atlas taxonomy
atlas_atlas_climate_atmosphere_climate_change_carbon_budgets_theoretical_foundations,atlas_climate_atmosphere_climate_change_carbon_budgets,association,formalizes,0.82,true,association,atlas taxonomy
atlas_atlas_climate_atmosphere_climate_change_carbon_budgets_methods_and_instruments,atlas_climate_atmosphere_climate_change_carbon_budgets,association,method_for,0.82,true,association,atlas taxonomy
atlas_atlas_climate_atmosphere_climate_change_carbon_budgets_open_questions,atlas_climate_atmosphere_climate_change_carbon_budgets,association,investigates,0.72,true,association,atlas taxonomy
atlas_atlas_climate_atmosphere_climate_change_carbon_budgets_applications_and_implications,atlas_climate_atmosphere_climate_change_carbon_budgets,application,application_of,0.82,true,application,atlas taxonomy
atlas_climate_atmosphere_climate_change_sea_level_rise,atlas_climate_atmosphere_climate_change,structure,part_of,0.94,true,structure,atlas taxonomy
atlas_atlas_climate_atmosphere_climate_change_sea_level_rise_theoretical_foundations,atlas_climate_atmosphere_climate_change_sea_level_rise,association,formalizes,0.82,true,association,atlas taxonomy
atlas_atlas_climate_atmosphere_climate_change_sea_level_rise_methods_and_instruments,atlas_climate_atmosphere_climate_change_sea_level_rise,association,method_for,0.82,true,association,atlas taxonomy
atlas_atlas_climate_atmosphere_climate_change_sea_level_rise_open_questions,atlas_climate_atmosphere_climate_change_sea_level_rise,association,investigates,0.72,true,association,atlas taxonomy
atlas_atlas_climate_atmosphere_climate_change_sea_level_rise_applications_and_implications,atlas_climate_atmosphere_climate_change_sea_level_rise,application,application_of,0.82,true,application,atlas taxonomy
atlas_climate_atmosphere_climate_change_climate_tipping_points,atlas_climate_atmosphere_climate_change,structure,part_of,0.94,true,structure,atlas taxonomy
atlas_atlas_climate_atmosphere_climate_change_climate_tipping_points_theoretical_foundations,atlas_climate_atmosphere_climate_change_climate_tipping_points,association,formalizes,0.82,true,association,atlas taxonomy
atlas_atlas_climate_atmosphere_climate_change_climate_tipping_points_methods_and_instruments,atlas_climate_atmosphere_climate_change_climate_tipping_points,association,method_for,0.82,true,association,atlas taxonomy
atlas_atlas_climate_atmosphere_climate_change_climate_tipping_points_open_questions,atlas_climate_atmosphere_climate_change_climate_tipping_points,association,investigates,0.72,true,association,atlas taxonomy
atlas_atlas_climate_atmosphere_climate_change_climate_tipping_points_applications_and_implicatio,atlas_climate_atmosphere_climate_change_climate_tipping_points,application,application_of,0.82,true,application,atlas taxonomy
atlas_climate_atmosphere_climate_change_regional_projections,atlas_climate_atmosphere_climate_change,structure,part_of,0.94,true,structure,atlas taxonomy
atlas_atlas_climate_atmosphere_climate_change_regional_projections_theoretical_foundations,atlas_climate_atmosphere_climate_change_regional_projections,association,formalizes,0.82,true,association,atlas taxonomy
atlas_atlas_climate_atmosphere_climate_change_regional_projections_methods_and_instruments,atlas_climate_atmosphere_climate_change_regional_projections,association,method_for,0.82,true,association,atlas taxonomy
atlas_atlas_climate_atmosphere_climate_change_regional_projections_open_questions,atlas_climate_atmosphere_climate_change_regional_projections,association,investigates,0.72,true,association,atlas taxonomy
atlas_atlas_climate_atmosphere_climate_change_regional_projections_applications_and_implications,atlas_climate_atmosphere_climate_change_regional_projections,application,application_of,0.82,true,application,atlas taxonomy
atlas_climate_atmosphere_climate_change_attribution_science,atlas_climate_atmosphere_climate_change_carbon_budgets,interaction,related_to,0.62,false,interaction,atlas taxonomy
atlas_climate_atmosphere_climate_change_carbon_budgets,atlas_climate_atmosphere_climate_change_sea_level_rise,interaction,related_to,0.62,false,interaction,atlas taxonomy
atlas_climate_atmosphere_climate_change_sea_level_rise,atlas_climate_atmosphere_climate_change_climate_tipping_points,interaction,related_to,0.62,false,interaction,atlas taxonomy
atlas_climate_atmosphere_climate_change_climate_tipping_points,atlas_climate_atmosphere_climate_change_regional_projections,interaction,related_to,0.62,false,interaction,atlas taxonomy
atlas_climate_atmosphere_climate_intervention,atlas_climate_atmosphere_domain,structure,part_of,0.96,true,structure,atlas taxonomy
atlas_climate_atmosphere_climate_intervention_mitigation_pathways,atlas_climate_atmosphere_climate_intervention,structure,part_of,0.94,true,structure,atlas taxonomy
atlas_atlas_climate_atmosphere_climate_intervention_mitigation_pathways_theoretical_foundations,atlas_climate_atmosphere_climate_intervention_mitigation_pathways,association,formalizes,0.82,true,association,atlas taxonomy
atlas_atlas_climate_atmosphere_climate_intervention_mitigation_pathways_methods_and_instruments,atlas_climate_atmosphere_climate_intervention_mitigation_pathways,association,method_for,0.82,true,association,atlas taxonomy
atlas_atlas_climate_atmosphere_climate_intervention_mitigation_pathways_open_questions,atlas_climate_atmosphere_climate_intervention_mitigation_pathways,association,investigates,0.72,true,association,atlas taxonomy
atlas_atlas_climate_atmosphere_climate_intervention_mitigation_pathways_applications_and_implica,atlas_climate_atmosphere_climate_intervention_mitigation_pathways,application,application_of,0.82,true,application,atlas taxonomy
atlas_climate_atmosphere_climate_intervention_adaptation_science,atlas_climate_atmosphere_climate_intervention,structure,part_of,0.94,true,structure,atlas taxonomy
atlas_atlas_climate_atmosphere_climate_intervention_adaptation_science_theoretical_foundations,atlas_climate_atmosphere_climate_intervention_adaptation_science,association,formalizes,0.82,true,association,atlas taxonomy
atlas_atlas_climate_atmosphere_climate_intervention_adaptation_science_methods_and_instruments,atlas_climate_atmosphere_climate_intervention_adaptation_science,association,method_for,0.82,true,association,atlas taxonomy
atlas_atlas_climate_atmosphere_climate_intervention_adaptation_science_open_questions,atlas_climate_atmosphere_climate_intervention_adaptation_science,association,investigates,0.72,true,association,atlas taxonomy
atlas_atlas_climate_atmosphere_climate_intervention_adaptation_science_applications_and_implicat,atlas_climate_atmosphere_climate_intervention_adaptation_science,application,application_of,0.82,true,application,atlas taxonomy
atlas_climate_atmosphere_climate_intervention_carbon_removal,atlas_climate_atmosphere_climate_intervention,structure,part_of,0.94,true,structure,atlas taxonomy
atlas_atlas_climate_atmosphere_climate_intervention_carbon_removal_theoretical_foundations,atlas_climate_atmosphere_climate_intervention_carbon_removal,association,formalizes,0.82,true,association,atlas taxonomy
atlas_atlas_climate_atmosphere_climate_intervention_carbon_removal_methods_and_instruments,atlas_climate_atmosphere_climate_intervention_carbon_removal,association,method_for,0.82,true,association,atlas taxonomy
atlas_atlas_climate_atmosphere_climate_intervention_carbon_removal_open_questions,atlas_climate_atmosphere_climate_intervention_carbon_removal,association,investigates,0.72,true,association,atlas taxonomy
atlas_atlas_climate_atmosphere_climate_intervention_carbon_removal_applications_and_implications,atlas_climate_atmosphere_climate_intervention_carbon_removal,application,application_of,0.82,true,application,atlas taxonomy
atlas_climate_atmosphere_climate_intervention_solar_geoengineering,atlas_climate_atmosphere_climate_intervention,structure,part_of,0.94,true,structure,atlas taxonomy
atlas_atlas_climate_atmosphere_climate_intervention_solar_geoengineering_theoretical_foundations,atlas_climate_atmosphere_climate_intervention_solar_geoengineering,association,formalizes,0.82,true,association,atlas taxonomy
atlas_atlas_climate_atmosphere_climate_intervention_solar_geoengineering_methods_and_instruments,atlas_climate_atmosphere_climate_intervention_solar_geoengineering,association,method_for,0.82,true,association,atlas taxonomy
atlas_atlas_climate_atmosphere_climate_intervention_solar_geoengineering_open_questions,atlas_climate_atmosphere_climate_intervention_solar_geoengineering,association,investigates,0.72,true,association,atlas taxonomy
atlas_atlas_climate_atmosphere_climate_intervention_solar_geoengineering_applications_and_implic,atlas_climate_atmosphere_climate_intervention_solar_geoengineering,application,application_of,0.82,true,application,atlas taxonomy
atlas_climate_atmosphere_climate_intervention_climate_policy_modeling,atlas_climate_atmosphere_climate_intervention,structure,part_of,0.94,true,structure,atlas taxonomy
atlas_atlas_climate_atmosphere_climate_intervention_climate_policy_modeling_theoretical_foundati,atlas_climate_atmosphere_climate_intervention_climate_policy_modeling,association,formalizes,0.82,true,association,atlas taxonomy
atlas_atlas_climate_atmosphere_climate_intervention_climate_policy_modeling_methods_and_instrume,atlas_climate_atmosphere_climate_intervention_climate_policy_modeling,association,method_for,0.82,true,association,atlas taxonomy
atlas_atlas_climate_atmosphere_climate_intervention_climate_policy_modeling_open_questions,atlas_climate_atmosphere_climate_intervention_climate_policy_modeling,association,investigates,0.72,true,association,atlas taxonomy
atlas_atlas_climate_atmosphere_climate_intervention_climate_policy_modeling_applications_and_imp,atlas_climate_atmosphere_climate_intervention_climate_policy_modeling,application,application_of,0.82,true,application,atlas taxonomy
atlas_climate_atmosphere_climate_intervention_mitigation_pathways,atlas_climate_atmosphere_climate_intervention_adaptation_science,interaction,related_to,0.62,false,interaction,atlas taxonomy
atlas_climate_atmosphere_climate_intervention_adaptation_science,atlas_climate_atmosphere_climate_intervention_carbon_removal,interaction,related_to,0.62,false,interaction,atlas taxonomy
atlas_climate_atmosphere_climate_intervention_carbon_removal,atlas_climate_atmosphere_climate_intervention_solar_geoengineering,interaction,related_to,0.62,false,interaction,atlas taxonomy
atlas_climate_atmosphere_climate_intervention_solar_geoengineering,atlas_climate_atmosphere_climate_intervention_climate_policy_modeling,interaction,related_to,0.62,false,interaction,atlas taxonomy
atlas_climate_atmosphere_atmospheric_physics,atlas_climate_atmosphere_weather_science,interaction,related_to,0.66,false,interaction,atlas taxonomy
atlas_climate_atmosphere_weather_science,atlas_climate_atmosphere_climate_dynamics,interaction,related_to,0.66,false,interaction,atlas taxonomy
atlas_climate_atmosphere_climate_dynamics,atlas_climate_atmosphere_climate_change,interaction,related_to,0.66,false,interaction,atlas taxonomy
atlas_climate_atmosphere_climate_change,atlas_climate_atmosphere_climate_intervention,interaction,related_to,0.66,false,interaction,atlas taxonomy
atlas_ocean_marine_physical_oceanography,atlas_ocean_marine_domain,structure,part_of,0.96,true,structure,atlas taxonomy
ocean_circulation,atlas_ocean_marine_physical_oceanography,structure,part_of,0.94,true,structure,atlas taxonomy
atlas_ocean_circulation_theoretical_foundations,ocean_circulation,association,formalizes,0.82,true,association,atlas taxonomy
atlas_ocean_circulation_methods_and_instruments,ocean_circulation,association,method_for,0.82,true,association,atlas taxonomy
atlas_ocean_circulation_open_questions,ocean_circulation,association,investigates,0.72,true,association,atlas taxonomy
atlas_ocean_circulation_applications_and_implications,ocean_circulation,application,application_of,0.82,true,application,atlas taxonomy
atlas_ocean_marine_physical_oceanography_air_sea_interaction,atlas_ocean_marine_physical_oceanography,structure,part_of,0.94,true,structure,atlas taxonomy
atlas_atlas_ocean_marine_physical_oceanography_air_sea_interaction_theoretical_foundations,atlas_ocean_marine_physical_oceanography_air_sea_interaction,association,formalizes,0.82,true,association,atlas taxonomy
atlas_atlas_ocean_marine_physical_oceanography_air_sea_interaction_methods_and_instruments,atlas_ocean_marine_physical_oceanography_air_sea_interaction,association,method_for,0.82,true,association,atlas taxonomy
atlas_atlas_ocean_marine_physical_oceanography_air_sea_interaction_open_questions,atlas_ocean_marine_physical_oceanography_air_sea_interaction,association,investigates,0.72,true,association,atlas taxonomy
atlas_atlas_ocean_marine_physical_oceanography_air_sea_interaction_applications_and_implications,atlas_ocean_marine_physical_oceanography_air_sea_interaction,application,application_of,0.82,true,application,atlas taxonomy
atlas_ocean_marine_physical_oceanography_tides_and_waves,atlas_ocean_marine_physical_oceanography,structure,part_of,0.94,true,structure,atlas taxonomy
atlas_atlas_ocean_marine_physical_oceanography_tides_and_waves_theoretical_foundations,atlas_ocean_marine_physical_oceanography_tides_and_waves,association,formalizes,0.82,true,association,atlas taxonomy
atlas_atlas_ocean_marine_physical_oceanography_tides_and_waves_methods_and_instruments,atlas_ocean_marine_physical_oceanography_tides_and_waves,association,method_for,0.82,true,association,atlas taxonomy
atlas_atlas_ocean_marine_physical_oceanography_tides_and_waves_open_questions,atlas_ocean_marine_physical_oceanography_tides_and_waves,association,investigates,0.72,true,association,atlas taxonomy
atlas_atlas_ocean_marine_physical_oceanography_tides_and_waves_applications_and_implications,atlas_ocean_marine_physical_oceanography_tides_and_waves,application,application_of,0.82,true,application,atlas taxonomy
atlas_ocean_marine_physical_oceanography_ocean_mixing,atlas_ocean_marine_physical_oceanography,structure,part_of,0.94,true,structure,atlas taxonomy
atlas_atlas_ocean_marine_physical_oceanography_ocean_mixing_theoretical_foundations,atlas_ocean_marine_physical_oceanography_ocean_mixing,association,formalizes,0.82,true,association,atlas taxonomy
atlas_atlas_ocean_marine_physical_oceanography_ocean_mixing_methods_and_instruments,atlas_ocean_marine_physical_oceanography_ocean_mixing,association,method_for,0.82,true,association,atlas taxonomy
atlas_atlas_ocean_marine_physical_oceanography_ocean_mixing_open_questions,atlas_ocean_marine_physical_oceanography_ocean_mixing,association,investigates,0.72,true,association,atlas taxonomy
atlas_atlas_ocean_marine_physical_oceanography_ocean_mixing_applications_and_implications,atlas_ocean_marine_physical_oceanography_ocean_mixing,application,application_of,0.82,true,application,atlas taxonomy
atlas_ocean_marine_physical_oceanography_polar_oceans,atlas_ocean_marine_physical_oceanography,structure,part_of,0.94,true,structure,atlas taxonomy
atlas_atlas_ocean_marine_physical_oceanography_polar_oceans_theoretical_foundations,atlas_ocean_marine_physical_oceanography_polar_oceans,association,formalizes,0.82,true,association,atlas taxonomy
atlas_atlas_ocean_marine_physical_oceanography_polar_oceans_methods_and_instruments,atlas_ocean_marine_physical_oceanography_polar_oceans,association,method_for,0.82,true,association,atlas taxonomy
atlas_atlas_ocean_marine_physical_oceanography_polar_oceans_open_questions,atlas_ocean_marine_physical_oceanography_polar_oceans,association,investigates,0.72,true,association,atlas taxonomy
atlas_atlas_ocean_marine_physical_oceanography_polar_oceans_applications_and_implications,atlas_ocean_marine_physical_oceanography_polar_oceans,application,application_of,0.82,true,application,atlas taxonomy
ocean_circulation,atlas_ocean_marine_physical_oceanography_air_sea_interaction,interaction,related_to,0.62,false,interaction,atlas taxonomy
atlas_ocean_marine_physical_oceanography_air_sea_interaction,atlas_ocean_marine_physical_oceanography_tides_and_waves,interaction,related_to,0.62,false,interaction,atlas taxonomy
atlas_ocean_marine_physical_oceanography_tides_and_waves,atlas_ocean_marine_physical_oceanography_ocean_mixing,interaction,related_to,0.62,false,interaction,atlas taxonomy
atlas_ocean_marine_physical_oceanography_ocean_mixing,atlas_ocean_marine_physical_oceanography_polar_oceans,interaction,related_to,0.62,false,interaction,atlas taxonomy
atlas_ocean_marine_chemical_oceanography,atlas_ocean_marine_domain,structure,part_of,0.96,true,structure,atlas taxonomy
atlas_ocean_marine_chemical_oceanography_marine_carbon_cycle,atlas_ocean_marine_chemical_oceanography,structure,part_of,0.94,true,structure,atlas taxonomy
atlas_atlas_ocean_marine_chemical_oceanography_marine_carbon_cycle_theoretical_foundations,atlas_ocean_marine_chemical_oceanography_marine_carbon_cycle,association,formalizes,0.82,true,association,atlas taxonomy
atlas_atlas_ocean_marine_chemical_oceanography_marine_carbon_cycle_methods_and_instruments,atlas_ocean_marine_chemical_oceanography_marine_carbon_cycle,association,method_for,0.82,true,association,atlas taxonomy
atlas_atlas_ocean_marine_chemical_oceanography_marine_carbon_cycle_open_questions,atlas_ocean_marine_chemical_oceanography_marine_carbon_cycle,association,investigates,0.72,true,association,atlas taxonomy
atlas_atlas_ocean_marine_chemical_oceanography_marine_carbon_cycle_applications_and_implications,atlas_ocean_marine_chemical_oceanography_marine_carbon_cycle,application,application_of,0.82,true,application,atlas taxonomy
atlas_ocean_marine_chemical_oceanography_ocean_acidification,atlas_ocean_marine_chemical_oceanography,structure,part_of,0.94,true,structure,atlas taxonomy
atlas_atlas_ocean_marine_chemical_oceanography_ocean_acidification_theoretical_foundations,atlas_ocean_marine_chemical_oceanography_ocean_acidification,association,formalizes,0.82,true,association,atlas taxonomy
atlas_atlas_ocean_marine_chemical_oceanography_ocean_acidification_methods_and_instruments,atlas_ocean_marine_chemical_oceanography_ocean_acidification,association,method_for,0.82,true,association,atlas taxonomy
atlas_atlas_ocean_marine_chemical_oceanography_ocean_acidification_open_questions,atlas_ocean_marine_chemical_oceanography_ocean_acidification,association,investigates,0.72,true,association,atlas taxonomy
atlas_atlas_ocean_marine_chemical_oceanography_ocean_acidification_applications_and_implications,atlas_ocean_marine_chemical_oceanography_ocean_acidification,application,application_of,0.82,true,application,atlas taxonomy
atlas_ocean_marine_chemical_oceanography_nutrient_cycling,atlas_ocean_marine_chemical_oceanography,structure,part_of,0.94,true,structure,atlas taxonomy
atlas_atlas_ocean_marine_chemical_oceanography_nutrient_cycling_theoretical_foundations,atlas_ocean_marine_chemical_oceanography_nutrient_cycling,association,formalizes,0.82,true,association,atlas taxonomy
atlas_atlas_ocean_marine_chemical_oceanography_nutrient_cycling_methods_and_instruments,atlas_ocean_marine_chemical_oceanography_nutrient_cycling,association,method_for,0.82,true,association,atlas taxonomy
atlas_atlas_ocean_marine_chemical_oceanography_nutrient_cycling_open_questions,atlas_ocean_marine_chemical_oceanography_nutrient_cycling,association,investigates,0.72,true,association,atlas taxonomy
atlas_atlas_ocean_marine_chemical_oceanography_nutrient_cycling_applications_and_implications,atlas_ocean_marine_chemical_oceanography_nutrient_cycling,application,application_of,0.82,true,application,atlas taxonomy
atlas_ocean_marine_chemical_oceanography_trace_metals,atlas_ocean_marine_chemical_oceanography,structure,part_of,0.94,true,structure,atlas taxonomy
atlas_atlas_ocean_marine_chemical_oceanography_trace_metals_theoretical_foundations,atlas_ocean_marine_chemical_oceanography_trace_metals,association,formalizes,0.82,true,association,atlas taxonomy
atlas_atlas_ocean_marine_chemical_oceanography_trace_metals_methods_and_instruments,atlas_ocean_marine_chemical_oceanography_trace_metals,association,method_for,0.82,true,association,atlas taxonomy
atlas_atlas_ocean_marine_chemical_oceanography_trace_metals_open_questions,atlas_ocean_marine_chemical_oceanography_trace_metals,association,investigates,0.72,true,association,atlas taxonomy
atlas_atlas_ocean_marine_chemical_oceanography_trace_metals_applications_and_implications,atlas_ocean_marine_chemical_oceanography_trace_metals,application,application_of,0.82,true,application,atlas taxonomy
atlas_ocean_marine_chemical_oceanography_marine_biogeochemistry,atlas_ocean_marine_chemical_oceanography,structure,part_of,0.94,true,structure,atlas taxonomy
atlas_atlas_ocean_marine_chemical_oceanography_marine_biogeochemistry_theoretical_foundations,atlas_ocean_marine_chemical_oceanography_marine_biogeochemistry,association,formalizes,0.82,true,association,atlas taxonomy
atlas_atlas_ocean_marine_chemical_oceanography_marine_biogeochemistry_methods_and_instruments,atlas_ocean_marine_chemical_oceanography_marine_biogeochemistry,association,method_for,0.82,true,association,atlas taxonomy
atlas_atlas_ocean_marine_chemical_oceanography_marine_biogeochemistry_open_questions,atlas_ocean_marine_chemical_oceanography_marine_biogeochemistry,association,investigates,0.72,true,association,atlas taxonomy
atlas_atlas_ocean_marine_chemical_oceanography_marine_biogeochemistry_applications_and_implicati,atlas_ocean_marine_chemical_oceanography_marine_biogeochemistry,application,application_of,0.82,true,application,atlas taxonomy
atlas_ocean_marine_chemical_oceanography_marine_carbon_cycle,atlas_ocean_marine_chemical_oceanography_ocean_acidification,interaction,related_to,0.62,false,interaction,atlas taxonomy
atlas_ocean_marine_chemical_oceanography_ocean_acidification,atlas_ocean_marine_chemical_oceanography_nutrient_cycling,interaction,related_to,0.62,false,interaction,atlas taxonomy
atlas_ocean_marine_chemical_oceanography_nutrient_cycling,atlas_ocean_marine_chemical_oceanography_trace_metals,interaction,related_to,0.62,false,interaction,atlas taxonomy
atlas_ocean_marine_chemical_oceanography_trace_metals,atlas_ocean_marine_chemical_oceanography_marine_biogeochemistry,interaction,related_to,0.62,false,interaction,atlas taxonomy
atlas_ocean_marine_marine_biology,atlas_ocean_marine_domain,structure,part_of,0.96,true,structure,atlas taxonomy
atlas_ocean_marine_marine_biology_plankton_ecology,atlas_ocean_marine_marine_biology,structure,part_of,0.94,true,structure,atlas taxonomy
atlas_atlas_ocean_marine_marine_biology_plankton_ecology_theoretical_foundations,atlas_ocean_marine_marine_biology_plankton_ecology,association,formalizes,0.82,true,association,atlas taxonomy
atlas_atlas_ocean_marine_marine_biology_plankton_ecology_methods_and_instruments,atlas_ocean_marine_marine_biology_plankton_ecology,association,method_for,0.82,true,association,atlas taxonomy
atlas_atlas_ocean_marine_marine_biology_plankton_ecology_open_questions,atlas_ocean_marine_marine_biology_plankton_ecology,association,investigates,0.72,true,association,atlas taxonomy
atlas_atlas_ocean_marine_marine_biology_plankton_ecology_applications_and_implications,atlas_ocean_marine_marine_biology_plankton_ecology,application,application_of,0.82,true,application,atlas taxonomy
atlas_ocean_marine_marine_biology_coral_reefs,atlas_ocean_marine_marine_biology,structure,part_of,0.94,true,structure,atlas taxonomy
atlas_atlas_ocean_marine_marine_biology_coral_reefs_theoretical_foundations,atlas_ocean_marine_marine_biology_coral_reefs,association,formalizes,0.82,true,association,atlas taxonomy
atlas_atlas_ocean_marine_marine_biology_coral_reefs_methods_and_instruments,atlas_ocean_marine_marine_biology_coral_reefs,association,method_for,0.82,true,association,atlas taxonomy
atlas_atlas_ocean_marine_marine_biology_coral_reefs_open_questions,atlas_ocean_marine_marine_biology_coral_reefs,association,investigates,0.72,true,association,atlas taxonomy
atlas_atlas_ocean_marine_marine_biology_coral_reefs_applications_and_implications,atlas_ocean_marine_marine_biology_coral_reefs,application,application_of,0.82,true,application,atlas taxonomy
atlas_ocean_marine_marine_biology_deep_sea_biology,atlas_ocean_marine_marine_biology,structure,part_of,0.94,true,structure,atlas taxonomy
atlas_atlas_ocean_marine_marine_biology_deep_sea_biology_theoretical_foundations,atlas_ocean_marine_marine_biology_deep_sea_biology,association,formalizes,0.82,true,association,atlas taxonomy
atlas_atlas_ocean_marine_marine_biology_deep_sea_biology_methods_and_instruments,atlas_ocean_marine_marine_biology_deep_sea_biology,association,method_for,0.82,true,association,atlas taxonomy
atlas_atlas_ocean_marine_marine_biology_deep_sea_biology_open_questions,atlas_ocean_marine_marine_biology_deep_sea_biology,association,investigates,0.72,true,association,atlas taxonomy
atlas_atlas_ocean_marine_marine_biology_deep_sea_biology_applications_and_implications,atlas_ocean_marine_marine_biology_deep_sea_biology,application,application_of,0.82,true,application,atlas taxonomy
atlas_ocean_marine_marine_biology_marine_mammals,atlas_ocean_marine_marine_biology,structure,part_of,0.94,true,structure,atlas taxonomy
atlas_atlas_ocean_marine_marine_biology_marine_mammals_theoretical_foundations,atlas_ocean_marine_marine_biology_marine_mammals,association,formalizes,0.82,true,association,atlas taxonomy
atlas_atlas_ocean_marine_marine_biology_marine_mammals_methods_and_instruments,atlas_ocean_marine_marine_biology_marine_mammals,association,method_for,0.82,true,association,atlas taxonomy
atlas_atlas_ocean_marine_marine_biology_marine_mammals_open_questions,atlas_ocean_marine_marine_biology_marine_mammals,association,investigates,0.72,true,association,atlas taxonomy
atlas_atlas_ocean_marine_marine_biology_marine_mammals_applications_and_implications,atlas_ocean_marine_marine_biology_marine_mammals,application,application_of,0.82,true,application,atlas taxonomy
atlas_ocean_marine_marine_biology_fisheries_biology,atlas_ocean_marine_marine_biology,structure,part_of,0.94,true,structure,atlas taxonomy
atlas_atlas_ocean_marine_marine_biology_fisheries_biology_theoretical_foundations,atlas_ocean_marine_marine_biology_fisheries_biology,association,formalizes,0.82,true,association,atlas taxonomy
atlas_atlas_ocean_marine_marine_biology_fisheries_biology_methods_and_instruments,atlas_ocean_marine_marine_biology_fisheries_biology,association,method_for,0.82,true,association,atlas taxonomy
atlas_atlas_ocean_marine_marine_biology_fisheries_biology_open_questions,atlas_ocean_marine_marine_biology_fisheries_biology,association,investigates,0.72,true,association,atlas taxonomy
atlas_atlas_ocean_marine_marine_biology_fisheries_biology_applications_and_implications,atlas_ocean_marine_marine_biology_fisheries_biology,application,application_of,0.82,true,application,atlas taxonomy
atlas_ocean_marine_marine_biology_plankton_ecology,atlas_ocean_marine_marine_biology_coral_reefs,interaction,related_to,0.62,false,interaction,atlas taxonomy
atlas_ocean_marine_marine_biology_coral_reefs,atlas_ocean_marine_marine_biology_deep_sea_biology,interaction,related_to,0.62,false,interaction,atlas taxonomy
atlas_ocean_marine_marine_biology_deep_sea_biology,atlas_ocean_marine_marine_biology_marine_mammals,interaction,related_to,0.62,false,interaction,atlas taxonomy
atlas_ocean_marine_marine_biology_marine_mammals,atlas_ocean_marine_marine_biology_fisheries_biology,interaction,related_to,0.62,false,interaction,atlas taxonomy
atlas_ocean_marine_marine_geology,atlas_ocean_marine_domain,structure,part_of,0.96,true,structure,atlas taxonomy
atlas_ocean_marine_marine_geology_seafloor_spreading,atlas_ocean_marine_marine_geology,structure,part_of,0.94,true,structure,atlas taxonomy
atlas_atlas_ocean_marine_marine_geology_seafloor_spreading_theoretical_foundations,atlas_ocean_marine_marine_geology_seafloor_spreading,association,formalizes,0.82,true,association,atlas taxonomy
atlas_atlas_ocean_marine_marine_geology_seafloor_spreading_methods_and_instruments,atlas_ocean_marine_marine_geology_seafloor_spreading,association,method_for,0.82,true,association,atlas taxonomy
atlas_atlas_ocean_marine_marine_geology_seafloor_spreading_open_questions,atlas_ocean_marine_marine_geology_seafloor_spreading,association,investigates,0.72,true,association,atlas taxonomy
atlas_atlas_ocean_marine_marine_geology_seafloor_spreading_applications_and_implications,atlas_ocean_marine_marine_geology_seafloor_spreading,application,application_of,0.82,true,application,atlas taxonomy
atlas_ocean_marine_marine_geology_marine_sediments,atlas_ocean_marine_marine_geology,structure,part_of,0.94,true,structure,atlas taxonomy
atlas_atlas_ocean_marine_marine_geology_marine_sediments_theoretical_foundations,atlas_ocean_marine_marine_geology_marine_sediments,association,formalizes,0.82,true,association,atlas taxonomy
atlas_atlas_ocean_marine_marine_geology_marine_sediments_methods_and_instruments,atlas_ocean_marine_marine_geology_marine_sediments,association,method_for,0.82,true,association,atlas taxonomy
atlas_atlas_ocean_marine_marine_geology_marine_sediments_open_questions,atlas_ocean_marine_marine_geology_marine_sediments,association,investigates,0.72,true,association,atlas taxonomy
atlas_atlas_ocean_marine_marine_geology_marine_sediments_applications_and_implications,atlas_ocean_marine_marine_geology_marine_sediments,application,application_of,0.82,true,application,atlas taxonomy
atlas_ocean_marine_marine_geology_hydrothermal_vents,atlas_ocean_marine_marine_geology,structure,part_of,0.94,true,structure,atlas taxonomy
atlas_atlas_ocean_marine_marine_geology_hydrothermal_vents_theoretical_foundations,atlas_ocean_marine_marine_geology_hydrothermal_vents,association,formalizes,0.82,true,association,atlas taxonomy
atlas_atlas_ocean_marine_marine_geology_hydrothermal_vents_methods_and_instruments,atlas_ocean_marine_marine_geology_hydrothermal_vents,association,method_for,0.82,true,association,atlas taxonomy
atlas_atlas_ocean_marine_marine_geology_hydrothermal_vents_open_questions,atlas_ocean_marine_marine_geology_hydrothermal_vents,association,investigates,0.72,true,association,atlas taxonomy
atlas_atlas_ocean_marine_marine_geology_hydrothermal_vents_applications_and_implications,atlas_ocean_marine_marine_geology_hydrothermal_vents,application,application_of,0.82,true,application,atlas taxonomy
atlas_ocean_marine_marine_geology_continental_margins,atlas_ocean_marine_marine_geology,structure,part_of,0.94,true,structure,atlas taxonomy
atlas_atlas_ocean_marine_marine_geology_continental_margins_theoretical_foundations,atlas_ocean_marine_marine_geology_continental_margins,association,formalizes,0.82,true,association,atlas taxonomy
atlas_atlas_ocean_marine_marine_geology_continental_margins_methods_and_instruments,atlas_ocean_marine_marine_geology_continental_margins,association,method_for,0.82,true,association,atlas taxonomy
atlas_atlas_ocean_marine_marine_geology_continental_margins_open_questions,atlas_ocean_marine_marine_geology_continental_margins,association,investigates,0.72,true,association,atlas taxonomy
atlas_atlas_ocean_marine_marine_geology_continental_margins_applications_and_implications,atlas_ocean_marine_marine_geology_continental_margins,application,application_of,0.82,true,application,atlas taxonomy
atlas_ocean_marine_marine_geology_submarine_hazards,atlas_ocean_marine_marine_geology,structure,part_of,0.94,true,structure,atlas taxonomy
atlas_atlas_ocean_marine_marine_geology_submarine_hazards_theoretical_foundations,atlas_ocean_marine_marine_geology_submarine_hazards,association,formalizes,0.82,true,association,atlas taxonomy
atlas_atlas_ocean_marine_marine_geology_submarine_hazards_methods_and_instruments,atlas_ocean_marine_marine_geology_submarine_hazards,association,method_for,0.82,true,association,atlas taxonomy
atlas_atlas_ocean_marine_marine_geology_submarine_hazards_open_questions,atlas_ocean_marine_marine_geology_submarine_hazards,association,investigates,0.72,true,association,atlas taxonomy
atlas_atlas_ocean_marine_marine_geology_submarine_hazards_applications_and_implications,atlas_ocean_marine_marine_geology_submarine_hazards,application,application_of,0.82,true,application,atlas taxonomy
atlas_ocean_marine_marine_geology_seafloor_spreading,atlas_ocean_marine_marine_geology_marine_sediments,interaction,related_to,0.62,false,interaction,atlas taxonomy
atlas_ocean_marine_marine_geology_marine_sediments,atlas_ocean_marine_marine_geology_hydrothermal_vents,interaction,related_to,0.62,false,interaction,atlas taxonomy
atlas_ocean_marine_marine_geology_hydrothermal_vents,atlas_ocean_marine_marine_geology_continental_margins,interaction,related_to,0.62,false,interaction,atlas taxonomy
atlas_ocean_marine_marine_geology_continental_margins,atlas_ocean_marine_marine_geology_submarine_hazards,interaction,related_to,0.62,false,interaction,atlas taxonomy
atlas_ocean_marine_ocean_observation,atlas_ocean_marine_domain,structure,part_of,0.96,true,structure,atlas taxonomy
atlas_ocean_marine_ocean_observation_ocean_acoustics,atlas_ocean_marine_ocean_observation,structure,part_of,0.94,true,structure,atlas taxonomy
atlas_atlas_ocean_marine_ocean_observation_ocean_acoustics_theoretical_foundations,atlas_ocean_marine_ocean_observation_ocean_acoustics,association,formalizes,0.82,true,association,atlas taxonomy
atlas_atlas_ocean_marine_ocean_observation_ocean_acoustics_methods_and_instruments,atlas_ocean_marine_ocean_observation_ocean_acoustics,association,method_for,0.82,true,association,atlas taxonomy
atlas_atlas_ocean_marine_ocean_observation_ocean_acoustics_open_questions,atlas_ocean_marine_ocean_observation_ocean_acoustics,association,investigates,0.72,true,association,atlas taxonomy
atlas_atlas_ocean_marine_ocean_observation_ocean_acoustics_applications_and_implications,atlas_ocean_marine_ocean_observation_ocean_acoustics,application,application_of,0.82,true,application,atlas taxonomy
atlas_ocean_marine_ocean_observation_autonomous_floats,atlas_ocean_marine_ocean_observation,structure,part_of,0.94,true,structure,atlas taxonomy
atlas_atlas_ocean_marine_ocean_observation_autonomous_floats_theoretical_foundations,atlas_ocean_marine_ocean_observation_autonomous_floats,association,formalizes,0.82,true,association,atlas taxonomy
atlas_atlas_ocean_marine_ocean_observation_autonomous_floats_methods_and_instruments,atlas_ocean_marine_ocean_observation_autonomous_floats,association,method_for,0.82,true,association,atlas taxonomy
atlas_atlas_ocean_marine_ocean_observation_autonomous_floats_open_questions,atlas_ocean_marine_ocean_observation_autonomous_floats,association,investigates,0.72,true,association,atlas taxonomy
atlas_atlas_ocean_marine_ocean_observation_autonomous_floats_applications_and_implications,atlas_ocean_marine_ocean_observation_autonomous_floats,application,application_of,0.82,true,application,atlas taxonomy
atlas_ocean_marine_ocean_observation_satellite_oceanography,atlas_ocean_marine_ocean_observation,structure,part_of,0.94,true,structure,atlas taxonomy
atlas_atlas_ocean_marine_ocean_observation_satellite_oceanography_theoretical_foundations,atlas_ocean_marine_ocean_observation_satellite_oceanography,association,formalizes,0.82,true,association,atlas taxonomy
atlas_atlas_ocean_marine_ocean_observation_satellite_oceanography_methods_and_instruments,atlas_ocean_marine_ocean_observation_satellite_oceanography,association,method_for,0.82,true,association,atlas taxonomy
atlas_atlas_ocean_marine_ocean_observation_satellite_oceanography_open_questions,atlas_ocean_marine_ocean_observation_satellite_oceanography,association,investigates,0.72,true,association,atlas taxonomy
atlas_atlas_ocean_marine_ocean_observation_satellite_oceanography_applications_and_implications,atlas_ocean_marine_ocean_observation_satellite_oceanography,application,application_of,0.82,true,application,atlas taxonomy
atlas_ocean_marine_ocean_observation_underwater_robotics,atlas_ocean_marine_ocean_observation,structure,part_of,0.94,true,structure,atlas taxonomy
atlas_atlas_ocean_marine_ocean_observation_underwater_robotics_theoretical_foundations,atlas_ocean_marine_ocean_observation_underwater_robotics,association,formalizes,0.82,true,association,atlas taxonomy
atlas_atlas_ocean_marine_ocean_observation_underwater_robotics_methods_and_instruments,atlas_ocean_marine_ocean_observation_underwater_robotics,association,method_for,0.82,true,association,atlas taxonomy
atlas_atlas_ocean_marine_ocean_observation_underwater_robotics_open_questions,atlas_ocean_marine_ocean_observation_underwater_robotics,association,investigates,0.72,true,association,atlas taxonomy
atlas_atlas_ocean_marine_ocean_observation_underwater_robotics_applications_and_implications,atlas_ocean_marine_ocean_observation_underwater_robotics,application,application_of,0.82,true,application,atlas taxonomy
atlas_ocean_marine_ocean_observation_ocean_data_assimilation,atlas_ocean_marine_ocean_observation,structure,part_of,0.94,true,structure,atlas taxonomy
atlas_atlas_ocean_marine_ocean_observation_ocean_data_assimilation_theoretical_foundations,atlas_ocean_marine_ocean_observation_ocean_data_assimilation,association,formalizes,0.82,true,association,atlas taxonomy
atlas_atlas_ocean_marine_ocean_observation_ocean_data_assimilation_methods_and_instruments,atlas_ocean_marine_ocean_observation_ocean_data_assimilation,association,method_for,0.82,true,association,atlas taxonomy
atlas_atlas_ocean_marine_ocean_observation_ocean_data_assimilation_open_questions,atlas_ocean_marine_ocean_observation_ocean_data_assimilation,association,investigates,0.72,true,association,atlas taxonomy
atlas_atlas_ocean_marine_ocean_observation_ocean_data_assimilation_applications_and_implications,atlas_ocean_marine_ocean_observation_ocean_data_assimilation,application,application_of,0.82,true,application,atlas taxonomy
atlas_ocean_marine_ocean_observation_ocean_acoustics,atlas_ocean_marine_ocean_observation_autonomous_floats,interaction,related_to,0.62,false,interaction,atlas taxonomy
atlas_ocean_marine_ocean_observation_autonomous_floats,atlas_ocean_marine_ocean_observation_satellite_oceanography,interaction,related_to,0.62,false,interaction,atlas taxonomy
atlas_ocean_marine_ocean_observation_satellite_oceanography,atlas_ocean_marine_ocean_observation_underwater_robotics,interaction,related_to,0.62,false,interaction,atlas taxonomy
atlas_ocean_marine_ocean_observation_underwater_robotics,atlas_ocean_marine_ocean_observation_ocean_data_assimilation,interaction,related_to,0.62,false,interaction,atlas taxonomy
atlas_ocean_marine_physical_oceanography,atlas_ocean_marine_chemical_oceanography,interaction,related_to,0.66,false,interaction,atlas taxonomy
atlas_ocean_marine_chemical_oceanography,atlas_ocean_marine_marine_biology,interaction,related_to,0.66,false,interaction,atlas taxonomy
atlas_ocean_marine_marine_biology,atlas_ocean_marine_marine_geology,interaction,related_to,0.66,false,interaction,atlas taxonomy
atlas_ocean_marine_marine_geology,atlas_ocean_marine_ocean_observation,interaction,related_to,0.66,false,interaction,atlas taxonomy
atlas_environment_ecology_ecosystem_science,atlas_environment_ecology_domain,structure,part_of,0.96,true,structure,atlas taxonomy
atlas_environment_ecology_ecosystem_science_food_webs,atlas_environment_ecology_ecosystem_science,structure,part_of,0.94,true,structure,atlas taxonomy
atlas_atlas_environment_ecology_ecosystem_science_food_webs_theoretical_foundations,atlas_environment_ecology_ecosystem_science_food_webs,association,formalizes,0.82,true,association,atlas taxonomy
atlas_atlas_environment_ecology_ecosystem_science_food_webs_methods_and_instruments,atlas_environment_ecology_ecosystem_science_food_webs,association,method_for,0.82,true,association,atlas taxonomy
atlas_atlas_environment_ecology_ecosystem_science_food_webs_open_questions,atlas_environment_ecology_ecosystem_science_food_webs,association,investigates,0.72,true,association,atlas taxonomy
atlas_atlas_environment_ecology_ecosystem_science_food_webs_applications_and_implications,atlas_environment_ecology_ecosystem_science_food_webs,application,application_of,0.82,true,application,atlas taxonomy
atlas_environment_ecology_ecosystem_science_ecosystem_productivity,atlas_environment_ecology_ecosystem_science,structure,part_of,0.94,true,structure,atlas taxonomy
atlas_atlas_environment_ecology_ecosystem_science_ecosystem_productivity_theoretical_foundations,atlas_environment_ecology_ecosystem_science_ecosystem_productivity,association,formalizes,0.82,true,association,atlas taxonomy
atlas_atlas_environment_ecology_ecosystem_science_ecosystem_productivity_methods_and_instruments,atlas_environment_ecology_ecosystem_science_ecosystem_productivity,association,method_for,0.82,true,association,atlas taxonomy
atlas_atlas_environment_ecology_ecosystem_science_ecosystem_productivity_open_questions,atlas_environment_ecology_ecosystem_science_ecosystem_productivity,association,investigates,0.72,true,association,atlas taxonomy
atlas_atlas_environment_ecology_ecosystem_science_ecosystem_productivity_applications_and_implic,atlas_environment_ecology_ecosystem_science_ecosystem_productivity,application,application_of,0.82,true,application,atlas taxonomy
atlas_environment_ecology_ecosystem_science_nutrient_cycles,atlas_environment_ecology_ecosystem_science,structure,part_of,0.94,true,structure,atlas taxonomy
atlas_atlas_environment_ecology_ecosystem_science_nutrient_cycles_theoretical_foundations,atlas_environment_ecology_ecosystem_science_nutrient_cycles,association,formalizes,0.82,true,association,atlas taxonomy
atlas_atlas_environment_ecology_ecosystem_science_nutrient_cycles_methods_and_instruments,atlas_environment_ecology_ecosystem_science_nutrient_cycles,association,method_for,0.82,true,association,atlas taxonomy
atlas_atlas_environment_ecology_ecosystem_science_nutrient_cycles_open_questions,atlas_environment_ecology_ecosystem_science_nutrient_cycles,association,investigates,0.72,true,association,atlas taxonomy
atlas_atlas_environment_ecology_ecosystem_science_nutrient_cycles_applications_and_implications,atlas_environment_ecology_ecosystem_science_nutrient_cycles,application,application_of,0.82,true,application,atlas taxonomy
atlas_environment_ecology_ecosystem_science_disturbance_ecology,atlas_environment_ecology_ecosystem_science,structure,part_of,0.94,true,structure,atlas taxonomy
atlas_atlas_environment_ecology_ecosystem_science_disturbance_ecology_theoretical_foundations,atlas_environment_ecology_ecosystem_science_disturbance_ecology,association,formalizes,0.82,true,association,atlas taxonomy
atlas_atlas_environment_ecology_ecosystem_science_disturbance_ecology_methods_and_instruments,atlas_environment_ecology_ecosystem_science_disturbance_ecology,association,method_for,0.82,true,association,atlas taxonomy
atlas_atlas_environment_ecology_ecosystem_science_disturbance_ecology_open_questions,atlas_environment_ecology_ecosystem_science_disturbance_ecology,association,investigates,0.72,true,association,atlas taxonomy
atlas_atlas_environment_ecology_ecosystem_science_disturbance_ecology_applications_and_implicati,atlas_environment_ecology_ecosystem_science_disturbance_ecology,application,application_of,0.82,true,application,atlas taxonomy
atlas_environment_ecology_ecosystem_science_restoration_ecology,atlas_environment_ecology_ecosystem_science,structure,part_of,0.94,true,structure,atlas taxonomy
atlas_atlas_environment_ecology_ecosystem_science_restoration_ecology_theoretical_foundations,atlas_environment_ecology_ecosystem_science_restoration_ecology,association,formalizes,0.82,true,association,atlas taxonomy
atlas_atlas_environment_ecology_ecosystem_science_restoration_ecology_methods_and_instruments,atlas_environment_ecology_ecosystem_science_restoration_ecology,association,method_for,0.82,true,association,atlas taxonomy
atlas_atlas_environment_ecology_ecosystem_science_restoration_ecology_open_questions,atlas_environment_ecology_ecosystem_science_restoration_ecology,association,investigates,0.72,true,association,atlas taxonomy
atlas_atlas_environment_ecology_ecosystem_science_restoration_ecology_applications_and_implicati,atlas_environment_ecology_ecosystem_science_restoration_ecology,application,application_of,0.82,true,application,atlas taxonomy
atlas_environment_ecology_ecosystem_science_food_webs,atlas_environment_ecology_ecosystem_science_ecosystem_productivity,interaction,related_to,0.62,false,interaction,atlas taxonomy
atlas_environment_ecology_ecosystem_science_ecosystem_productivity,atlas_environment_ecology_ecosystem_science_nutrient_cycles,interaction,related_to,0.62,false,interaction,atlas taxonomy
atlas_environment_ecology_ecosystem_science_nutrient_cycles,atlas_environment_ecology_ecosystem_science_disturbance_ecology,interaction,related_to,0.62,false,interaction,atlas taxonomy
atlas_environment_ecology_ecosystem_science_disturbance_ecology,atlas_environment_ecology_ecosystem_science_restoration_ecology,interaction,related_to,0.62,false,interaction,atlas taxonomy
atlas_environment_ecology_biodiversity,atlas_environment_ecology_domain,structure,part_of,0.96,true,structure,atlas taxonomy
atlas_environment_ecology_biodiversity_species_diversity,atlas_environment_ecology_biodiversity,structure,part_of,0.94,true,structure,atlas taxonomy
atlas_atlas_environment_ecology_biodiversity_species_diversity_theoretical_foundations,atlas_environment_ecology_biodiversity_species_diversity,association,formalizes,0.82,true,association,atlas taxonomy
atlas_atlas_environment_ecology_biodiversity_species_diversity_methods_and_instruments,atlas_environment_ecology_biodiversity_species_diversity,association,method_for,0.82,true,association,atlas taxonomy
atlas_atlas_environment_ecology_biodiversity_species_diversity_open_questions,atlas_environment_ecology_biodiversity_species_diversity,association,investigates,0.72,true,association,atlas taxonomy
atlas_atlas_environment_ecology_biodiversity_species_diversity_applications_and_implications,atlas_environment_ecology_biodiversity_species_diversity,application,application_of,0.82,true,application,atlas taxonomy
atlas_environment_ecology_biodiversity_functional_diversity,atlas_environment_ecology_biodiversity,structure,part_of,0.94,true,structure,atlas taxonomy
atlas_atlas_environment_ecology_biodiversity_functional_diversity_theoretical_foundations,atlas_environment_ecology_biodiversity_functional_diversity,association,formalizes,0.82,true,association,atlas taxonomy
atlas_atlas_environment_ecology_biodiversity_functional_diversity_methods_and_instruments,atlas_environment_ecology_biodiversity_functional_diversity,association,method_for,0.82,true,association,atlas taxonomy
atlas_atlas_environment_ecology_biodiversity_functional_diversity_open_questions,atlas_environment_ecology_biodiversity_functional_diversity,association,investigates,0.72,true,association,atlas taxonomy
atlas_atlas_environment_ecology_biodiversity_functional_diversity_applications_and_implications,atlas_environment_ecology_biodiversity_functional_diversity,application,application_of,0.82,true,application,atlas taxonomy
atlas_environment_ecology_biodiversity_conservation_genetics,atlas_environment_ecology_biodiversity,structure,part_of,0.94,true,structure,atlas taxonomy
atlas_atlas_environment_ecology_biodiversity_conservation_genetics_theoretical_foundations,atlas_environment_ecology_biodiversity_conservation_genetics,association,formalizes,0.82,true,association,atlas taxonomy
atlas_atlas_environment_ecology_biodiversity_conservation_genetics_methods_and_instruments,atlas_environment_ecology_biodiversity_conservation_genetics,association,method_for,0.82,true,association,atlas taxonomy
atlas_atlas_environment_ecology_biodiversity_conservation_genetics_open_questions,atlas_environment_ecology_biodiversity_conservation_genetics,association,investigates,0.72,true,association,atlas taxonomy
atlas_atlas_environment_ecology_biodiversity_conservation_genetics_applications_and_implications,atlas_environment_ecology_biodiversity_conservation_genetics,application,application_of,0.82,true,application,atlas taxonomy
atlas_environment_ecology_biodiversity_extinction_risk,atlas_environment_ecology_biodiversity,structure,part_of,0.94,true,structure,atlas taxonomy
atlas_atlas_environment_ecology_biodiversity_extinction_risk_theoretical_foundations,atlas_environment_ecology_biodiversity_extinction_risk,association,formalizes,0.82,true,association,atlas taxonomy
atlas_atlas_environment_ecology_biodiversity_extinction_risk_methods_and_instruments,atlas_environment_ecology_biodiversity_extinction_risk,association,method_for,0.82,true,association,atlas taxonomy
atlas_atlas_environment_ecology_biodiversity_extinction_risk_open_questions,atlas_environment_ecology_biodiversity_extinction_risk,association,investigates,0.72,true,association,atlas taxonomy
atlas_atlas_environment_ecology_biodiversity_extinction_risk_applications_and_implications,atlas_environment_ecology_biodiversity_extinction_risk,application,application_of,0.82,true,application,atlas taxonomy
atlas_environment_ecology_biodiversity_protected_areas,atlas_environment_ecology_biodiversity,structure,part_of,0.94,true,structure,atlas taxonomy
atlas_atlas_environment_ecology_biodiversity_protected_areas_theoretical_foundations,atlas_environment_ecology_biodiversity_protected_areas,association,formalizes,0.82,true,association,atlas taxonomy
atlas_atlas_environment_ecology_biodiversity_protected_areas_methods_and_instruments,atlas_environment_ecology_biodiversity_protected_areas,association,method_for,0.82,true,association,atlas taxonomy
atlas_atlas_environment_ecology_biodiversity_protected_areas_open_questions,atlas_environment_ecology_biodiversity_protected_areas,association,investigates,0.72,true,association,atlas taxonomy
atlas_atlas_environment_ecology_biodiversity_protected_areas_applications_and_implications,atlas_environment_ecology_biodiversity_protected_areas,application,application_of,0.82,true,application,atlas taxonomy
atlas_environment_ecology_biodiversity_species_diversity,atlas_environment_ecology_biodiversity_functional_diversity,interaction,related_to,0.62,false,interaction,atlas taxonomy
atlas_environment_ecology_biodiversity_functional_diversity,atlas_environment_ecology_biodiversity_conservation_genetics,interaction,related_to,0.62,false,interaction,atlas taxonomy
atlas_environment_ecology_biodiversity_conservation_genetics,atlas_environment_ecology_biodiversity_extinction_risk,interaction,related_to,0.62,false,interaction,atlas taxonomy
atlas_environment_ecology_biodiversity_extinction_risk,atlas_environment_ecology_biodiversity_protected_areas,interaction,related_to,0.62,false,interaction,atlas taxonomy
atlas_environment_ecology_pollution_science,atlas_environment_ecology_domain,structure,part_of,0.96,true,structure,atlas taxonomy
atlas_environment_ecology_pollution_science_air_pollution,atlas_environment_ecology_pollution_science,structure,part_of,0.94,true,structure,atlas taxonomy
atlas_atlas_environment_ecology_pollution_science_air_pollution_theoretical_foundations,atlas_environment_ecology_pollution_science_air_pollution,association,formalizes,0.82,true,association,atlas taxonomy
atlas_atlas_environment_ecology_pollution_science_air_pollution_methods_and_instruments,atlas_environment_ecology_pollution_science_air_pollution,association,method_for,0.82,true,association,atlas taxonomy
atlas_atlas_environment_ecology_pollution_science_air_pollution_open_questions,atlas_environment_ecology_pollution_science_air_pollution,association,investigates,0.72,true,association,atlas taxonomy
atlas_atlas_environment_ecology_pollution_science_air_pollution_applications_and_implications,atlas_environment_ecology_pollution_science_air_pollution,application,application_of,0.82,true,application,atlas taxonomy
atlas_environment_ecology_pollution_science_water_contamination,atlas_environment_ecology_pollution_science,structure,part_of,0.94,true,structure,atlas taxonomy
atlas_atlas_environment_ecology_pollution_science_water_contamination_theoretical_foundations,atlas_environment_ecology_pollution_science_water_contamination,association,formalizes,0.82,true,association,atlas taxonomy
atlas_atlas_environment_ecology_pollution_science_water_contamination_methods_and_instruments,atlas_environment_ecology_pollution_science_water_contamination,association,method_for,0.82,true,association,atlas taxonomy
atlas_atlas_environment_ecology_pollution_science_water_contamination_open_questions,atlas_environment_ecology_pollution_science_water_contamination,association,investigates,0.72,true,association,atlas taxonomy
atlas_atlas_environment_ecology_pollution_science_water_contamination_applications_and_implicati,atlas_environment_ecology_pollution_science_water_contamination,application,application_of,0.82,true,application,atlas taxonomy
atlas_environment_ecology_pollution_science_soil_pollution,atlas_environment_ecology_pollution_science,structure,part_of,0.94,true,structure,atlas taxonomy
atlas_atlas_environment_ecology_pollution_science_soil_pollution_theoretical_foundations,atlas_environment_ecology_pollution_science_soil_pollution,association,formalizes,0.82,true,association,atlas taxonomy
atlas_atlas_environment_ecology_pollution_science_soil_pollution_methods_and_instruments,atlas_environment_ecology_pollution_science_soil_pollution,association,method_for,0.82,true,association,atlas taxonomy
atlas_atlas_environment_ecology_pollution_science_soil_pollution_open_questions,atlas_environment_ecology_pollution_science_soil_pollution,association,investigates,0.72,true,association,atlas taxonomy
atlas_atlas_environment_ecology_pollution_science_soil_pollution_applications_and_implications,atlas_environment_ecology_pollution_science_soil_pollution,application,application_of,0.82,true,application,atlas taxonomy
atlas_environment_ecology_pollution_science_plastic_pollution,atlas_environment_ecology_pollution_science,structure,part_of,0.94,true,structure,atlas taxonomy
atlas_atlas_environment_ecology_pollution_science_plastic_pollution_theoretical_foundations,atlas_environment_ecology_pollution_science_plastic_pollution,association,formalizes,0.82,true,association,atlas taxonomy
atlas_atlas_environment_ecology_pollution_science_plastic_pollution_methods_and_instruments,atlas_environment_ecology_pollution_science_plastic_pollution,association,method_for,0.82,true,association,atlas taxonomy
atlas_atlas_environment_ecology_pollution_science_plastic_pollution_open_questions,atlas_environment_ecology_pollution_science_plastic_pollution,association,investigates,0.72,true,association,atlas taxonomy
atlas_atlas_environment_ecology_pollution_science_plastic_pollution_applications_and_implication,atlas_environment_ecology_pollution_science_plastic_pollution,application,application_of,0.82,true,application,atlas taxonomy
atlas_environment_ecology_pollution_science_ecotoxicology,atlas_environment_ecology_pollution_science,structure,part_of,0.94,true,structure,atlas taxonomy
atlas_atlas_environment_ecology_pollution_science_ecotoxicology_theoretical_foundations,atlas_environment_ecology_pollution_science_ecotoxicology,association,formalizes,0.82,true,association,atlas taxonomy
atlas_atlas_environment_ecology_pollution_science_ecotoxicology_methods_and_instruments,atlas_environment_ecology_pollution_science_ecotoxicology,association,method_for,0.82,true,association,atlas taxonomy
atlas_atlas_environment_ecology_pollution_science_ecotoxicology_open_questions,atlas_environment_ecology_pollution_science_ecotoxicology,association,investigates,0.72,true,association,atlas taxonomy
atlas_atlas_environment_ecology_pollution_science_ecotoxicology_applications_and_implications,atlas_environment_ecology_pollution_science_ecotoxicology,application,application_of,0.82,true,application,atlas taxonomy
atlas_environment_ecology_pollution_science_air_pollution,atlas_environment_ecology_pollution_science_water_contamination,interaction,related_to,0.62,false,interaction,atlas taxonomy
atlas_environment_ecology_pollution_science_water_contamination,atlas_environment_ecology_pollution_science_soil_pollution,interaction,related_to,0.62,false,interaction,atlas taxonomy
atlas_environment_ecology_pollution_science_soil_pollution,atlas_environment_ecology_pollution_science_plastic_pollution,interaction,related_to,0.62,false,interaction,atlas taxonomy
atlas_environment_ecology_pollution_science_plastic_pollution,atlas_environment_ecology_pollution_science_ecotoxicology,interaction,related_to,0.62,false,interaction,atlas taxonomy
atlas_environment_ecology_environmental_systems,atlas_environment_ecology_domain,structure,part_of,0.96,true,structure,atlas taxonomy
atlas_environment_ecology_environmental_systems_land_use_change,atlas_environment_ecology_environmental_systems,structure,part_of,0.94,true,structure,atlas taxonomy
atlas_atlas_environment_ecology_environmental_systems_land_use_change_theoretical_foundations,atlas_environment_ecology_environmental_systems_land_use_change,association,formalizes,0.82,true,association,atlas taxonomy
atlas_atlas_environment_ecology_environmental_systems_land_use_change_methods_and_instruments,atlas_environment_ecology_environmental_systems_land_use_change,association,method_for,0.82,true,association,atlas taxonomy
atlas_atlas_environment_ecology_environmental_systems_land_use_change_open_questions,atlas_environment_ecology_environmental_systems_land_use_change,association,investigates,0.72,true,association,atlas taxonomy
atlas_atlas_environment_ecology_environmental_systems_land_use_change_applications_and_implicati,atlas_environment_ecology_environmental_systems_land_use_change,application,application_of,0.82,true,application,atlas taxonomy
atlas_environment_ecology_environmental_systems_urban_ecology,atlas_environment_ecology_environmental_systems,structure,part_of,0.94,true,structure,atlas taxonomy
atlas_atlas_environment_ecology_environmental_systems_urban_ecology_theoretical_foundations,atlas_environment_ecology_environmental_systems_urban_ecology,association,formalizes,0.82,true,association,atlas taxonomy
atlas_atlas_environment_ecology_environmental_systems_urban_ecology_methods_and_instruments,atlas_environment_ecology_environmental_systems_urban_ecology,association,method_for,0.82,true,association,atlas taxonomy
atlas_atlas_environment_ecology_environmental_systems_urban_ecology_open_questions,atlas_environment_ecology_environmental_systems_urban_ecology,association,investigates,0.72,true,association,atlas taxonomy
atlas_atlas_environment_ecology_environmental_systems_urban_ecology_applications_and_implication,atlas_environment_ecology_environmental_systems_urban_ecology,application,application_of,0.82,true,application,atlas taxonomy
atlas_environment_ecology_environmental_systems_freshwater_systems,atlas_environment_ecology_environmental_systems,structure,part_of,0.94,true,structure,atlas taxonomy
atlas_atlas_environment_ecology_environmental_systems_freshwater_systems_theoretical_foundations,atlas_environment_ecology_environmental_systems_freshwater_systems,association,formalizes,0.82,true,association,atlas taxonomy
atlas_atlas_environment_ecology_environmental_systems_freshwater_systems_methods_and_instruments,atlas_environment_ecology_environmental_systems_freshwater_systems,association,method_for,0.82,true,association,atlas taxonomy
atlas_atlas_environment_ecology_environmental_systems_freshwater_systems_open_questions,atlas_environment_ecology_environmental_systems_freshwater_systems,association,investigates,0.72,true,association,atlas taxonomy
atlas_atlas_environment_ecology_environmental_systems_freshwater_systems_applications_and_implic,atlas_environment_ecology_environmental_systems_freshwater_systems,application,application_of,0.82,true,application,atlas taxonomy
atlas_environment_ecology_environmental_systems_biogeochemical_cycles,atlas_environment_ecology_environmental_systems,structure,part_of,0.94,true,structure,atlas taxonomy
atlas_atlas_environment_ecology_environmental_systems_biogeochemical_cycles_theoretical_foundati,atlas_environment_ecology_environmental_systems_biogeochemical_cycles,association,formalizes,0.82,true,association,atlas taxonomy
atlas_atlas_environment_ecology_environmental_systems_biogeochemical_cycles_methods_and_instrume,atlas_environment_ecology_environmental_systems_biogeochemical_cycles,association,method_for,0.82,true,association,atlas taxonomy
atlas_atlas_environment_ecology_environmental_systems_biogeochemical_cycles_open_questions,atlas_environment_ecology_environmental_systems_biogeochemical_cycles,association,investigates,0.72,true,association,atlas taxonomy
atlas_atlas_environment_ecology_environmental_systems_biogeochemical_cycles_applications_and_imp,atlas_environment_ecology_environmental_systems_biogeochemical_cycles,application,application_of,0.82,true,application,atlas taxonomy
atlas_environment_ecology_environmental_systems_ecosystem_services,atlas_environment_ecology_environmental_systems,structure,part_of,0.94,true,structure,atlas taxonomy
atlas_atlas_environment_ecology_environmental_systems_ecosystem_services_theoretical_foundations,atlas_environment_ecology_environmental_systems_ecosystem_services,association,formalizes,0.82,true,association,atlas taxonomy
atlas_atlas_environment_ecology_environmental_systems_ecosystem_services_methods_and_instruments,atlas_environment_ecology_environmental_systems_ecosystem_services,association,method_for,0.82,true,association,atlas taxonomy
atlas_atlas_environment_ecology_environmental_systems_ecosystem_services_open_questions,atlas_environment_ecology_environmental_systems_ecosystem_services,association,investigates,0.72,true,association,atlas taxonomy
atlas_atlas_environment_ecology_environmental_systems_ecosystem_services_applications_and_implic,atlas_environment_ecology_environmental_systems_ecosystem_services,application,application_of,0.82,true,application,atlas taxonomy
atlas_environment_ecology_environmental_systems_land_use_change,atlas_environment_ecology_environmental_systems_urban_ecology,interaction,related_to,0.62,false,interaction,atlas taxonomy
atlas_environment_ecology_environmental_systems_urban_ecology,atlas_environment_ecology_environmental_systems_freshwater_systems,interaction,related_to,0.62,false,interaction,atlas taxonomy
atlas_environment_ecology_environmental_systems_freshwater_systems,atlas_environment_ecology_environmental_systems_biogeochemical_cycles,interaction,related_to,0.62,false,interaction,atlas taxonomy
atlas_environment_ecology_environmental_systems_biogeochemical_cycles,atlas_environment_ecology_environmental_systems_ecosystem_services,interaction,related_to,0.62,false,interaction,atlas taxonomy
atlas_environment_ecology_sustainability_science,atlas_environment_ecology_domain,structure,part_of,0.96,true,structure,atlas taxonomy
atlas_environment_ecology_sustainability_science_circular_economy,atlas_environment_ecology_sustainability_science,structure,part_of,0.94,true,structure,atlas taxonomy
atlas_atlas_environment_ecology_sustainability_science_circular_economy_theoretical_foundations,atlas_environment_ecology_sustainability_science_circular_economy,association,formalizes,0.82,true,association,atlas taxonomy
atlas_atlas_environment_ecology_sustainability_science_circular_economy_methods_and_instruments,atlas_environment_ecology_sustainability_science_circular_economy,association,method_for,0.82,true,association,atlas taxonomy
atlas_atlas_environment_ecology_sustainability_science_circular_economy_open_questions,atlas_environment_ecology_sustainability_science_circular_economy,association,investigates,0.72,true,association,atlas taxonomy
atlas_atlas_environment_ecology_sustainability_science_circular_economy_applications_and_implica,atlas_environment_ecology_sustainability_science_circular_economy,application,application_of,0.82,true,application,atlas taxonomy
atlas_environment_ecology_sustainability_science_life_cycle_assessment,atlas_environment_ecology_sustainability_science,structure,part_of,0.94,true,structure,atlas taxonomy
atlas_atlas_environment_ecology_sustainability_science_life_cycle_assessment_theoretical_foundat,atlas_environment_ecology_sustainability_science_life_cycle_assessment,association,formalizes,0.82,true,association,atlas taxonomy
atlas_atlas_environment_ecology_sustainability_science_life_cycle_assessment_methods_and_instrum,atlas_environment_ecology_sustainability_science_life_cycle_assessment,association,method_for,0.82,true,association,atlas taxonomy
atlas_atlas_environment_ecology_sustainability_science_life_cycle_assessment_open_questions,atlas_environment_ecology_sustainability_science_life_cycle_assessment,association,investigates,0.72,true,association,atlas taxonomy
atlas_atlas_environment_ecology_sustainability_science_life_cycle_assessment_applications_and_im,atlas_environment_ecology_sustainability_science_life_cycle_assessment,application,application_of,0.82,true,application,atlas taxonomy
atlas_environment_ecology_sustainability_science_environmental_justice,atlas_environment_ecology_sustainability_science,structure,part_of,0.94,true,structure,atlas taxonomy
atlas_atlas_environment_ecology_sustainability_science_environmental_justice_theoretical_foundat,atlas_environment_ecology_sustainability_science_environmental_justice,association,formalizes,0.82,true,association,atlas taxonomy
atlas_atlas_environment_ecology_sustainability_science_environmental_justice_methods_and_instrum,atlas_environment_ecology_sustainability_science_environmental_justice,association,method_for,0.82,true,association,atlas taxonomy
atlas_atlas_environment_ecology_sustainability_science_environmental_justice_open_questions,atlas_environment_ecology_sustainability_science_environmental_justice,association,investigates,0.72,true,association,atlas taxonomy
atlas_atlas_environment_ecology_sustainability_science_environmental_justice_applications_and_im,atlas_environment_ecology_sustainability_science_environmental_justice,application,application_of,0.82,true,application,atlas taxonomy
atlas_environment_ecology_sustainability_science_resource_governance,atlas_environment_ecology_sustainability_science,structure,part_of,0.94,true,structure,atlas taxonomy
atlas_atlas_environment_ecology_sustainability_science_resource_governance_theoretical_foundatio,atlas_environment_ecology_sustainability_science_resource_governance,association,formalizes,0.82,true,association,atlas taxonomy
atlas_atlas_environment_ecology_sustainability_science_resource_governance_methods_and_instrumen,atlas_environment_ecology_sustainability_science_resource_governance,association,method_for,0.82,true,association,atlas taxonomy
atlas_atlas_environment_ecology_sustainability_science_resource_governance_open_questions,atlas_environment_ecology_sustainability_science_resource_governance,association,investigates,0.72,true,association,atlas taxonomy
atlas_atlas_environment_ecology_sustainability_science_resource_governance_applications_and_impl,atlas_environment_ecology_sustainability_science_resource_governance,application,application_of,0.82,true,application,atlas taxonomy
atlas_environment_ecology_sustainability_science_planetary_boundaries,atlas_environment_ecology_sustainability_science,structure,part_of,0.94,true,structure,atlas taxonomy
atlas_atlas_environment_ecology_sustainability_science_planetary_boundaries_theoretical_foundati,atlas_environment_ecology_sustainability_science_planetary_boundaries,association,formalizes,0.82,true,association,atlas taxonomy
atlas_atlas_environment_ecology_sustainability_science_planetary_boundaries_methods_and_instrume,atlas_environment_ecology_sustainability_science_planetary_boundaries,association,method_for,0.82,true,association,atlas taxonomy
atlas_atlas_environment_ecology_sustainability_science_planetary_boundaries_open_questions,atlas_environment_ecology_sustainability_science_planetary_boundaries,association,investigates,0.72,true,association,atlas taxonomy
atlas_atlas_environment_ecology_sustainability_science_planetary_boundaries_applications_and_imp,atlas_environment_ecology_sustainability_science_planetary_boundaries,application,application_of,0.82,true,application,atlas taxonomy
atlas_environment_ecology_sustainability_science_circular_economy,atlas_environment_ecology_sustainability_science_life_cycle_assessment,interaction,related_to,0.62,false,interaction,atlas taxonomy
atlas_environment_ecology_sustainability_science_life_cycle_assessment,atlas_environment_ecology_sustainability_science_environmental_justice,interaction,related_to,0.62,false,interaction,atlas taxonomy
atlas_environment_ecology_sustainability_science_environmental_justice,atlas_environment_ecology_sustainability_science_resource_governance,interaction,related_to,0.62,false,interaction,atlas taxonomy
atlas_environment_ecology_sustainability_science_resource_governance,atlas_environment_ecology_sustainability_science_planetary_boundaries,interaction,related_to,0.62,false,interaction,atlas taxonomy
atlas_environment_ecology_ecosystem_science,atlas_environment_ecology_biodiversity,interaction,related_to,0.66,false,interaction,atlas taxonomy
atlas_environment_ecology_biodiversity,atlas_environment_ecology_pollution_science,interaction,related_to,0.66,false,interaction,atlas taxonomy
atlas_environment_ecology_pollution_science,atlas_environment_ecology_environmental_systems,interaction,related_to,0.66,false,interaction,atlas taxonomy
atlas_environment_ecology_environmental_systems,atlas_environment_ecology_sustainability_science,interaction,related_to,0.66,false,interaction,atlas taxonomy
cell_biology,atlas_organismal_biology_domain,structure,part_of,0.96,true,structure,atlas taxonomy
atlas_organismal_biology_cell_biology_cell_membranes,cell_biology,structure,part_of,0.94,true,structure,atlas taxonomy
atlas_atlas_organismal_biology_cell_biology_cell_membranes_theoretical_foundations,atlas_organismal_biology_cell_biology_cell_membranes,association,formalizes,0.82,true,association,atlas taxonomy
atlas_atlas_organismal_biology_cell_biology_cell_membranes_methods_and_instruments,atlas_organismal_biology_cell_biology_cell_membranes,association,method_for,0.82,true,association,atlas taxonomy
atlas_atlas_organismal_biology_cell_biology_cell_membranes_open_questions,atlas_organismal_biology_cell_biology_cell_membranes,association,investigates,0.72,true,association,atlas taxonomy
atlas_atlas_organismal_biology_cell_biology_cell_membranes_applications_and_implications,atlas_organismal_biology_cell_biology_cell_membranes,application,application_of,0.82,true,application,atlas taxonomy
atlas_organismal_biology_cell_biology_organelles,cell_biology,structure,part_of,0.94,true,structure,atlas taxonomy
atlas_atlas_organismal_biology_cell_biology_organelles_theoretical_foundations,atlas_organismal_biology_cell_biology_organelles,association,formalizes,0.82,true,association,atlas taxonomy
atlas_atlas_organismal_biology_cell_biology_organelles_methods_and_instruments,atlas_organismal_biology_cell_biology_organelles,association,method_for,0.82,true,association,atlas taxonomy
atlas_atlas_organismal_biology_cell_biology_organelles_open_questions,atlas_organismal_biology_cell_biology_organelles,association,investigates,0.72,true,association,atlas taxonomy
atlas_atlas_organismal_biology_cell_biology_organelles_applications_and_implications,atlas_organismal_biology_cell_biology_organelles,application,application_of,0.82,true,application,atlas taxonomy
atlas_organismal_biology_cell_biology_cell_division,cell_biology,structure,part_of,0.94,true,structure,atlas taxonomy
atlas_atlas_organismal_biology_cell_biology_cell_division_theoretical_foundations,atlas_organismal_biology_cell_biology_cell_division,association,formalizes,0.82,true,association,atlas taxonomy
atlas_atlas_organismal_biology_cell_biology_cell_division_methods_and_instruments,atlas_organismal_biology_cell_biology_cell_division,association,method_for,0.82,true,association,atlas taxonomy
atlas_atlas_organismal_biology_cell_biology_cell_division_open_questions,atlas_organismal_biology_cell_biology_cell_division,association,investigates,0.72,true,association,atlas taxonomy
atlas_atlas_organismal_biology_cell_biology_cell_division_applications_and_implications,atlas_organismal_biology_cell_biology_cell_division,application,application_of,0.82,true,application,atlas taxonomy
atlas_organismal_biology_cell_biology_cytoskeleton,cell_biology,structure,part_of,0.94,true,structure,atlas taxonomy
atlas_atlas_organismal_biology_cell_biology_cytoskeleton_theoretical_foundations,atlas_organismal_biology_cell_biology_cytoskeleton,association,formalizes,0.82,true,association,atlas taxonomy
atlas_atlas_organismal_biology_cell_biology_cytoskeleton_methods_and_instruments,atlas_organismal_biology_cell_biology_cytoskeleton,association,method_for,0.82,true,association,atlas taxonomy
atlas_atlas_organismal_biology_cell_biology_cytoskeleton_open_questions,atlas_organismal_biology_cell_biology_cytoskeleton,association,investigates,0.72,true,association,atlas taxonomy
atlas_atlas_organismal_biology_cell_biology_cytoskeleton_applications_and_implications,atlas_organismal_biology_cell_biology_cytoskeleton,application,application_of,0.82,true,application,atlas taxonomy
atlas_organismal_biology_cell_biology_cell_signaling,cell_biology,structure,part_of,0.94,true,structure,atlas taxonomy
atlas_atlas_organismal_biology_cell_biology_cell_signaling_theoretical_foundations,atlas_organismal_biology_cell_biology_cell_signaling,association,formalizes,0.82,true,association,atlas taxonomy
atlas_atlas_organismal_biology_cell_biology_cell_signaling_methods_and_instruments,atlas_organismal_biology_cell_biology_cell_signaling,association,method_for,0.82,true,association,atlas taxonomy
atlas_atlas_organismal_biology_cell_biology_cell_signaling_open_questions,atlas_organismal_biology_cell_biology_cell_signaling,association,investigates,0.72,true,association,atlas taxonomy
atlas_atlas_organismal_biology_cell_biology_cell_signaling_applications_and_implications,atlas_organismal_biology_cell_biology_cell_signaling,application,application_of,0.82,true,application,atlas taxonomy
atlas_organismal_biology_cell_biology_cell_membranes,atlas_organismal_biology_cell_biology_organelles,interaction,related_to,0.62,false,interaction,atlas taxonomy
atlas_organismal_biology_cell_biology_organelles,atlas_organismal_biology_cell_biology_cell_division,interaction,related_to,0.62,false,interaction,atlas taxonomy
atlas_organismal_biology_cell_biology_cell_division,atlas_organismal_biology_cell_biology_cytoskeleton,interaction,related_to,0.62,false,interaction,atlas taxonomy
atlas_organismal_biology_cell_biology_cytoskeleton,atlas_organismal_biology_cell_biology_cell_signaling,interaction,related_to,0.62,false,interaction,atlas taxonomy
atlas_organismal_biology_development,atlas_organismal_biology_domain,structure,part_of,0.96,true,structure,atlas taxonomy
atlas_organismal_biology_development_embryogenesis,atlas_organismal_biology_development,structure,part_of,0.94,true,structure,atlas taxonomy
atlas_atlas_organismal_biology_development_embryogenesis_theoretical_foundations,atlas_organismal_biology_development_embryogenesis,association,formalizes,0.82,true,association,atlas taxonomy
atlas_atlas_organismal_biology_development_embryogenesis_methods_and_instruments,atlas_organismal_biology_development_embryogenesis,association,method_for,0.82,true,association,atlas taxonomy
atlas_atlas_organismal_biology_development_embryogenesis_open_questions,atlas_organismal_biology_development_embryogenesis,association,investigates,0.72,true,association,atlas taxonomy
atlas_atlas_organismal_biology_development_embryogenesis_applications_and_implications,atlas_organismal_biology_development_embryogenesis,application,application_of,0.82,true,application,atlas taxonomy
atlas_organismal_biology_development_pattern_formation,atlas_organismal_biology_development,structure,part_of,0.94,true,structure,atlas taxonomy
atlas_atlas_organismal_biology_development_pattern_formation_theoretical_foundations,atlas_organismal_biology_development_pattern_formation,association,formalizes,0.82,true,association,atlas taxonomy
atlas_atlas_organismal_biology_development_pattern_formation_methods_and_instruments,atlas_organismal_biology_development_pattern_formation,association,method_for,0.82,true,association,atlas taxonomy
atlas_atlas_organismal_biology_development_pattern_formation_open_questions,atlas_organismal_biology_development_pattern_formation,association,investigates,0.72,true,association,atlas taxonomy
atlas_atlas_organismal_biology_development_pattern_formation_applications_and_implications,atlas_organismal_biology_development_pattern_formation,application,application_of,0.82,true,application,atlas taxonomy
atlas_organismal_biology_development_cell_differentiation,atlas_organismal_biology_development,structure,part_of,0.94,true,structure,atlas taxonomy
atlas_atlas_organismal_biology_development_cell_differentiation_theoretical_foundations,atlas_organismal_biology_development_cell_differentiation,association,formalizes,0.82,true,association,atlas taxonomy
atlas_atlas_organismal_biology_development_cell_differentiation_methods_and_instruments,atlas_organismal_biology_development_cell_differentiation,association,method_for,0.82,true,association,atlas taxonomy
atlas_atlas_organismal_biology_development_cell_differentiation_open_questions,atlas_organismal_biology_development_cell_differentiation,association,investigates,0.72,true,association,atlas taxonomy
atlas_atlas_organismal_biology_development_cell_differentiation_applications_and_implications,atlas_organismal_biology_development_cell_differentiation,application,application_of,0.82,true,application,atlas taxonomy
atlas_organismal_biology_development_morphogenesis,atlas_organismal_biology_development,structure,part_of,0.94,true,structure,atlas taxonomy
atlas_atlas_organismal_biology_development_morphogenesis_theoretical_foundations,atlas_organismal_biology_development_morphogenesis,association,formalizes,0.82,true,association,atlas taxonomy
atlas_atlas_organismal_biology_development_morphogenesis_methods_and_instruments,atlas_organismal_biology_development_morphogenesis,association,method_for,0.82,true,association,atlas taxonomy
atlas_atlas_organismal_biology_development_morphogenesis_open_questions,atlas_organismal_biology_development_morphogenesis,association,investigates,0.72,true,association,atlas taxonomy
atlas_atlas_organismal_biology_development_morphogenesis_applications_and_implications,atlas_organismal_biology_development_morphogenesis,application,application_of,0.82,true,application,atlas taxonomy
atlas_organismal_biology_development_regeneration,atlas_organismal_biology_development,structure,part_of,0.94,true,structure,atlas taxonomy
atlas_atlas_organismal_biology_development_regeneration_theoretical_foundations,atlas_organismal_biology_development_regeneration,association,formalizes,0.82,true,association,atlas taxonomy
atlas_atlas_organismal_biology_development_regeneration_methods_and_instruments,atlas_organismal_biology_development_regeneration,association,method_for,0.82,true,association,atlas taxonomy
atlas_atlas_organismal_biology_development_regeneration_open_questions,atlas_organismal_biology_development_regeneration,association,investigates,0.72,true,association,atlas taxonomy
atlas_atlas_organismal_biology_development_regeneration_applications_and_implications,atlas_organismal_biology_development_regeneration,application,application_of,0.82,true,application,atlas taxonomy
atlas_organismal_biology_development_embryogenesis,atlas_organismal_biology_development_pattern_formation,interaction,related_to,0.62,false,interaction,atlas taxonomy
atlas_organismal_biology_development_pattern_formation,atlas_organismal_biology_development_cell_differentiation,interaction,related_to,0.62,false,interaction,atlas taxonomy
atlas_organismal_biology_development_cell_differentiation,atlas_organismal_biology_development_morphogenesis,interaction,related_to,0.62,false,interaction,atlas taxonomy
atlas_organismal_biology_development_morphogenesis,atlas_organismal_biology_development_regeneration,interaction,related_to,0.62,false,interaction,atlas taxonomy
atlas_organismal_biology_physiology,atlas_organismal_biology_domain,structure,part_of,0.96,true,structure,atlas taxonomy
homeostasis,atlas_organismal_biology_physiology,structure,part_of,0.94,true,structure,atlas taxonomy
atlas_homeostasis_theoretical_foundations,homeostasis,association,formalizes,0.82,true,association,atlas taxonomy
atlas_homeostasis_methods_and_instruments,homeostasis,association,method_for,0.82,true,association,atlas taxonomy
atlas_homeostasis_open_questions,homeostasis,association,investigates,0.72,true,association,atlas taxonomy
atlas_homeostasis_applications_and_implications,homeostasis,application,application_of,0.82,true,application,atlas taxonomy
atlas_organismal_biology_physiology_endocrine_regulation,atlas_organismal_biology_physiology,structure,part_of,0.94,true,structure,atlas taxonomy
atlas_atlas_organismal_biology_physiology_endocrine_regulation_theoretical_foundations,atlas_organismal_biology_physiology_endocrine_regulation,association,formalizes,0.82,true,association,atlas taxonomy
atlas_atlas_organismal_biology_physiology_endocrine_regulation_methods_and_instruments,atlas_organismal_biology_physiology_endocrine_regulation,association,method_for,0.82,true,association,atlas taxonomy
atlas_atlas_organismal_biology_physiology_endocrine_regulation_open_questions,atlas_organismal_biology_physiology_endocrine_regulation,association,investigates,0.72,true,association,atlas taxonomy
atlas_atlas_organismal_biology_physiology_endocrine_regulation_applications_and_implications,atlas_organismal_biology_physiology_endocrine_regulation,application,application_of,0.82,true,application,atlas taxonomy
atlas_organismal_biology_physiology_cardiovascular_physiology,atlas_organismal_biology_physiology,structure,part_of,0.94,true,structure,atlas taxonomy
atlas_atlas_organismal_biology_physiology_cardiovascular_physiology_theoretical_foundations,atlas_organismal_biology_physiology_cardiovascular_physiology,association,formalizes,0.82,true,association,atlas taxonomy
atlas_atlas_organismal_biology_physiology_cardiovascular_physiology_methods_and_instruments,atlas_organismal_biology_physiology_cardiovascular_physiology,association,method_for,0.82,true,association,atlas taxonomy
atlas_atlas_organismal_biology_physiology_cardiovascular_physiology_open_questions,atlas_organismal_biology_physiology_cardiovascular_physiology,association,investigates,0.72,true,association,atlas taxonomy
atlas_atlas_organismal_biology_physiology_cardiovascular_physiology_applications_and_implication,atlas_organismal_biology_physiology_cardiovascular_physiology,application,application_of,0.82,true,application,atlas taxonomy
atlas_organismal_biology_physiology_respiratory_physiology,atlas_organismal_biology_physiology,structure,part_of,0.94,true,structure,atlas taxonomy
atlas_atlas_organismal_biology_physiology_respiratory_physiology_theoretical_foundations,atlas_organismal_biology_physiology_respiratory_physiology,association,formalizes,0.82,true,association,atlas taxonomy
atlas_atlas_organismal_biology_physiology_respiratory_physiology_methods_and_instruments,atlas_organismal_biology_physiology_respiratory_physiology,association,method_for,0.82,true,association,atlas taxonomy
atlas_atlas_organismal_biology_physiology_respiratory_physiology_open_questions,atlas_organismal_biology_physiology_respiratory_physiology,association,investigates,0.72,true,association,atlas taxonomy
atlas_atlas_organismal_biology_physiology_respiratory_physiology_applications_and_implications,atlas_organismal_biology_physiology_respiratory_physiology,application,application_of,0.82,true,application,atlas taxonomy
atlas_organismal_biology_physiology_renal_physiology,atlas_organismal_biology_physiology,structure,part_of,0.94,true,structure,atlas taxonomy
atlas_atlas_organismal_biology_physiology_renal_physiology_theoretical_foundations,atlas_organismal_biology_physiology_renal_physiology,association,formalizes,0.82,true,association,atlas taxonomy
atlas_atlas_organismal_biology_physiology_renal_physiology_methods_and_instruments,atlas_organismal_biology_physiology_renal_physiology,association,method_for,0.82,true,association,atlas taxonomy
atlas_atlas_organismal_biology_physiology_renal_physiology_open_questions,atlas_organismal_biology_physiology_renal_physiology,association,investigates,0.72,true,association,atlas taxonomy
atlas_atlas_organismal_biology_physiology_renal_physiology_applications_and_implications,atlas_organismal_biology_physiology_renal_physiology,application,application_of,0.82,true,application,atlas taxonomy
homeostasis,atlas_organismal_biology_physiology_endocrine_regulation,interaction,related_to,0.62,false,interaction,atlas taxonomy
atlas_organismal_biology_physiology_endocrine_regulation,atlas_organismal_biology_physiology_cardiovascular_physiology,interaction,related_to,0.62,false,interaction,atlas taxonomy
atlas_organismal_biology_physiology_cardiovascular_physiology,atlas_organismal_biology_physiology_respiratory_physiology,interaction,related_to,0.62,false,interaction,atlas taxonomy
atlas_organismal_biology_physiology_respiratory_physiology,atlas_organismal_biology_physiology_renal_physiology,interaction,related_to,0.62,false,interaction,atlas taxonomy
atlas_organismal_biology_plant_science,atlas_organismal_biology_domain,structure,part_of,0.96,true,structure,atlas taxonomy
atlas_organismal_biology_plant_science_plant_development,atlas_organismal_biology_plant_science,structure,part_of,0.94,true,structure,atlas taxonomy
atlas_atlas_organismal_biology_plant_science_plant_development_theoretical_foundations,atlas_organismal_biology_plant_science_plant_development,association,formalizes,0.82,true,association,atlas taxonomy
atlas_atlas_organismal_biology_plant_science_plant_development_methods_and_instruments,atlas_organismal_biology_plant_science_plant_development,association,method_for,0.82,true,association,atlas taxonomy
atlas_atlas_organismal_biology_plant_science_plant_development_open_questions,atlas_organismal_biology_plant_science_plant_development,association,investigates,0.72,true,association,atlas taxonomy
atlas_atlas_organismal_biology_plant_science_plant_development_applications_and_implications,atlas_organismal_biology_plant_science_plant_development,application,application_of,0.82,true,application,atlas taxonomy
atlas_organismal_biology_plant_science_plant_physiology,atlas_organismal_biology_plant_science,structure,part_of,0.94,true,structure,atlas taxonomy
atlas_atlas_organismal_biology_plant_science_plant_physiology_theoretical_foundations,atlas_organismal_biology_plant_science_plant_physiology,association,formalizes,0.82,true,association,atlas taxonomy
atlas_atlas_organismal_biology_plant_science_plant_physiology_methods_and_instruments,atlas_organismal_biology_plant_science_plant_physiology,association,method_for,0.82,true,association,atlas taxonomy
atlas_atlas_organismal_biology_plant_science_plant_physiology_open_questions,atlas_organismal_biology_plant_science_plant_physiology,association,investigates,0.72,true,association,atlas taxonomy
atlas_atlas_organismal_biology_plant_science_plant_physiology_applications_and_implications,atlas_organismal_biology_plant_science_plant_physiology,application,application_of,0.82,true,application,atlas taxonomy
atlas_organismal_biology_plant_science_plant_immunity,atlas_organismal_biology_plant_science,structure,part_of,0.94,true,structure,atlas taxonomy
atlas_atlas_organismal_biology_plant_science_plant_immunity_theoretical_foundations,atlas_organismal_biology_plant_science_plant_immunity,association,formalizes,0.82,true,association,atlas taxonomy
atlas_atlas_organismal_biology_plant_science_plant_immunity_methods_and_instruments,atlas_organismal_biology_plant_science_plant_immunity,association,method_for,0.82,true,association,atlas taxonomy
atlas_atlas_organismal_biology_plant_science_plant_immunity_open_questions,atlas_organismal_biology_plant_science_plant_immunity,association,investigates,0.72,true,association,atlas taxonomy
atlas_atlas_organismal_biology_plant_science_plant_immunity_applications_and_implications,atlas_organismal_biology_plant_science_plant_immunity,application,application_of,0.82,true,application,atlas taxonomy
atlas_organismal_biology_plant_science_plant_microbe_interactions,atlas_organismal_biology_plant_science,structure,part_of,0.94,true,structure,atlas taxonomy
atlas_atlas_organismal_biology_plant_science_plant_microbe_interactions_theoretical_foundations,atlas_organismal_biology_plant_science_plant_microbe_interactions,association,formalizes,0.82,true,association,atlas taxonomy
atlas_atlas_organismal_biology_plant_science_plant_microbe_interactions_methods_and_instruments,atlas_organismal_biology_plant_science_plant_microbe_interactions,association,method_for,0.82,true,association,atlas taxonomy
atlas_atlas_organismal_biology_plant_science_plant_microbe_interactions_open_questions,atlas_organismal_biology_plant_science_plant_microbe_interactions,association,investigates,0.72,true,association,atlas taxonomy
atlas_atlas_organismal_biology_plant_science_plant_microbe_interactions_applications_and_implica,atlas_organismal_biology_plant_science_plant_microbe_interactions,application,application_of,0.82,true,application,atlas taxonomy
atlas_organismal_biology_plant_science_crop_biology,atlas_organismal_biology_plant_science,structure,part_of,0.94,true,structure,atlas taxonomy
atlas_atlas_organismal_biology_plant_science_crop_biology_theoretical_foundations,atlas_organismal_biology_plant_science_crop_biology,association,formalizes,0.82,true,association,atlas taxonomy
atlas_atlas_organismal_biology_plant_science_crop_biology_methods_and_instruments,atlas_organismal_biology_plant_science_crop_biology,association,method_for,0.82,true,association,atlas taxonomy
atlas_atlas_organismal_biology_plant_science_crop_biology_open_questions,atlas_organismal_biology_plant_science_crop_biology,association,investigates,0.72,true,association,atlas taxonomy
atlas_atlas_organismal_biology_plant_science_crop_biology_applications_and_implications,atlas_organismal_biology_plant_science_crop_biology,application,application_of,0.82,true,application,atlas taxonomy
atlas_organismal_biology_plant_science_plant_development,atlas_organismal_biology_plant_science_plant_physiology,interaction,related_to,0.62,false,interaction,atlas taxonomy
atlas_organismal_biology_plant_science_plant_physiology,atlas_organismal_biology_plant_science_plant_immunity,interaction,related_to,0.62,false,interaction,atlas taxonomy
atlas_organismal_biology_plant_science_plant_immunity,atlas_organismal_biology_plant_science_plant_microbe_interactions,interaction,related_to,0.62,false,interaction,atlas taxonomy
atlas_organismal_biology_plant_science_plant_microbe_interactions,atlas_organismal_biology_plant_science_crop_biology,interaction,related_to,0.62,false,interaction,atlas taxonomy
atlas_organismal_biology_comparative_biology,atlas_organismal_biology_domain,structure,part_of,0.96,true,structure,atlas taxonomy
atlas_organismal_biology_comparative_biology_comparative_anatomy,atlas_organismal_biology_comparative_biology,structure,part_of,0.94,true,structure,atlas taxonomy
atlas_atlas_organismal_biology_comparative_biology_comparative_anatomy_theoretical_foundations,atlas_organismal_biology_comparative_biology_comparative_anatomy,association,formalizes,0.82,true,association,atlas taxonomy
atlas_atlas_organismal_biology_comparative_biology_comparative_anatomy_methods_and_instruments,atlas_organismal_biology_comparative_biology_comparative_anatomy,association,method_for,0.82,true,association,atlas taxonomy
atlas_atlas_organismal_biology_comparative_biology_comparative_anatomy_open_questions,atlas_organismal_biology_comparative_biology_comparative_anatomy,association,investigates,0.72,true,association,atlas taxonomy
atlas_atlas_organismal_biology_comparative_biology_comparative_anatomy_applications_and_implicat,atlas_organismal_biology_comparative_biology_comparative_anatomy,application,application_of,0.82,true,application,atlas taxonomy
atlas_organismal_biology_comparative_biology_functional_morphology,atlas_organismal_biology_comparative_biology,structure,part_of,0.94,true,structure,atlas taxonomy
atlas_atlas_organismal_biology_comparative_biology_functional_morphology_theoretical_foundations,atlas_organismal_biology_comparative_biology_functional_morphology,association,formalizes,0.82,true,association,atlas taxonomy
atlas_atlas_organismal_biology_comparative_biology_functional_morphology_methods_and_instruments,atlas_organismal_biology_comparative_biology_functional_morphology,association,method_for,0.82,true,association,atlas taxonomy
atlas_atlas_organismal_biology_comparative_biology_functional_morphology_open_questions,atlas_organismal_biology_comparative_biology_functional_morphology,association,investigates,0.72,true,association,atlas taxonomy
atlas_atlas_organismal_biology_comparative_biology_functional_morphology_applications_and_implic,atlas_organismal_biology_comparative_biology_functional_morphology,application,application_of,0.82,true,application,atlas taxonomy
atlas_organismal_biology_comparative_biology_animal_behavior,atlas_organismal_biology_comparative_biology,structure,part_of,0.94,true,structure,atlas taxonomy
atlas_atlas_organismal_biology_comparative_biology_animal_behavior_theoretical_foundations,atlas_organismal_biology_comparative_biology_animal_behavior,association,formalizes,0.82,true,association,atlas taxonomy
atlas_atlas_organismal_biology_comparative_biology_animal_behavior_methods_and_instruments,atlas_organismal_biology_comparative_biology_animal_behavior,association,method_for,0.82,true,association,atlas taxonomy
atlas_atlas_organismal_biology_comparative_biology_animal_behavior_open_questions,atlas_organismal_biology_comparative_biology_animal_behavior,association,investigates,0.72,true,association,atlas taxonomy
atlas_atlas_organismal_biology_comparative_biology_animal_behavior_applications_and_implications,atlas_organismal_biology_comparative_biology_animal_behavior,application,application_of,0.82,true,application,atlas taxonomy
atlas_organismal_biology_comparative_biology_life_history_biology,atlas_organismal_biology_comparative_biology,structure,part_of,0.94,true,structure,atlas taxonomy
atlas_atlas_organismal_biology_comparative_biology_life_history_biology_theoretical_foundations,atlas_organismal_biology_comparative_biology_life_history_biology,association,formalizes,0.82,true,association,atlas taxonomy
atlas_atlas_organismal_biology_comparative_biology_life_history_biology_methods_and_instruments,atlas_organismal_biology_comparative_biology_life_history_biology,association,method_for,0.82,true,association,atlas taxonomy
atlas_atlas_organismal_biology_comparative_biology_life_history_biology_open_questions,atlas_organismal_biology_comparative_biology_life_history_biology,association,investigates,0.72,true,association,atlas taxonomy
atlas_atlas_organismal_biology_comparative_biology_life_history_biology_applications_and_implica,atlas_organismal_biology_comparative_biology_life_history_biology,application,application_of,0.82,true,application,atlas taxonomy
atlas_organismal_biology_comparative_biology_adaptation,atlas_organismal_biology_comparative_biology,structure,part_of,0.94,true,structure,atlas taxonomy
atlas_atlas_organismal_biology_comparative_biology_adaptation_theoretical_foundations,atlas_organismal_biology_comparative_biology_adaptation,association,formalizes,0.82,true,association,atlas taxonomy
atlas_atlas_organismal_biology_comparative_biology_adaptation_methods_and_instruments,atlas_organismal_biology_comparative_biology_adaptation,association,method_for,0.82,true,association,atlas taxonomy
atlas_atlas_organismal_biology_comparative_biology_adaptation_open_questions,atlas_organismal_biology_comparative_biology_adaptation,association,investigates,0.72,true,association,atlas taxonomy
atlas_atlas_organismal_biology_comparative_biology_adaptation_applications_and_implications,atlas_organismal_biology_comparative_biology_adaptation,application,application_of,0.82,true,application,atlas taxonomy
atlas_organismal_biology_comparative_biology_comparative_anatomy,atlas_organismal_biology_comparative_biology_functional_morphology,interaction,related_to,0.62,false,interaction,atlas taxonomy
atlas_organismal_biology_comparative_biology_functional_morphology,atlas_organismal_biology_comparative_biology_animal_behavior,interaction,related_to,0.62,false,interaction,atlas taxonomy
atlas_organismal_biology_comparative_biology_animal_behavior,atlas_organismal_biology_comparative_biology_life_history_biology,interaction,related_to,0.62,false,interaction,atlas taxonomy
atlas_organismal_biology_comparative_biology_life_history_biology,atlas_organismal_biology_comparative_biology_adaptation,interaction,related_to,0.62,false,interaction,atlas taxonomy
cell_biology,atlas_organismal_biology_development,interaction,related_to,0.66,false,interaction,atlas taxonomy
atlas_organismal_biology_development,atlas_organismal_biology_physiology,interaction,related_to,0.66,false,interaction,atlas taxonomy
atlas_organismal_biology_physiology,atlas_organismal_biology_plant_science,interaction,related_to,0.66,false,interaction,atlas taxonomy
atlas_organismal_biology_plant_science,atlas_organismal_biology_comparative_biology,interaction,related_to,0.66,false,interaction,atlas taxonomy
atlas_evolution_ecology_evolutionary_theory,evolution,structure,part_of,0.96,true,structure,atlas taxonomy
natural_selection,atlas_evolution_ecology_evolutionary_theory,structure,part_of,0.94,true,structure,atlas taxonomy
atlas_natural_selection_theoretical_foundations,natural_selection,association,formalizes,0.82,true,association,atlas taxonomy
atlas_natural_selection_methods_and_instruments,natural_selection,association,method_for,0.82,true,association,atlas taxonomy
atlas_natural_selection_open_questions,natural_selection,association,investigates,0.72,true,association,atlas taxonomy
atlas_natural_selection_applications_and_implications,natural_selection,application,application_of,0.82,true,application,atlas taxonomy
atlas_evolution_ecology_evolutionary_theory_genetic_drift,atlas_evolution_ecology_evolutionary_theory,structure,part_of,0.94,true,structure,atlas taxonomy
atlas_atlas_evolution_ecology_evolutionary_theory_genetic_drift_theoretical_foundations,atlas_evolution_ecology_evolutionary_theory_genetic_drift,association,formalizes,0.82,true,association,atlas taxonomy
atlas_atlas_evolution_ecology_evolutionary_theory_genetic_drift_methods_and_instruments,atlas_evolution_ecology_evolutionary_theory_genetic_drift,association,method_for,0.82,true,association,atlas taxonomy
atlas_atlas_evolution_ecology_evolutionary_theory_genetic_drift_open_questions,atlas_evolution_ecology_evolutionary_theory_genetic_drift,association,investigates,0.72,true,association,atlas taxonomy
atlas_atlas_evolution_ecology_evolutionary_theory_genetic_drift_applications_and_implications,atlas_evolution_ecology_evolutionary_theory_genetic_drift,application,application_of,0.82,true,application,atlas taxonomy
atlas_evolution_ecology_evolutionary_theory_mutation_and_variation,atlas_evolution_ecology_evolutionary_theory,structure,part_of,0.94,true,structure,atlas taxonomy
atlas_atlas_evolution_ecology_evolutionary_theory_mutation_and_variation_theoretical_foundations,atlas_evolution_ecology_evolutionary_theory_mutation_and_variation,association,formalizes,0.82,true,association,atlas taxonomy
atlas_atlas_evolution_ecology_evolutionary_theory_mutation_and_variation_methods_and_instruments,atlas_evolution_ecology_evolutionary_theory_mutation_and_variation,association,method_for,0.82,true,association,atlas taxonomy
atlas_atlas_evolution_ecology_evolutionary_theory_mutation_and_variation_open_questions,atlas_evolution_ecology_evolutionary_theory_mutation_and_variation,association,investigates,0.72,true,association,atlas taxonomy
atlas_atlas_evolution_ecology_evolutionary_theory_mutation_and_variation_applications_and_implic,atlas_evolution_ecology_evolutionary_theory_mutation_and_variation,application,application_of,0.82,true,application,atlas taxonomy
atlas_evolution_ecology_evolutionary_theory_speciation,atlas_evolution_ecology_evolutionary_theory,structure,part_of,0.94,true,structure,atlas taxonomy
atlas_atlas_evolution_ecology_evolutionary_theory_speciation_theoretical_foundations,atlas_evolution_ecology_evolutionary_theory_speciation,association,formalizes,0.82,true,association,atlas taxonomy
atlas_atlas_evolution_ecology_evolutionary_theory_speciation_methods_and_instruments,atlas_evolution_ecology_evolutionary_theory_speciation,association,method_for,0.82,true,association,atlas taxonomy
atlas_atlas_evolution_ecology_evolutionary_theory_speciation_open_questions,atlas_evolution_ecology_evolutionary_theory_speciation,association,investigates,0.72,true,association,atlas taxonomy
atlas_atlas_evolution_ecology_evolutionary_theory_speciation_applications_and_implications,atlas_evolution_ecology_evolutionary_theory_speciation,application,application_of,0.82,true,application,atlas taxonomy
atlas_evolution_ecology_evolutionary_theory_major_evolutionary_transitions,atlas_evolution_ecology_evolutionary_theory,structure,part_of,0.94,true,structure,atlas taxonomy
atlas_atlas_evolution_ecology_evolutionary_theory_major_evolutionary_transitions_theoretical_fou,atlas_evolution_ecology_evolutionary_theory_major_evolutionary_transitions,association,formalizes,0.82,true,association,atlas taxonomy
atlas_atlas_evolution_ecology_evolutionary_theory_major_evolutionary_transitions_methods_and_ins,atlas_evolution_ecology_evolutionary_theory_major_evolutionary_transitions,association,method_for,0.82,true,association,atlas taxonomy
atlas_atlas_evolution_ecology_evolutionary_theory_major_evolutionary_transitions_open_questions,atlas_evolution_ecology_evolutionary_theory_major_evolutionary_transitions,association,investigates,0.72,true,association,atlas taxonomy
atlas_atlas_evolution_ecology_evolutionary_theory_major_evolutionary_transitions_applications_an,atlas_evolution_ecology_evolutionary_theory_major_evolutionary_transitions,application,application_of,0.82,true,application,atlas taxonomy
natural_selection,atlas_evolution_ecology_evolutionary_theory_genetic_drift,interaction,related_to,0.62,false,interaction,atlas taxonomy
atlas_evolution_ecology_evolutionary_theory_genetic_drift,atlas_evolution_ecology_evolutionary_theory_mutation_and_variation,interaction,related_to,0.62,false,interaction,atlas taxonomy
atlas_evolution_ecology_evolutionary_theory_mutation_and_variation,atlas_evolution_ecology_evolutionary_theory_speciation,interaction,related_to,0.62,false,interaction,atlas taxonomy
atlas_evolution_ecology_evolutionary_theory_speciation,atlas_evolution_ecology_evolutionary_theory_major_evolutionary_transitions,interaction,related_to,0.62,false,interaction,atlas taxonomy
atlas_evolution_ecology_population_biology,evolution,structure,part_of,0.96,true,structure,atlas taxonomy
population_genetics,atlas_evolution_ecology_population_biology,structure,part_of,0.94,true,structure,atlas taxonomy
atlas_population_genetics_theoretical_foundations,population_genetics,association,formalizes,0.82,true,association,atlas taxonomy
atlas_population_genetics_methods_and_instruments,population_genetics,association,method_for,0.82,true,association,atlas taxonomy
atlas_population_genetics_open_questions,population_genetics,association,investigates,0.72,true,association,atlas taxonomy
atlas_population_genetics_applications_and_implications,population_genetics,application,application_of,0.82,true,application,atlas taxonomy
atlas_evolution_ecology_population_biology_quantitative_genetics,atlas_evolution_ecology_population_biology,structure,part_of,0.94,true,structure,atlas taxonomy
atlas_atlas_evolution_ecology_population_biology_quantitative_genetics_theoretical_foundations,atlas_evolution_ecology_population_biology_quantitative_genetics,association,formalizes,0.82,true,association,atlas taxonomy
atlas_atlas_evolution_ecology_population_biology_quantitative_genetics_methods_and_instruments,atlas_evolution_ecology_population_biology_quantitative_genetics,association,method_for,0.82,true,association,atlas taxonomy
atlas_atlas_evolution_ecology_population_biology_quantitative_genetics_open_questions,atlas_evolution_ecology_population_biology_quantitative_genetics,association,investigates,0.72,true,association,atlas taxonomy
atlas_atlas_evolution_ecology_population_biology_quantitative_genetics_applications_and_implicat,atlas_evolution_ecology_population_biology_quantitative_genetics,application,application_of,0.82,true,application,atlas taxonomy
atlas_evolution_ecology_population_biology_demographic_evolution,atlas_evolution_ecology_population_biology,structure,part_of,0.94,true,structure,atlas taxonomy
atlas_atlas_evolution_ecology_population_biology_demographic_evolution_theoretical_foundations,atlas_evolution_ecology_population_biology_demographic_evolution,association,formalizes,0.82,true,association,atlas taxonomy
atlas_atlas_evolution_ecology_population_biology_demographic_evolution_methods_and_instruments,atlas_evolution_ecology_population_biology_demographic_evolution,association,method_for,0.82,true,association,atlas taxonomy
atlas_atlas_evolution_ecology_population_biology_demographic_evolution_open_questions,atlas_evolution_ecology_population_biology_demographic_evolution,association,investigates,0.72,true,association,atlas taxonomy
atlas_atlas_evolution_ecology_population_biology_demographic_evolution_applications_and_implicat,atlas_evolution_ecology_population_biology_demographic_evolution,application,application_of,0.82,true,application,atlas taxonomy
atlas_evolution_ecology_population_biology_coalescent_theory,atlas_evolution_ecology_population_biology,structure,part_of,0.94,true,structure,atlas taxonomy
atlas_atlas_evolution_ecology_population_biology_coalescent_theory_theoretical_foundations,atlas_evolution_ecology_population_biology_coalescent_theory,association,formalizes,0.82,true,association,atlas taxonomy
atlas_atlas_evolution_ecology_population_biology_coalescent_theory_methods_and_instruments,atlas_evolution_ecology_population_biology_coalescent_theory,association,method_for,0.82,true,association,atlas taxonomy
atlas_atlas_evolution_ecology_population_biology_coalescent_theory_open_questions,atlas_evolution_ecology_population_biology_coalescent_theory,association,investigates,0.72,true,association,atlas taxonomy
atlas_atlas_evolution_ecology_population_biology_coalescent_theory_applications_and_implications,atlas_evolution_ecology_population_biology_coalescent_theory,application,application_of,0.82,true,application,atlas taxonomy
atlas_evolution_ecology_population_biology_evolutionary_game_theory,atlas_evolution_ecology_population_biology,structure,part_of,0.94,true,structure,atlas taxonomy
atlas_atlas_evolution_ecology_population_biology_evolutionary_game_theory_theoretical_foundation,atlas_evolution_ecology_population_biology_evolutionary_game_theory,association,formalizes,0.82,true,association,atlas taxonomy
atlas_atlas_evolution_ecology_population_biology_evolutionary_game_theory_methods_and_instrument,atlas_evolution_ecology_population_biology_evolutionary_game_theory,association,method_for,0.82,true,association,atlas taxonomy
atlas_atlas_evolution_ecology_population_biology_evolutionary_game_theory_open_questions,atlas_evolution_ecology_population_biology_evolutionary_game_theory,association,investigates,0.72,true,association,atlas taxonomy
atlas_atlas_evolution_ecology_population_biology_evolutionary_game_theory_applications_and_impli,atlas_evolution_ecology_population_biology_evolutionary_game_theory,application,application_of,0.82,true,application,atlas taxonomy
population_genetics,atlas_evolution_ecology_population_biology_quantitative_genetics,interaction,related_to,0.62,false,interaction,atlas taxonomy
atlas_evolution_ecology_population_biology_quantitative_genetics,atlas_evolution_ecology_population_biology_demographic_evolution,interaction,related_to,0.62,false,interaction,atlas taxonomy
atlas_evolution_ecology_population_biology_demographic_evolution,atlas_evolution_ecology_population_biology_coalescent_theory,interaction,related_to,0.62,false,interaction,atlas taxonomy
atlas_evolution_ecology_population_biology_coalescent_theory,atlas_evolution_ecology_population_biology_evolutionary_game_theory,interaction,related_to,0.62,false,interaction,atlas taxonomy
atlas_evolution_ecology_phylogenetics,evolution,structure,part_of,0.96,true,structure,atlas taxonomy
atlas_evolution_ecology_phylogenetics_molecular_evolution,atlas_evolution_ecology_phylogenetics,structure,part_of,0.94,true,structure,atlas taxonomy
atlas_atlas_evolution_ecology_phylogenetics_molecular_evolution_theoretical_foundations,atlas_evolution_ecology_phylogenetics_molecular_evolution,association,formalizes,0.82,true,association,atlas taxonomy
atlas_atlas_evolution_ecology_phylogenetics_molecular_evolution_methods_and_instruments,atlas_evolution_ecology_phylogenetics_molecular_evolution,association,method_for,0.82,true,association,atlas taxonomy
atlas_atlas_evolution_ecology_phylogenetics_molecular_evolution_open_questions,atlas_evolution_ecology_phylogenetics_molecular_evolution,association,investigates,0.72,true,association,atlas taxonomy
atlas_atlas_evolution_ecology_phylogenetics_molecular_evolution_applications_and_implications,atlas_evolution_ecology_phylogenetics_molecular_evolution,application,application_of,0.82,true,application,atlas taxonomy
atlas_evolution_ecology_phylogenetics_phylogenetic_inference,atlas_evolution_ecology_phylogenetics,structure,part_of,0.94,true,structure,atlas taxonomy
atlas_atlas_evolution_ecology_phylogenetics_phylogenetic_inference_theoretical_foundations,atlas_evolution_ecology_phylogenetics_phylogenetic_inference,association,formalizes,0.82,true,association,atlas taxonomy
atlas_atlas_evolution_ecology_phylogenetics_phylogenetic_inference_methods_and_instruments,atlas_evolution_ecology_phylogenetics_phylogenetic_inference,association,method_for,0.82,true,association,atlas taxonomy
atlas_atlas_evolution_ecology_phylogenetics_phylogenetic_inference_open_questions,atlas_evolution_ecology_phylogenetics_phylogenetic_inference,association,investigates,0.72,true,association,atlas taxonomy
atlas_atlas_evolution_ecology_phylogenetics_phylogenetic_inference_applications_and_implications,atlas_evolution_ecology_phylogenetics_phylogenetic_inference,application,application_of,0.82,true,application,atlas taxonomy
atlas_evolution_ecology_phylogenetics_ancestral_reconstruction,atlas_evolution_ecology_phylogenetics,structure,part_of,0.94,true,structure,atlas taxonomy
atlas_atlas_evolution_ecology_phylogenetics_ancestral_reconstruction_theoretical_foundations,atlas_evolution_ecology_phylogenetics_ancestral_reconstruction,association,formalizes,0.82,true,association,atlas taxonomy
atlas_atlas_evolution_ecology_phylogenetics_ancestral_reconstruction_methods_and_instruments,atlas_evolution_ecology_phylogenetics_ancestral_reconstruction,association,method_for,0.82,true,association,atlas taxonomy
atlas_atlas_evolution_ecology_phylogenetics_ancestral_reconstruction_open_questions,atlas_evolution_ecology_phylogenetics_ancestral_reconstruction,association,investigates,0.72,true,association,atlas taxonomy
atlas_atlas_evolution_ecology_phylogenetics_ancestral_reconstruction_applications_and_implicatio,atlas_evolution_ecology_phylogenetics_ancestral_reconstruction,application,application_of,0.82,true,application,atlas taxonomy
atlas_evolution_ecology_phylogenetics_divergence_dating,atlas_evolution_ecology_phylogenetics,structure,part_of,0.94,true,structure,atlas taxonomy
atlas_atlas_evolution_ecology_phylogenetics_divergence_dating_theoretical_foundations,atlas_evolution_ecology_phylogenetics_divergence_dating,association,formalizes,0.82,true,association,atlas taxonomy
atlas_atlas_evolution_ecology_phylogenetics_divergence_dating_methods_and_instruments,atlas_evolution_ecology_phylogenetics_divergence_dating,association,method_for,0.82,true,association,atlas taxonomy
atlas_atlas_evolution_ecology_phylogenetics_divergence_dating_open_questions,atlas_evolution_ecology_phylogenetics_divergence_dating,association,investigates,0.72,true,association,atlas taxonomy
atlas_atlas_evolution_ecology_phylogenetics_divergence_dating_applications_and_implications,atlas_evolution_ecology_phylogenetics_divergence_dating,application,application_of,0.82,true,application,atlas taxonomy
atlas_evolution_ecology_phylogenetics_comparative_methods,atlas_evolution_ecology_phylogenetics,structure,part_of,0.94,true,structure,atlas taxonomy
atlas_atlas_evolution_ecology_phylogenetics_comparative_methods_theoretical_foundations,atlas_evolution_ecology_phylogenetics_comparative_methods,association,formalizes,0.82,true,association,atlas taxonomy
atlas_atlas_evolution_ecology_phylogenetics_comparative_methods_methods_and_instruments,atlas_evolution_ecology_phylogenetics_comparative_methods,association,method_for,0.82,true,association,atlas taxonomy
atlas_atlas_evolution_ecology_phylogenetics_comparative_methods_open_questions,atlas_evolution_ecology_phylogenetics_comparative_methods,association,investigates,0.72,true,association,atlas taxonomy
atlas_atlas_evolution_ecology_phylogenetics_comparative_methods_applications_and_implications,atlas_evolution_ecology_phylogenetics_comparative_methods,application,application_of,0.82,true,application,atlas taxonomy
atlas_evolution_ecology_phylogenetics_molecular_evolution,atlas_evolution_ecology_phylogenetics_phylogenetic_inference,interaction,related_to,0.62,false,interaction,atlas taxonomy
atlas_evolution_ecology_phylogenetics_phylogenetic_inference,atlas_evolution_ecology_phylogenetics_ancestral_reconstruction,interaction,related_to,0.62,false,interaction,atlas taxonomy
atlas_evolution_ecology_phylogenetics_ancestral_reconstruction,atlas_evolution_ecology_phylogenetics_divergence_dating,interaction,related_to,0.62,false,interaction,atlas taxonomy
atlas_evolution_ecology_phylogenetics_divergence_dating,atlas_evolution_ecology_phylogenetics_comparative_methods,interaction,related_to,0.62,false,interaction,atlas taxonomy
atlas_evolution_ecology_evolutionary_ecology,evolution,structure,part_of,0.96,true,structure,atlas taxonomy
atlas_evolution_ecology_evolutionary_ecology_sexual_selection,atlas_evolution_ecology_evolutionary_ecology,structure,part_of,0.94,true,structure,atlas taxonomy
atlas_atlas_evolution_ecology_evolutionary_ecology_sexual_selection_theoretical_foundations,atlas_evolution_ecology_evolutionary_ecology_sexual_selection,association,formalizes,0.82,true,association,atlas taxonomy
atlas_atlas_evolution_ecology_evolutionary_ecology_sexual_selection_methods_and_instruments,atlas_evolution_ecology_evolutionary_ecology_sexual_selection,association,method_for,0.82,true,association,atlas taxonomy
atlas_atlas_evolution_ecology_evolutionary_ecology_sexual_selection_open_questions,atlas_evolution_ecology_evolutionary_ecology_sexual_selection,association,investigates,0.72,true,association,atlas taxonomy
atlas_atlas_evolution_ecology_evolutionary_ecology_sexual_selection_applications_and_implication,atlas_evolution_ecology_evolutionary_ecology_sexual_selection,application,application_of,0.82,true,application,atlas taxonomy
atlas_evolution_ecology_evolutionary_ecology_coevolution,atlas_evolution_ecology_evolutionary_ecology,structure,part_of,0.94,true,structure,atlas taxonomy
atlas_atlas_evolution_ecology_evolutionary_ecology_coevolution_theoretical_foundations,atlas_evolution_ecology_evolutionary_ecology_coevolution,association,formalizes,0.82,true,association,atlas taxonomy
atlas_atlas_evolution_ecology_evolutionary_ecology_coevolution_methods_and_instruments,atlas_evolution_ecology_evolutionary_ecology_coevolution,association,method_for,0.82,true,association,atlas taxonomy
atlas_atlas_evolution_ecology_evolutionary_ecology_coevolution_open_questions,atlas_evolution_ecology_evolutionary_ecology_coevolution,association,investigates,0.72,true,association,atlas taxonomy
atlas_atlas_evolution_ecology_evolutionary_ecology_coevolution_applications_and_implications,atlas_evolution_ecology_evolutionary_ecology_coevolution,application,application_of,0.82,true,application,atlas taxonomy
atlas_evolution_ecology_evolutionary_ecology_host_parasite_evolution,atlas_evolution_ecology_evolutionary_ecology,structure,part_of,0.94,true,structure,atlas taxonomy
atlas_atlas_evolution_ecology_evolutionary_ecology_host_parasite_evolution_theoretical_foundatio,atlas_evolution_ecology_evolutionary_ecology_host_parasite_evolution,association,formalizes,0.82,true,association,atlas taxonomy
atlas_atlas_evolution_ecology_evolutionary_ecology_host_parasite_evolution_methods_and_instrumen,atlas_evolution_ecology_evolutionary_ecology_host_parasite_evolution,association,method_for,0.82,true,association,atlas taxonomy
atlas_atlas_evolution_ecology_evolutionary_ecology_host_parasite_evolution_open_questions,atlas_evolution_ecology_evolutionary_ecology_host_parasite_evolution,association,investigates,0.72,true,association,atlas taxonomy
atlas_atlas_evolution_ecology_evolutionary_ecology_host_parasite_evolution_applications_and_impl,atlas_evolution_ecology_evolutionary_ecology_host_parasite_evolution,application,application_of,0.82,true,application,atlas taxonomy
atlas_evolution_ecology_evolutionary_ecology_niche_evolution,atlas_evolution_ecology_evolutionary_ecology,structure,part_of,0.94,true,structure,atlas taxonomy
atlas_atlas_evolution_ecology_evolutionary_ecology_niche_evolution_theoretical_foundations,atlas_evolution_ecology_evolutionary_ecology_niche_evolution,association,formalizes,0.82,true,association,atlas taxonomy
atlas_atlas_evolution_ecology_evolutionary_ecology_niche_evolution_methods_and_instruments,atlas_evolution_ecology_evolutionary_ecology_niche_evolution,association,method_for,0.82,true,association,atlas taxonomy
atlas_atlas_evolution_ecology_evolutionary_ecology_niche_evolution_open_questions,atlas_evolution_ecology_evolutionary_ecology_niche_evolution,association,investigates,0.72,true,association,atlas taxonomy
atlas_atlas_evolution_ecology_evolutionary_ecology_niche_evolution_applications_and_implications,atlas_evolution_ecology_evolutionary_ecology_niche_evolution,application,application_of,0.82,true,application,atlas taxonomy
atlas_evolution_ecology_evolutionary_ecology_adaptive_radiation,atlas_evolution_ecology_evolutionary_ecology,structure,part_of,0.94,true,structure,atlas taxonomy
atlas_atlas_evolution_ecology_evolutionary_ecology_adaptive_radiation_theoretical_foundations,atlas_evolution_ecology_evolutionary_ecology_adaptive_radiation,association,formalizes,0.82,true,association,atlas taxonomy
atlas_atlas_evolution_ecology_evolutionary_ecology_adaptive_radiation_methods_and_instruments,atlas_evolution_ecology_evolutionary_ecology_adaptive_radiation,association,method_for,0.82,true,association,atlas taxonomy
atlas_atlas_evolution_ecology_evolutionary_ecology_adaptive_radiation_open_questions,atlas_evolution_ecology_evolutionary_ecology_adaptive_radiation,association,investigates,0.72,true,association,atlas taxonomy
atlas_atlas_evolution_ecology_evolutionary_ecology_adaptive_radiation_applications_and_implicati,atlas_evolution_ecology_evolutionary_ecology_adaptive_radiation,application,application_of,0.82,true,application,atlas taxonomy
atlas_evolution_ecology_evolutionary_ecology_sexual_selection,atlas_evolution_ecology_evolutionary_ecology_coevolution,interaction,related_to,0.62,false,interaction,atlas taxonomy
atlas_evolution_ecology_evolutionary_ecology_coevolution,atlas_evolution_ecology_evolutionary_ecology_host_parasite_evolution,interaction,related_to,0.62,false,interaction,atlas taxonomy
atlas_evolution_ecology_evolutionary_ecology_host_parasite_evolution,atlas_evolution_ecology_evolutionary_ecology_niche_evolution,interaction,related_to,0.62,false,interaction,atlas taxonomy
atlas_evolution_ecology_evolutionary_ecology_niche_evolution,atlas_evolution_ecology_evolutionary_ecology_adaptive_radiation,interaction,related_to,0.62,false,interaction,atlas taxonomy
atlas_evolution_ecology_human_evolution,evolution,structure,part_of,0.96,true,structure,atlas taxonomy
atlas_evolution_ecology_human_evolution_hominin_evolution,atlas_evolution_ecology_human_evolution,structure,part_of,0.94,true,structure,atlas taxonomy
atlas_atlas_evolution_ecology_human_evolution_hominin_evolution_theoretical_foundations,atlas_evolution_ecology_human_evolution_hominin_evolution,association,formalizes,0.82,true,association,atlas taxonomy
atlas_atlas_evolution_ecology_human_evolution_hominin_evolution_methods_and_instruments,atlas_evolution_ecology_human_evolution_hominin_evolution,association,method_for,0.82,true,association,atlas taxonomy
atlas_atlas_evolution_ecology_human_evolution_hominin_evolution_open_questions,atlas_evolution_ecology_human_evolution_hominin_evolution,association,investigates,0.72,true,association,atlas taxonomy
atlas_atlas_evolution_ecology_human_evolution_hominin_evolution_applications_and_implications,atlas_evolution_ecology_human_evolution_hominin_evolution,application,application_of,0.82,true,application,atlas taxonomy
atlas_evolution_ecology_human_evolution_ancient_dna,atlas_evolution_ecology_human_evolution,structure,part_of,0.94,true,structure,atlas taxonomy
atlas_atlas_evolution_ecology_human_evolution_ancient_dna_theoretical_foundations,atlas_evolution_ecology_human_evolution_ancient_dna,association,formalizes,0.82,true,association,atlas taxonomy
atlas_atlas_evolution_ecology_human_evolution_ancient_dna_methods_and_instruments,atlas_evolution_ecology_human_evolution_ancient_dna,association,method_for,0.82,true,association,atlas taxonomy
atlas_atlas_evolution_ecology_human_evolution_ancient_dna_open_questions,atlas_evolution_ecology_human_evolution_ancient_dna,association,investigates,0.72,true,association,atlas taxonomy
atlas_atlas_evolution_ecology_human_evolution_ancient_dna_applications_and_implications,atlas_evolution_ecology_human_evolution_ancient_dna,application,application_of,0.82,true,application,atlas taxonomy
atlas_evolution_ecology_human_evolution_cultural_evolution,atlas_evolution_ecology_human_evolution,structure,part_of,0.94,true,structure,atlas taxonomy
atlas_atlas_evolution_ecology_human_evolution_cultural_evolution_theoretical_foundations,atlas_evolution_ecology_human_evolution_cultural_evolution,association,formalizes,0.82,true,association,atlas taxonomy
atlas_atlas_evolution_ecology_human_evolution_cultural_evolution_methods_and_instruments,atlas_evolution_ecology_human_evolution_cultural_evolution,association,method_for,0.82,true,association,atlas taxonomy
atlas_atlas_evolution_ecology_human_evolution_cultural_evolution_open_questions,atlas_evolution_ecology_human_evolution_cultural_evolution,association,investigates,0.72,true,association,atlas taxonomy
atlas_atlas_evolution_ecology_human_evolution_cultural_evolution_applications_and_implications,atlas_evolution_ecology_human_evolution_cultural_evolution,application,application_of,0.82,true,application,atlas taxonomy
atlas_evolution_ecology_human_evolution_human_population_history,atlas_evolution_ecology_human_evolution,structure,part_of,0.94,true,structure,atlas taxonomy
atlas_atlas_evolution_ecology_human_evolution_human_population_history_theoretical_foundations,atlas_evolution_ecology_human_evolution_human_population_history,association,formalizes,0.82,true,association,atlas taxonomy
atlas_atlas_evolution_ecology_human_evolution_human_population_history_methods_and_instruments,atlas_evolution_ecology_human_evolution_human_population_history,association,method_for,0.82,true,association,atlas taxonomy
atlas_atlas_evolution_ecology_human_evolution_human_population_history_open_questions,atlas_evolution_ecology_human_evolution_human_population_history,association,investigates,0.72,true,association,atlas taxonomy
atlas_atlas_evolution_ecology_human_evolution_human_population_history_applications_and_implicat,atlas_evolution_ecology_human_evolution_human_population_history,application,application_of,0.82,true,application,atlas taxonomy
atlas_evolution_ecology_human_evolution_evolutionary_medicine,atlas_evolution_ecology_human_evolution,structure,part_of,0.94,true,structure,atlas taxonomy
atlas_atlas_evolution_ecology_human_evolution_evolutionary_medicine_theoretical_foundations,atlas_evolution_ecology_human_evolution_evolutionary_medicine,association,formalizes,0.82,true,association,atlas taxonomy
atlas_atlas_evolution_ecology_human_evolution_evolutionary_medicine_methods_and_instruments,atlas_evolution_ecology_human_evolution_evolutionary_medicine,association,method_for,0.82,true,association,atlas taxonomy
atlas_atlas_evolution_ecology_human_evolution_evolutionary_medicine_open_questions,atlas_evolution_ecology_human_evolution_evolutionary_medicine,association,investigates,0.72,true,association,atlas taxonomy
atlas_atlas_evolution_ecology_human_evolution_evolutionary_medicine_applications_and_implication,atlas_evolution_ecology_human_evolution_evolutionary_medicine,application,application_of,0.82,true,application,atlas taxonomy
atlas_evolution_ecology_human_evolution_hominin_evolution,atlas_evolution_ecology_human_evolution_ancient_dna,interaction,related_to,0.62,false,interaction,atlas taxonomy
atlas_evolution_ecology_human_evolution_ancient_dna,atlas_evolution_ecology_human_evolution_cultural_evolution,interaction,related_to,0.62,false,interaction,atlas taxonomy
atlas_evolution_ecology_human_evolution_cultural_evolution,atlas_evolution_ecology_human_evolution_human_population_history,interaction,related_to,0.62,false,interaction,atlas taxonomy
atlas_evolution_ecology_human_evolution_human_population_history,atlas_evolution_ecology_human_evolution_evolutionary_medicine,interaction,related_to,0.62,false,interaction,atlas taxonomy
atlas_evolution_ecology_evolutionary_theory,atlas_evolution_ecology_population_biology,interaction,related_to,0.66,false,interaction,atlas taxonomy
atlas_evolution_ecology_population_biology,atlas_evolution_ecology_phylogenetics,interaction,related_to,0.66,false,interaction,atlas taxonomy
atlas_evolution_ecology_phylogenetics,atlas_evolution_ecology_evolutionary_ecology,interaction,related_to,0.66,false,interaction,atlas taxonomy
atlas_evolution_ecology_evolutionary_ecology,atlas_evolution_ecology_human_evolution,interaction,related_to,0.66,false,interaction,atlas taxonomy
atlas_genetics_genomics_classical_genetics,atlas_genetics_genomics_domain,structure,part_of,0.96,true,structure,atlas taxonomy
atlas_genetics_genomics_classical_genetics_mendelian_inheritance,atlas_genetics_genomics_classical_genetics,structure,part_of,0.94,true,structure,atlas taxonomy
atlas_atlas_genetics_genomics_classical_genetics_mendelian_inheritance_theoretical_foundations,atlas_genetics_genomics_classical_genetics_mendelian_inheritance,association,formalizes,0.82,true,association,atlas taxonomy
atlas_atlas_genetics_genomics_classical_genetics_mendelian_inheritance_methods_and_instruments,atlas_genetics_genomics_classical_genetics_mendelian_inheritance,association,method_for,0.82,true,association,atlas taxonomy
atlas_atlas_genetics_genomics_classical_genetics_mendelian_inheritance_open_questions,atlas_genetics_genomics_classical_genetics_mendelian_inheritance,association,investigates,0.72,true,association,atlas taxonomy
atlas_atlas_genetics_genomics_classical_genetics_mendelian_inheritance_applications_and_implicat,atlas_genetics_genomics_classical_genetics_mendelian_inheritance,application,application_of,0.82,true,application,atlas taxonomy
atlas_genetics_genomics_classical_genetics_linkage_and_recombination,atlas_genetics_genomics_classical_genetics,structure,part_of,0.94,true,structure,atlas taxonomy
atlas_atlas_genetics_genomics_classical_genetics_linkage_and_recombination_theoretical_foundatio,atlas_genetics_genomics_classical_genetics_linkage_and_recombination,association,formalizes,0.82,true,association,atlas taxonomy
atlas_atlas_genetics_genomics_classical_genetics_linkage_and_recombination_methods_and_instrumen,atlas_genetics_genomics_classical_genetics_linkage_and_recombination,association,method_for,0.82,true,association,atlas taxonomy
atlas_atlas_genetics_genomics_classical_genetics_linkage_and_recombination_open_questions,atlas_genetics_genomics_classical_genetics_linkage_and_recombination,association,investigates,0.72,true,association,atlas taxonomy
atlas_atlas_genetics_genomics_classical_genetics_linkage_and_recombination_applications_and_impl,atlas_genetics_genomics_classical_genetics_linkage_and_recombination,application,application_of,0.82,true,application,atlas taxonomy
atlas_genetics_genomics_classical_genetics_cytogenetics,atlas_genetics_genomics_classical_genetics,structure,part_of,0.94,true,structure,atlas taxonomy
atlas_atlas_genetics_genomics_classical_genetics_cytogenetics_theoretical_foundations,atlas_genetics_genomics_classical_genetics_cytogenetics,association,formalizes,0.82,true,association,atlas taxonomy
atlas_atlas_genetics_genomics_classical_genetics_cytogenetics_methods_and_instruments,atlas_genetics_genomics_classical_genetics_cytogenetics,association,method_for,0.82,true,association,atlas taxonomy
atlas_atlas_genetics_genomics_classical_genetics_cytogenetics_open_questions,atlas_genetics_genomics_classical_genetics_cytogenetics,association,investigates,0.72,true,association,atlas taxonomy
atlas_atlas_genetics_genomics_classical_genetics_cytogenetics_applications_and_implications,atlas_genetics_genomics_classical_genetics_cytogenetics,application,application_of,0.82,true,application,atlas taxonomy
atlas_genetics_genomics_classical_genetics_mutagenesis,atlas_genetics_genomics_classical_genetics,structure,part_of,0.94,true,structure,atlas taxonomy
atlas_atlas_genetics_genomics_classical_genetics_mutagenesis_theoretical_foundations,atlas_genetics_genomics_classical_genetics_mutagenesis,association,formalizes,0.82,true,association,atlas taxonomy
atlas_atlas_genetics_genomics_classical_genetics_mutagenesis_methods_and_instruments,atlas_genetics_genomics_classical_genetics_mutagenesis,association,method_for,0.82,true,association,atlas taxonomy
atlas_atlas_genetics_genomics_classical_genetics_mutagenesis_open_questions,atlas_genetics_genomics_classical_genetics_mutagenesis,association,investigates,0.72,true,association,atlas taxonomy
atlas_atlas_genetics_genomics_classical_genetics_mutagenesis_applications_and_implications,atlas_genetics_genomics_classical_genetics_mutagenesis,application,application_of,0.82,true,application,atlas taxonomy
atlas_genetics_genomics_classical_genetics_complex_traits,atlas_genetics_genomics_classical_genetics,structure,part_of,0.94,true,structure,atlas taxonomy
atlas_atlas_genetics_genomics_classical_genetics_complex_traits_theoretical_foundations,atlas_genetics_genomics_classical_genetics_complex_traits,association,formalizes,0.82,true,association,atlas taxonomy
atlas_atlas_genetics_genomics_classical_genetics_complex_traits_methods_and_instruments,atlas_genetics_genomics_classical_genetics_complex_traits,association,method_for,0.82,true,association,atlas taxonomy
atlas_atlas_genetics_genomics_classical_genetics_complex_traits_open_questions,atlas_genetics_genomics_classical_genetics_complex_traits,association,investigates,0.72,true,association,atlas taxonomy
atlas_atlas_genetics_genomics_classical_genetics_complex_traits_applications_and_implications,atlas_genetics_genomics_classical_genetics_complex_traits,application,application_of,0.82,true,application,atlas taxonomy
atlas_genetics_genomics_classical_genetics_mendelian_inheritance,atlas_genetics_genomics_classical_genetics_linkage_and_recombination,interaction,related_to,0.62,false,interaction,atlas taxonomy
atlas_genetics_genomics_classical_genetics_linkage_and_recombination,atlas_genetics_genomics_classical_genetics_cytogenetics,interaction,related_to,0.62,false,interaction,atlas taxonomy
atlas_genetics_genomics_classical_genetics_cytogenetics,atlas_genetics_genomics_classical_genetics_mutagenesis,interaction,related_to,0.62,false,interaction,atlas taxonomy
atlas_genetics_genomics_classical_genetics_mutagenesis,atlas_genetics_genomics_classical_genetics_complex_traits,interaction,related_to,0.62,false,interaction,atlas taxonomy
atlas_genetics_genomics_molecular_genetics,atlas_genetics_genomics_domain,structure,part_of,0.96,true,structure,atlas taxonomy
atlas_genetics_genomics_molecular_genetics_gene_structure,atlas_genetics_genomics_molecular_genetics,structure,part_of,0.94,true,structure,atlas taxonomy
atlas_atlas_genetics_genomics_molecular_genetics_gene_structure_theoretical_foundations,atlas_genetics_genomics_molecular_genetics_gene_structure,association,formalizes,0.82,true,association,atlas taxonomy
atlas_atlas_genetics_genomics_molecular_genetics_gene_structure_methods_and_instruments,atlas_genetics_genomics_molecular_genetics_gene_structure,association,method_for,0.82,true,association,atlas taxonomy
atlas_atlas_genetics_genomics_molecular_genetics_gene_structure_open_questions,atlas_genetics_genomics_molecular_genetics_gene_structure,association,investigates,0.72,true,association,atlas taxonomy
atlas_atlas_genetics_genomics_molecular_genetics_gene_structure_applications_and_implications,atlas_genetics_genomics_molecular_genetics_gene_structure,application,application_of,0.82,true,application,atlas taxonomy
atlas_genetics_genomics_molecular_genetics_dna_replication,atlas_genetics_genomics_molecular_genetics,structure,part_of,0.94,true,structure,atlas taxonomy
atlas_atlas_genetics_genomics_molecular_genetics_dna_replication_theoretical_foundations,atlas_genetics_genomics_molecular_genetics_dna_replication,association,formalizes,0.82,true,association,atlas taxonomy
atlas_atlas_genetics_genomics_molecular_genetics_dna_replication_methods_and_instruments,atlas_genetics_genomics_molecular_genetics_dna_replication,association,method_for,0.82,true,association,atlas taxonomy
atlas_atlas_genetics_genomics_molecular_genetics_dna_replication_open_questions,atlas_genetics_genomics_molecular_genetics_dna_replication,association,investigates,0.72,true,association,atlas taxonomy
atlas_atlas_genetics_genomics_molecular_genetics_dna_replication_applications_and_implications,atlas_genetics_genomics_molecular_genetics_dna_replication,application,application_of,0.82,true,application,atlas taxonomy
atlas_genetics_genomics_molecular_genetics_dna_repair,atlas_genetics_genomics_molecular_genetics,structure,part_of,0.94,true,structure,atlas taxonomy
atlas_atlas_genetics_genomics_molecular_genetics_dna_repair_theoretical_foundations,atlas_genetics_genomics_molecular_genetics_dna_repair,association,formalizes,0.82,true,association,atlas taxonomy
atlas_atlas_genetics_genomics_molecular_genetics_dna_repair_methods_and_instruments,atlas_genetics_genomics_molecular_genetics_dna_repair,association,method_for,0.82,true,association,atlas taxonomy
atlas_atlas_genetics_genomics_molecular_genetics_dna_repair_open_questions,atlas_genetics_genomics_molecular_genetics_dna_repair,association,investigates,0.72,true,association,atlas taxonomy
atlas_atlas_genetics_genomics_molecular_genetics_dna_repair_applications_and_implications,atlas_genetics_genomics_molecular_genetics_dna_repair,application,application_of,0.82,true,application,atlas taxonomy
atlas_genetics_genomics_molecular_genetics_transcription,atlas_genetics_genomics_molecular_genetics,structure,part_of,0.94,true,structure,atlas taxonomy
atlas_atlas_genetics_genomics_molecular_genetics_transcription_theoretical_foundations,atlas_genetics_genomics_molecular_genetics_transcription,association,formalizes,0.82,true,association,atlas taxonomy
atlas_atlas_genetics_genomics_molecular_genetics_transcription_methods_and_instruments,atlas_genetics_genomics_molecular_genetics_transcription,association,method_for,0.82,true,association,atlas taxonomy
atlas_atlas_genetics_genomics_molecular_genetics_transcription_open_questions,atlas_genetics_genomics_molecular_genetics_transcription,association,investigates,0.72,true,association,atlas taxonomy
atlas_atlas_genetics_genomics_molecular_genetics_transcription_applications_and_implications,atlas_genetics_genomics_molecular_genetics_transcription,application,application_of,0.82,true,application,atlas taxonomy
atlas_genetics_genomics_molecular_genetics_translation,atlas_genetics_genomics_molecular_genetics,structure,part_of,0.94,true,structure,atlas taxonomy
atlas_atlas_genetics_genomics_molecular_genetics_translation_theoretical_foundations,atlas_genetics_genomics_molecular_genetics_translation,association,formalizes,0.82,true,association,atlas taxonomy
atlas_atlas_genetics_genomics_molecular_genetics_translation_methods_and_instruments,atlas_genetics_genomics_molecular_genetics_translation,association,method_for,0.82,true,association,atlas taxonomy
atlas_atlas_genetics_genomics_molecular_genetics_translation_open_questions,atlas_genetics_genomics_molecular_genetics_translation,association,investigates,0.72,true,association,atlas taxonomy
atlas_atlas_genetics_genomics_molecular_genetics_translation_applications_and_implications,atlas_genetics_genomics_molecular_genetics_translation,application,application_of,0.82,true,application,atlas taxonomy
atlas_genetics_genomics_molecular_genetics_gene_structure,atlas_genetics_genomics_molecular_genetics_dna_replication,interaction,related_to,0.62,false,interaction,atlas taxonomy
atlas_genetics_genomics_molecular_genetics_dna_replication,atlas_genetics_genomics_molecular_genetics_dna_repair,interaction,related_to,0.62,false,interaction,atlas taxonomy
atlas_genetics_genomics_molecular_genetics_dna_repair,atlas_genetics_genomics_molecular_genetics_transcription,interaction,related_to,0.62,false,interaction,atlas taxonomy
atlas_genetics_genomics_molecular_genetics_transcription,atlas_genetics_genomics_molecular_genetics_translation,interaction,related_to,0.62,false,interaction,atlas taxonomy
genomics,atlas_genetics_genomics_domain,structure,part_of,0.96,true,structure,atlas taxonomy
atlas_genetics_genomics_genomics_genome_assembly,genomics,structure,part_of,0.94,true,structure,atlas taxonomy
atlas_atlas_genetics_genomics_genomics_genome_assembly_theoretical_foundations,atlas_genetics_genomics_genomics_genome_assembly,association,formalizes,0.82,true,association,atlas taxonomy
atlas_atlas_genetics_genomics_genomics_genome_assembly_methods_and_instruments,atlas_genetics_genomics_genomics_genome_assembly,association,method_for,0.82,true,association,atlas taxonomy
atlas_atlas_genetics_genomics_genomics_genome_assembly_open_questions,atlas_genetics_genomics_genomics_genome_assembly,association,investigates,0.72,true,association,atlas taxonomy
atlas_atlas_genetics_genomics_genomics_genome_assembly_applications_and_implications,atlas_genetics_genomics_genomics_genome_assembly,application,application_of,0.82,true,application,atlas taxonomy
atlas_genetics_genomics_genomics_comparative_genomics,genomics,structure,part_of,0.94,true,structure,atlas taxonomy
atlas_atlas_genetics_genomics_genomics_comparative_genomics_theoretical_foundations,atlas_genetics_genomics_genomics_comparative_genomics,association,formalizes,0.82,true,association,atlas taxonomy
atlas_atlas_genetics_genomics_genomics_comparative_genomics_methods_and_instruments,atlas_genetics_genomics_genomics_comparative_genomics,association,method_for,0.82,true,association,atlas taxonomy
atlas_atlas_genetics_genomics_genomics_comparative_genomics_open_questions,atlas_genetics_genomics_genomics_comparative_genomics,association,investigates,0.72,true,association,atlas taxonomy
atlas_atlas_genetics_genomics_genomics_comparative_genomics_applications_and_implications,atlas_genetics_genomics_genomics_comparative_genomics,application,application_of,0.82,true,application,atlas taxonomy
atlas_genetics_genomics_genomics_population_genomics,genomics,structure,part_of,0.94,true,structure,atlas taxonomy
atlas_atlas_genetics_genomics_genomics_population_genomics_theoretical_foundations,atlas_genetics_genomics_genomics_population_genomics,association,formalizes,0.82,true,association,atlas taxonomy
atlas_atlas_genetics_genomics_genomics_population_genomics_methods_and_instruments,atlas_genetics_genomics_genomics_population_genomics,association,method_for,0.82,true,association,atlas taxonomy
atlas_atlas_genetics_genomics_genomics_population_genomics_open_questions,atlas_genetics_genomics_genomics_population_genomics,association,investigates,0.72,true,association,atlas taxonomy
atlas_atlas_genetics_genomics_genomics_population_genomics_applications_and_implications,atlas_genetics_genomics_genomics_population_genomics,application,application_of,0.82,true,application,atlas taxonomy
atlas_genetics_genomics_genomics_functional_genomics,genomics,structure,part_of,0.94,true,structure,atlas taxonomy
atlas_atlas_genetics_genomics_genomics_functional_genomics_theoretical_foundations,atlas_genetics_genomics_genomics_functional_genomics,association,formalizes,0.82,true,association,atlas taxonomy
atlas_atlas_genetics_genomics_genomics_functional_genomics_methods_and_instruments,atlas_genetics_genomics_genomics_functional_genomics,association,method_for,0.82,true,association,atlas taxonomy
atlas_atlas_genetics_genomics_genomics_functional_genomics_open_questions,atlas_genetics_genomics_genomics_functional_genomics,association,investigates,0.72,true,association,atlas taxonomy
atlas_atlas_genetics_genomics_genomics_functional_genomics_applications_and_implications,atlas_genetics_genomics_genomics_functional_genomics,application,application_of,0.82,true,application,atlas taxonomy
atlas_genetics_genomics_genomics_pangenomics,genomics,structure,part_of,0.94,true,structure,atlas taxonomy
atlas_atlas_genetics_genomics_genomics_pangenomics_theoretical_foundations,atlas_genetics_genomics_genomics_pangenomics,association,formalizes,0.82,true,association,atlas taxonomy
atlas_atlas_genetics_genomics_genomics_pangenomics_methods_and_instruments,atlas_genetics_genomics_genomics_pangenomics,association,method_for,0.82,true,association,atlas taxonomy
atlas_atlas_genetics_genomics_genomics_pangenomics_open_questions,atlas_genetics_genomics_genomics_pangenomics,association,investigates,0.72,true,association,atlas taxonomy
atlas_atlas_genetics_genomics_genomics_pangenomics_applications_and_implications,atlas_genetics_genomics_genomics_pangenomics,application,application_of,0.82,true,application,atlas taxonomy
atlas_genetics_genomics_genomics_genome_assembly,atlas_genetics_genomics_genomics_comparative_genomics,interaction,related_to,0.62,false,interaction,atlas taxonomy
atlas_genetics_genomics_genomics_comparative_genomics,atlas_genetics_genomics_genomics_population_genomics,interaction,related_to,0.62,false,interaction,atlas taxonomy
atlas_genetics_genomics_genomics_population_genomics,atlas_genetics_genomics_genomics_functional_genomics,interaction,related_to,0.62,false,interaction,atlas taxonomy
atlas_genetics_genomics_genomics_functional_genomics,atlas_genetics_genomics_genomics_pangenomics,interaction,related_to,0.62,false,interaction,atlas taxonomy
epigenetics,atlas_genetics_genomics_domain,structure,part_of,0.96,true,structure,atlas taxonomy
atlas_genetics_genomics_epigenetics_dna_methylation,epigenetics,structure,part_of,0.94,true,structure,atlas taxonomy
atlas_atlas_genetics_genomics_epigenetics_dna_methylation_theoretical_foundations,atlas_genetics_genomics_epigenetics_dna_methylation,association,formalizes,0.82,true,association,atlas taxonomy
atlas_atlas_genetics_genomics_epigenetics_dna_methylation_methods_and_instruments,atlas_genetics_genomics_epigenetics_dna_methylation,association,method_for,0.82,true,association,atlas taxonomy
atlas_atlas_genetics_genomics_epigenetics_dna_methylation_open_questions,atlas_genetics_genomics_epigenetics_dna_methylation,association,investigates,0.72,true,association,atlas taxonomy
atlas_atlas_genetics_genomics_epigenetics_dna_methylation_applications_and_implications,atlas_genetics_genomics_epigenetics_dna_methylation,application,application_of,0.82,true,application,atlas taxonomy
atlas_genetics_genomics_epigenetics_histone_modification,epigenetics,structure,part_of,0.94,true,structure,atlas taxonomy
atlas_atlas_genetics_genomics_epigenetics_histone_modification_theoretical_foundations,atlas_genetics_genomics_epigenetics_histone_modification,association,formalizes,0.82,true,association,atlas taxonomy
atlas_atlas_genetics_genomics_epigenetics_histone_modification_methods_and_instruments,atlas_genetics_genomics_epigenetics_histone_modification,association,method_for,0.82,true,association,atlas taxonomy
atlas_atlas_genetics_genomics_epigenetics_histone_modification_open_questions,atlas_genetics_genomics_epigenetics_histone_modification,association,investigates,0.72,true,association,atlas taxonomy
atlas_atlas_genetics_genomics_epigenetics_histone_modification_applications_and_implications,atlas_genetics_genomics_epigenetics_histone_modification,application,application_of,0.82,true,application,atlas taxonomy
atlas_genetics_genomics_epigenetics_chromatin_organization,epigenetics,structure,part_of,0.94,true,structure,atlas taxonomy
atlas_atlas_genetics_genomics_epigenetics_chromatin_organization_theoretical_foundations,atlas_genetics_genomics_epigenetics_chromatin_organization,association,formalizes,0.82,true,association,atlas taxonomy
atlas_atlas_genetics_genomics_epigenetics_chromatin_organization_methods_and_instruments,atlas_genetics_genomics_epigenetics_chromatin_organization,association,method_for,0.82,true,association,atlas taxonomy
atlas_atlas_genetics_genomics_epigenetics_chromatin_organization_open_questions,atlas_genetics_genomics_epigenetics_chromatin_organization,association,investigates,0.72,true,association,atlas taxonomy
atlas_atlas_genetics_genomics_epigenetics_chromatin_organization_applications_and_implications,atlas_genetics_genomics_epigenetics_chromatin_organization,application,application_of,0.82,true,application,atlas taxonomy
atlas_genetics_genomics_epigenetics_epigenetic_inheritance,epigenetics,structure,part_of,0.94,true,structure,atlas taxonomy
atlas_atlas_genetics_genomics_epigenetics_epigenetic_inheritance_theoretical_foundations,atlas_genetics_genomics_epigenetics_epigenetic_inheritance,association,formalizes,0.82,true,association,atlas taxonomy
atlas_atlas_genetics_genomics_epigenetics_epigenetic_inheritance_methods_and_instruments,atlas_genetics_genomics_epigenetics_epigenetic_inheritance,association,method_for,0.82,true,association,atlas taxonomy
atlas_atlas_genetics_genomics_epigenetics_epigenetic_inheritance_open_questions,atlas_genetics_genomics_epigenetics_epigenetic_inheritance,association,investigates,0.72,true,association,atlas taxonomy
atlas_atlas_genetics_genomics_epigenetics_epigenetic_inheritance_applications_and_implications,atlas_genetics_genomics_epigenetics_epigenetic_inheritance,application,application_of,0.82,true,application,atlas taxonomy
atlas_genetics_genomics_epigenetics_genomic_imprinting,epigenetics,structure,part_of,0.94,true,structure,atlas taxonomy
atlas_atlas_genetics_genomics_epigenetics_genomic_imprinting_theoretical_foundations,atlas_genetics_genomics_epigenetics_genomic_imprinting,association,formalizes,0.82,true,association,atlas taxonomy
atlas_atlas_genetics_genomics_epigenetics_genomic_imprinting_methods_and_instruments,atlas_genetics_genomics_epigenetics_genomic_imprinting,association,method_for,0.82,true,association,atlas taxonomy
atlas_atlas_genetics_genomics_epigenetics_genomic_imprinting_open_questions,atlas_genetics_genomics_epigenetics_genomic_imprinting,association,investigates,0.72,true,association,atlas taxonomy
atlas_atlas_genetics_genomics_epigenetics_genomic_imprinting_applications_and_implications,atlas_genetics_genomics_epigenetics_genomic_imprinting,application,application_of,0.82,true,application,atlas taxonomy
atlas_genetics_genomics_epigenetics_dna_methylation,atlas_genetics_genomics_epigenetics_histone_modification,interaction,related_to,0.62,false,interaction,atlas taxonomy
atlas_genetics_genomics_epigenetics_histone_modification,atlas_genetics_genomics_epigenetics_chromatin_organization,interaction,related_to,0.62,false,interaction,atlas taxonomy
atlas_genetics_genomics_epigenetics_chromatin_organization,atlas_genetics_genomics_epigenetics_epigenetic_inheritance,interaction,related_to,0.62,false,interaction,atlas taxonomy
atlas_genetics_genomics_epigenetics_epigenetic_inheritance,atlas_genetics_genomics_epigenetics_genomic_imprinting,interaction,related_to,0.62,false,interaction,atlas taxonomy
atlas_genetics_genomics_genome_engineering,atlas_genetics_genomics_domain,structure,part_of,0.96,true,structure,atlas taxonomy
atlas_genetics_genomics_genome_engineering_crispr_systems,atlas_genetics_genomics_genome_engineering,structure,part_of,0.94,true,structure,atlas taxonomy
atlas_atlas_genetics_genomics_genome_engineering_crispr_systems_theoretical_foundations,atlas_genetics_genomics_genome_engineering_crispr_systems,association,formalizes,0.82,true,association,atlas taxonomy
atlas_atlas_genetics_genomics_genome_engineering_crispr_systems_methods_and_instruments,atlas_genetics_genomics_genome_engineering_crispr_systems,association,method_for,0.82,true,association,atlas taxonomy
atlas_atlas_genetics_genomics_genome_engineering_crispr_systems_open_questions,atlas_genetics_genomics_genome_engineering_crispr_systems,association,investigates,0.72,true,association,atlas taxonomy
atlas_atlas_genetics_genomics_genome_engineering_crispr_systems_applications_and_implications,atlas_genetics_genomics_genome_engineering_crispr_systems,application,application_of,0.82,true,application,atlas taxonomy
atlas_genetics_genomics_genome_engineering_base_editing,atlas_genetics_genomics_genome_engineering,structure,part_of,0.94,true,structure,atlas taxonomy
atlas_atlas_genetics_genomics_genome_engineering_base_editing_theoretical_foundations,atlas_genetics_genomics_genome_engineering_base_editing,association,formalizes,0.82,true,association,atlas taxonomy
atlas_atlas_genetics_genomics_genome_engineering_base_editing_methods_and_instruments,atlas_genetics_genomics_genome_engineering_base_editing,association,method_for,0.82,true,association,atlas taxonomy
atlas_atlas_genetics_genomics_genome_engineering_base_editing_open_questions,atlas_genetics_genomics_genome_engineering_base_editing,association,investigates,0.72,true,association,atlas taxonomy
atlas_atlas_genetics_genomics_genome_engineering_base_editing_applications_and_implications,atlas_genetics_genomics_genome_engineering_base_editing,application,application_of,0.82,true,application,atlas taxonomy
atlas_genetics_genomics_genome_engineering_prime_editing,atlas_genetics_genomics_genome_engineering,structure,part_of,0.94,true,structure,atlas taxonomy
atlas_atlas_genetics_genomics_genome_engineering_prime_editing_theoretical_foundations,atlas_genetics_genomics_genome_engineering_prime_editing,association,formalizes,0.82,true,association,atlas taxonomy
atlas_atlas_genetics_genomics_genome_engineering_prime_editing_methods_and_instruments,atlas_genetics_genomics_genome_engineering_prime_editing,association,method_for,0.82,true,association,atlas taxonomy
atlas_atlas_genetics_genomics_genome_engineering_prime_editing_open_questions,atlas_genetics_genomics_genome_engineering_prime_editing,association,investigates,0.72,true,association,atlas taxonomy
atlas_atlas_genetics_genomics_genome_engineering_prime_editing_applications_and_implications,atlas_genetics_genomics_genome_engineering_prime_editing,application,application_of,0.82,true,application,atlas taxonomy
atlas_genetics_genomics_genome_engineering_gene_drives,atlas_genetics_genomics_genome_engineering,structure,part_of,0.94,true,structure,atlas taxonomy
atlas_atlas_genetics_genomics_genome_engineering_gene_drives_theoretical_foundations,atlas_genetics_genomics_genome_engineering_gene_drives,association,formalizes,0.82,true,association,atlas taxonomy
atlas_atlas_genetics_genomics_genome_engineering_gene_drives_methods_and_instruments,atlas_genetics_genomics_genome_engineering_gene_drives,association,method_for,0.82,true,association,atlas taxonomy
atlas_atlas_genetics_genomics_genome_engineering_gene_drives_open_questions,atlas_genetics_genomics_genome_engineering_gene_drives,association,investigates,0.72,true,association,atlas taxonomy
atlas_atlas_genetics_genomics_genome_engineering_gene_drives_applications_and_implications,atlas_genetics_genomics_genome_engineering_gene_drives,application,application_of,0.82,true,application,atlas taxonomy
atlas_genetics_genomics_genome_engineering_synthetic_chromosomes,atlas_genetics_genomics_genome_engineering,structure,part_of,0.94,true,structure,atlas taxonomy
atlas_atlas_genetics_genomics_genome_engineering_synthetic_chromosomes_theoretical_foundations,atlas_genetics_genomics_genome_engineering_synthetic_chromosomes,association,formalizes,0.82,true,association,atlas taxonomy
atlas_atlas_genetics_genomics_genome_engineering_synthetic_chromosomes_methods_and_instruments,atlas_genetics_genomics_genome_engineering_synthetic_chromosomes,association,method_for,0.82,true,association,atlas taxonomy
atlas_atlas_genetics_genomics_genome_engineering_synthetic_chromosomes_open_questions,atlas_genetics_genomics_genome_engineering_synthetic_chromosomes,association,investigates,0.72,true,association,atlas taxonomy
atlas_atlas_genetics_genomics_genome_engineering_synthetic_chromosomes_applications_and_implicat,atlas_genetics_genomics_genome_engineering_synthetic_chromosomes,application,application_of,0.82,true,application,atlas taxonomy
atlas_genetics_genomics_genome_engineering_crispr_systems,atlas_genetics_genomics_genome_engineering_base_editing,interaction,related_to,0.62,false,interaction,atlas taxonomy
atlas_genetics_genomics_genome_engineering_base_editing,atlas_genetics_genomics_genome_engineering_prime_editing,interaction,related_to,0.62,false,interaction,atlas taxonomy
atlas_genetics_genomics_genome_engineering_prime_editing,atlas_genetics_genomics_genome_engineering_gene_drives,interaction,related_to,0.62,false,interaction,atlas taxonomy
atlas_genetics_genomics_genome_engineering_gene_drives,atlas_genetics_genomics_genome_engineering_synthetic_chromosomes,interaction,related_to,0.62,false,interaction,atlas taxonomy
atlas_genetics_genomics_classical_genetics,atlas_genetics_genomics_molecular_genetics,interaction,related_to,0.66,false,interaction,atlas taxonomy
atlas_genetics_genomics_molecular_genetics,genomics,interaction,related_to,0.66,false,interaction,atlas taxonomy
genomics,epigenetics,interaction,related_to,0.66,false,interaction,atlas taxonomy
epigenetics,atlas_genetics_genomics_genome_engineering,interaction,related_to,0.66,false,interaction,atlas taxonomy
atlas_biochemistry_molecular_protein_science,atlas_biochemistry_molecular_domain,structure,part_of,0.96,true,structure,atlas taxonomy
atlas_biochemistry_molecular_protein_science_protein_structure,atlas_biochemistry_molecular_protein_science,structure,part_of,0.94,true,structure,atlas taxonomy
atlas_atlas_biochemistry_molecular_protein_science_protein_structure_theoretical_foundations,atlas_biochemistry_molecular_protein_science_protein_structure,association,formalizes,0.82,true,association,atlas taxonomy
atlas_atlas_biochemistry_molecular_protein_science_protein_structure_methods_and_instruments,atlas_biochemistry_molecular_protein_science_protein_structure,association,method_for,0.82,true,association,atlas taxonomy
atlas_atlas_biochemistry_molecular_protein_science_protein_structure_open_questions,atlas_biochemistry_molecular_protein_science_protein_structure,association,investigates,0.72,true,association,atlas taxonomy
atlas_atlas_biochemistry_molecular_protein_science_protein_structure_applications_and_implicatio,atlas_biochemistry_molecular_protein_science_protein_structure,application,application_of,0.82,true,application,atlas taxonomy
protein_folding,atlas_biochemistry_molecular_protein_science,structure,part_of,0.94,true,structure,atlas taxonomy
atlas_protein_folding_theoretical_foundations,protein_folding,association,formalizes,0.82,true,association,atlas taxonomy
atlas_protein_folding_methods_and_instruments,protein_folding,association,method_for,0.82,true,association,atlas taxonomy
atlas_protein_folding_open_questions,protein_folding,association,investigates,0.72,true,association,atlas taxonomy
atlas_protein_folding_applications_and_implications,protein_folding,application,application_of,0.82,true,application,atlas taxonomy
atlas_biochemistry_molecular_protein_science_enzyme_catalysis,atlas_biochemistry_molecular_protein_science,structure,part_of,0.94,true,structure,atlas taxonomy
atlas_atlas_biochemistry_molecular_protein_science_enzyme_catalysis_theoretical_foundations,atlas_biochemistry_molecular_protein_science_enzyme_catalysis,association,formalizes,0.82,true,association,atlas taxonomy
atlas_atlas_biochemistry_molecular_protein_science_enzyme_catalysis_methods_and_instruments,atlas_biochemistry_molecular_protein_science_enzyme_catalysis,association,method_for,0.82,true,association,atlas taxonomy
atlas_atlas_biochemistry_molecular_protein_science_enzyme_catalysis_open_questions,atlas_biochemistry_molecular_protein_science_enzyme_catalysis,association,investigates,0.72,true,association,atlas taxonomy
atlas_atlas_biochemistry_molecular_protein_science_enzyme_catalysis_applications_and_implication,atlas_biochemistry_molecular_protein_science_enzyme_catalysis,application,application_of,0.82,true,application,atlas taxonomy
atlas_biochemistry_molecular_protein_science_protein_interactions,atlas_biochemistry_molecular_protein_science,structure,part_of,0.94,true,structure,atlas taxonomy
atlas_atlas_biochemistry_molecular_protein_science_protein_interactions_theoretical_foundations,atlas_biochemistry_molecular_protein_science_protein_interactions,association,formalizes,0.82,true,association,atlas taxonomy
atlas_atlas_biochemistry_molecular_protein_science_protein_interactions_methods_and_instruments,atlas_biochemistry_molecular_protein_science_protein_interactions,association,method_for,0.82,true,association,atlas taxonomy
atlas_atlas_biochemistry_molecular_protein_science_protein_interactions_open_questions,atlas_biochemistry_molecular_protein_science_protein_interactions,association,investigates,0.72,true,association,atlas taxonomy
atlas_atlas_biochemistry_molecular_protein_science_protein_interactions_applications_and_implica,atlas_biochemistry_molecular_protein_science_protein_interactions,application,application_of,0.82,true,application,atlas taxonomy
atlas_biochemistry_molecular_protein_science_proteostasis,atlas_biochemistry_molecular_protein_science,structure,part_of,0.94,true,structure,atlas taxonomy
atlas_atlas_biochemistry_molecular_protein_science_proteostasis_theoretical_foundations,atlas_biochemistry_molecular_protein_science_proteostasis,association,formalizes,0.82,true,association,atlas taxonomy
atlas_atlas_biochemistry_molecular_protein_science_proteostasis_methods_and_instruments,atlas_biochemistry_molecular_protein_science_proteostasis,association,method_for,0.82,true,association,atlas taxonomy
atlas_atlas_biochemistry_molecular_protein_science_proteostasis_open_questions,atlas_biochemistry_molecular_protein_science_proteostasis,association,investigates,0.72,true,association,atlas taxonomy
atlas_atlas_biochemistry_molecular_protein_science_proteostasis_applications_and_implications,atlas_biochemistry_molecular_protein_science_proteostasis,application,application_of,0.82,true,application,atlas taxonomy
atlas_biochemistry_molecular_protein_science_protein_structure,protein_folding,interaction,related_to,0.62,false,interaction,atlas taxonomy
protein_folding,atlas_biochemistry_molecular_protein_science_enzyme_catalysis,interaction,related_to,0.62,false,interaction,atlas taxonomy
atlas_biochemistry_molecular_protein_science_enzyme_catalysis,atlas_biochemistry_molecular_protein_science_protein_interactions,interaction,related_to,0.62,false,interaction,atlas taxonomy
atlas_biochemistry_molecular_protein_science_protein_interactions,atlas_biochemistry_molecular_protein_science_proteostasis,interaction,related_to,0.62,false,interaction,atlas taxonomy
atlas_biochemistry_molecular_nucleic_acid_biology,atlas_biochemistry_molecular_domain,structure,part_of,0.96,true,structure,atlas taxonomy
atlas_biochemistry_molecular_nucleic_acid_biology_rna_structure,atlas_biochemistry_molecular_nucleic_acid_biology,structure,part_of,0.94,true,structure,atlas taxonomy
atlas_atlas_biochemistry_molecular_nucleic_acid_biology_rna_structure_theoretical_foundations,atlas_biochemistry_molecular_nucleic_acid_biology_rna_structure,association,formalizes,0.82,true,association,atlas taxonomy
atlas_atlas_biochemistry_molecular_nucleic_acid_biology_rna_structure_methods_and_instruments,atlas_biochemistry_molecular_nucleic_acid_biology_rna_structure,association,method_for,0.82,true,association,atlas taxonomy
atlas_atlas_biochemistry_molecular_nucleic_acid_biology_rna_structure_open_questions,atlas_biochemistry_molecular_nucleic_acid_biology_rna_structure,association,investigates,0.72,true,association,atlas taxonomy
atlas_atlas_biochemistry_molecular_nucleic_acid_biology_rna_structure_applications_and_implicati,atlas_biochemistry_molecular_nucleic_acid_biology_rna_structure,application,application_of,0.82,true,application,atlas taxonomy
atlas_biochemistry_molecular_nucleic_acid_biology_rna_processing,atlas_biochemistry_molecular_nucleic_acid_biology,structure,part_of,0.94,true,structure,atlas taxonomy
atlas_atlas_biochemistry_molecular_nucleic_acid_biology_rna_processing_theoretical_foundations,atlas_biochemistry_molecular_nucleic_acid_biology_rna_processing,association,formalizes,0.82,true,association,atlas taxonomy
atlas_atlas_biochemistry_molecular_nucleic_acid_biology_rna_processing_methods_and_instruments,atlas_biochemistry_molecular_nucleic_acid_biology_rna_processing,association,method_for,0.82,true,association,atlas taxonomy
atlas_atlas_biochemistry_molecular_nucleic_acid_biology_rna_processing_open_questions,atlas_biochemistry_molecular_nucleic_acid_biology_rna_processing,association,investigates,0.72,true,association,atlas taxonomy
atlas_atlas_biochemistry_molecular_nucleic_acid_biology_rna_processing_applications_and_implicat,atlas_biochemistry_molecular_nucleic_acid_biology_rna_processing,application,application_of,0.82,true,application,atlas taxonomy
atlas_biochemistry_molecular_nucleic_acid_biology_noncoding_rna,atlas_biochemistry_molecular_nucleic_acid_biology,structure,part_of,0.94,true,structure,atlas taxonomy
atlas_atlas_biochemistry_molecular_nucleic_acid_biology_noncoding_rna_theoretical_foundations,atlas_biochemistry_molecular_nucleic_acid_biology_noncoding_rna,association,formalizes,0.82,true,association,atlas taxonomy
atlas_atlas_biochemistry_molecular_nucleic_acid_biology_noncoding_rna_methods_and_instruments,atlas_biochemistry_molecular_nucleic_acid_biology_noncoding_rna,association,method_for,0.82,true,association,atlas taxonomy
atlas_atlas_biochemistry_molecular_nucleic_acid_biology_noncoding_rna_open_questions,atlas_biochemistry_molecular_nucleic_acid_biology_noncoding_rna,association,investigates,0.72,true,association,atlas taxonomy
atlas_atlas_biochemistry_molecular_nucleic_acid_biology_noncoding_rna_applications_and_implicati,atlas_biochemistry_molecular_nucleic_acid_biology_noncoding_rna,application,application_of,0.82,true,application,atlas taxonomy
atlas_biochemistry_molecular_nucleic_acid_biology_ribozymes,atlas_biochemistry_molecular_nucleic_acid_biology,structure,part_of,0.94,true,structure,atlas taxonomy
atlas_atlas_biochemistry_molecular_nucleic_acid_biology_ribozymes_theoretical_foundations,atlas_biochemistry_molecular_nucleic_acid_biology_ribozymes,association,formalizes,0.82,true,association,atlas taxonomy
atlas_atlas_biochemistry_molecular_nucleic_acid_biology_ribozymes_methods_and_instruments,atlas_biochemistry_molecular_nucleic_acid_biology_ribozymes,association,method_for,0.82,true,association,atlas taxonomy
atlas_atlas_biochemistry_molecular_nucleic_acid_biology_ribozymes_open_questions,atlas_biochemistry_molecular_nucleic_acid_biology_ribozymes,association,investigates,0.72,true,association,atlas taxonomy
atlas_atlas_biochemistry_molecular_nucleic_acid_biology_ribozymes_applications_and_implications,atlas_biochemistry_molecular_nucleic_acid_biology_ribozymes,application,application_of,0.82,true,application,atlas taxonomy
atlas_biochemistry_molecular_nucleic_acid_biology_rna_regulation,atlas_biochemistry_molecular_nucleic_acid_biology,structure,part_of,0.94,true,structure,atlas taxonomy
atlas_atlas_biochemistry_molecular_nucleic_acid_biology_rna_regulation_theoretical_foundations,atlas_biochemistry_molecular_nucleic_acid_biology_rna_regulation,association,formalizes,0.82,true,association,atlas taxonomy
atlas_atlas_biochemistry_molecular_nucleic_acid_biology_rna_regulation_methods_and_instruments,atlas_biochemistry_molecular_nucleic_acid_biology_rna_regulation,association,method_for,0.82,true,association,atlas taxonomy
atlas_atlas_biochemistry_molecular_nucleic_acid_biology_rna_regulation_open_questions,atlas_biochemistry_molecular_nucleic_acid_biology_rna_regulation,association,investigates,0.72,true,association,atlas taxonomy
atlas_atlas_biochemistry_molecular_nucleic_acid_biology_rna_regulation_applications_and_implicat,atlas_biochemistry_molecular_nucleic_acid_biology_rna_regulation,application,application_of,0.82,true,application,atlas taxonomy
atlas_biochemistry_molecular_nucleic_acid_biology_rna_structure,atlas_biochemistry_molecular_nucleic_acid_biology_rna_processing,interaction,related_to,0.62,false,interaction,atlas taxonomy
atlas_biochemistry_molecular_nucleic_acid_biology_rna_processing,atlas_biochemistry_molecular_nucleic_acid_biology_noncoding_rna,interaction,related_to,0.62,false,interaction,atlas taxonomy
atlas_biochemistry_molecular_nucleic_acid_biology_noncoding_rna,atlas_biochemistry_molecular_nucleic_acid_biology_ribozymes,interaction,related_to,0.62,false,interaction,atlas taxonomy
atlas_biochemistry_molecular_nucleic_acid_biology_ribozymes,atlas_biochemistry_molecular_nucleic_acid_biology_rna_regulation,interaction,related_to,0.62,false,interaction,atlas taxonomy
metabolism,atlas_biochemistry_molecular_domain,structure,part_of,0.96,true,structure,atlas taxonomy
atlas_biochemistry_molecular_metabolism_glycolysis,metabolism,structure,part_of,0.94,true,structure,atlas taxonomy
atlas_atlas_biochemistry_molecular_metabolism_glycolysis_theoretical_foundations,atlas_biochemistry_molecular_metabolism_glycolysis,association,formalizes,0.82,true,association,atlas taxonomy
atlas_atlas_biochemistry_molecular_metabolism_glycolysis_methods_and_instruments,atlas_biochemistry_molecular_metabolism_glycolysis,association,method_for,0.82,true,association,atlas taxonomy
atlas_atlas_biochemistry_molecular_metabolism_glycolysis_open_questions,atlas_biochemistry_molecular_metabolism_glycolysis,association,investigates,0.72,true,association,atlas taxonomy
atlas_atlas_biochemistry_molecular_metabolism_glycolysis_applications_and_implications,atlas_biochemistry_molecular_metabolism_glycolysis,application,application_of,0.82,true,application,atlas taxonomy
atlas_biochemistry_molecular_metabolism_citric_acid_cycle,metabolism,structure,part_of,0.94,true,structure,atlas taxonomy
atlas_atlas_biochemistry_molecular_metabolism_citric_acid_cycle_theoretical_foundations,atlas_biochemistry_molecular_metabolism_citric_acid_cycle,association,formalizes,0.82,true,association,atlas taxonomy
atlas_atlas_biochemistry_molecular_metabolism_citric_acid_cycle_methods_and_instruments,atlas_biochemistry_molecular_metabolism_citric_acid_cycle,association,method_for,0.82,true,association,atlas taxonomy
atlas_atlas_biochemistry_molecular_metabolism_citric_acid_cycle_open_questions,atlas_biochemistry_molecular_metabolism_citric_acid_cycle,association,investigates,0.72,true,association,atlas taxonomy
atlas_atlas_biochemistry_molecular_metabolism_citric_acid_cycle_applications_and_implications,atlas_biochemistry_molecular_metabolism_citric_acid_cycle,application,application_of,0.82,true,application,atlas taxonomy
atlas_biochemistry_molecular_metabolism_oxidative_phosphorylation,metabolism,structure,part_of,0.94,true,structure,atlas taxonomy
atlas_atlas_biochemistry_molecular_metabolism_oxidative_phosphorylation_theoretical_foundations,atlas_biochemistry_molecular_metabolism_oxidative_phosphorylation,association,formalizes,0.82,true,association,atlas taxonomy
atlas_atlas_biochemistry_molecular_metabolism_oxidative_phosphorylation_methods_and_instruments,atlas_biochemistry_molecular_metabolism_oxidative_phosphorylation,association,method_for,0.82,true,association,atlas taxonomy
atlas_atlas_biochemistry_molecular_metabolism_oxidative_phosphorylation_open_questions,atlas_biochemistry_molecular_metabolism_oxidative_phosphorylation,association,investigates,0.72,true,association,atlas taxonomy
atlas_atlas_biochemistry_molecular_metabolism_oxidative_phosphorylation_applications_and_implica,atlas_biochemistry_molecular_metabolism_oxidative_phosphorylation,application,application_of,0.82,true,application,atlas taxonomy
atlas_biochemistry_molecular_metabolism_lipid_metabolism,metabolism,structure,part_of,0.94,true,structure,atlas taxonomy
atlas_atlas_biochemistry_molecular_metabolism_lipid_metabolism_theoretical_foundations,atlas_biochemistry_molecular_metabolism_lipid_metabolism,association,formalizes,0.82,true,association,atlas taxonomy
atlas_atlas_biochemistry_molecular_metabolism_lipid_metabolism_methods_and_instruments,atlas_biochemistry_molecular_metabolism_lipid_metabolism,association,method_for,0.82,true,association,atlas taxonomy
atlas_atlas_biochemistry_molecular_metabolism_lipid_metabolism_open_questions,atlas_biochemistry_molecular_metabolism_lipid_metabolism,association,investigates,0.72,true,association,atlas taxonomy
atlas_atlas_biochemistry_molecular_metabolism_lipid_metabolism_applications_and_implications,atlas_biochemistry_molecular_metabolism_lipid_metabolism,application,application_of,0.82,true,application,atlas taxonomy
atlas_biochemistry_molecular_metabolism_metabolic_regulation,metabolism,structure,part_of,0.94,true,structure,atlas taxonomy
atlas_atlas_biochemistry_molecular_metabolism_metabolic_regulation_theoretical_foundations,atlas_biochemistry_molecular_metabolism_metabolic_regulation,association,formalizes,0.82,true,association,atlas taxonomy
atlas_atlas_biochemistry_molecular_metabolism_metabolic_regulation_methods_and_instruments,atlas_biochemistry_molecular_metabolism_metabolic_regulation,association,method_for,0.82,true,association,atlas taxonomy
atlas_atlas_biochemistry_molecular_metabolism_metabolic_regulation_open_questions,atlas_biochemistry_molecular_metabolism_metabolic_regulation,association,investigates,0.72,true,association,atlas taxonomy
atlas_atlas_biochemistry_molecular_metabolism_metabolic_regulation_applications_and_implications,atlas_biochemistry_molecular_metabolism_metabolic_regulation,application,application_of,0.82,true,application,atlas taxonomy
atlas_biochemistry_molecular_metabolism_glycolysis,atlas_biochemistry_molecular_metabolism_citric_acid_cycle,interaction,related_to,0.62,false,interaction,atlas taxonomy
atlas_biochemistry_molecular_metabolism_citric_acid_cycle,atlas_biochemistry_molecular_metabolism_oxidative_phosphorylation,interaction,related_to,0.62,false,interaction,atlas taxonomy
atlas_biochemistry_molecular_metabolism_oxidative_phosphorylation,atlas_biochemistry_molecular_metabolism_lipid_metabolism,interaction,related_to,0.62,false,interaction,atlas taxonomy
atlas_biochemistry_molecular_metabolism_lipid_metabolism,atlas_biochemistry_molecular_metabolism_metabolic_regulation,interaction,related_to,0.62,false,interaction,atlas taxonomy
atlas_biochemistry_molecular_molecular_signaling,atlas_biochemistry_molecular_domain,structure,part_of,0.96,true,structure,atlas taxonomy
atlas_biochemistry_molecular_molecular_signaling_receptors,atlas_biochemistry_molecular_molecular_signaling,structure,part_of,0.94,true,structure,atlas taxonomy
atlas_atlas_biochemistry_molecular_molecular_signaling_receptors_theoretical_foundations,atlas_biochemistry_molecular_molecular_signaling_receptors,association,formalizes,0.82,true,association,atlas taxonomy
atlas_atlas_biochemistry_molecular_molecular_signaling_receptors_methods_and_instruments,atlas_biochemistry_molecular_molecular_signaling_receptors,association,method_for,0.82,true,association,atlas taxonomy
atlas_atlas_biochemistry_molecular_molecular_signaling_receptors_open_questions,atlas_biochemistry_molecular_molecular_signaling_receptors,association,investigates,0.72,true,association,atlas taxonomy
atlas_atlas_biochemistry_molecular_molecular_signaling_receptors_applications_and_implications,atlas_biochemistry_molecular_molecular_signaling_receptors,application,application_of,0.82,true,application,atlas taxonomy
atlas_biochemistry_molecular_molecular_signaling_kinase_signaling,atlas_biochemistry_molecular_molecular_signaling,structure,part_of,0.94,true,structure,atlas taxonomy
atlas_atlas_biochemistry_molecular_molecular_signaling_kinase_signaling_theoretical_foundations,atlas_biochemistry_molecular_molecular_signaling_kinase_signaling,association,formalizes,0.82,true,association,atlas taxonomy
atlas_atlas_biochemistry_molecular_molecular_signaling_kinase_signaling_methods_and_instruments,atlas_biochemistry_molecular_molecular_signaling_kinase_signaling,association,method_for,0.82,true,association,atlas taxonomy
atlas_atlas_biochemistry_molecular_molecular_signaling_kinase_signaling_open_questions,atlas_biochemistry_molecular_molecular_signaling_kinase_signaling,association,investigates,0.72,true,association,atlas taxonomy
atlas_atlas_biochemistry_molecular_molecular_signaling_kinase_signaling_applications_and_implica,atlas_biochemistry_molecular_molecular_signaling_kinase_signaling,application,application_of,0.82,true,application,atlas taxonomy
atlas_biochemistry_molecular_molecular_signaling_second_messengers,atlas_biochemistry_molecular_molecular_signaling,structure,part_of,0.94,true,structure,atlas taxonomy
atlas_atlas_biochemistry_molecular_molecular_signaling_second_messengers_theoretical_foundations,atlas_biochemistry_molecular_molecular_signaling_second_messengers,association,formalizes,0.82,true,association,atlas taxonomy
atlas_atlas_biochemistry_molecular_molecular_signaling_second_messengers_methods_and_instruments,atlas_biochemistry_molecular_molecular_signaling_second_messengers,association,method_for,0.82,true,association,atlas taxonomy
atlas_atlas_biochemistry_molecular_molecular_signaling_second_messengers_open_questions,atlas_biochemistry_molecular_molecular_signaling_second_messengers,association,investigates,0.72,true,association,atlas taxonomy
atlas_atlas_biochemistry_molecular_molecular_signaling_second_messengers_applications_and_implic,atlas_biochemistry_molecular_molecular_signaling_second_messengers,application,application_of,0.82,true,application,atlas taxonomy
atlas_biochemistry_molecular_molecular_signaling_transcriptional_networks,atlas_biochemistry_molecular_molecular_signaling,structure,part_of,0.94,true,structure,atlas taxonomy
atlas_atlas_biochemistry_molecular_molecular_signaling_transcriptional_networks_theoretical_foun,atlas_biochemistry_molecular_molecular_signaling_transcriptional_networks,association,formalizes,0.82,true,association,atlas taxonomy
atlas_atlas_biochemistry_molecular_molecular_signaling_transcriptional_networks_methods_and_inst,atlas_biochemistry_molecular_molecular_signaling_transcriptional_networks,association,method_for,0.82,true,association,atlas taxonomy
atlas_atlas_biochemistry_molecular_molecular_signaling_transcriptional_networks_open_questions,atlas_biochemistry_molecular_molecular_signaling_transcriptional_networks,association,investigates,0.72,true,association,atlas taxonomy
atlas_atlas_biochemistry_molecular_molecular_signaling_transcriptional_networks_applications_and,atlas_biochemistry_molecular_molecular_signaling_transcriptional_networks,application,application_of,0.82,true,application,atlas taxonomy
atlas_biochemistry_molecular_molecular_signaling_cell_death_pathways,atlas_biochemistry_molecular_molecular_signaling,structure,part_of,0.94,true,structure,atlas taxonomy
atlas_atlas_biochemistry_molecular_molecular_signaling_cell_death_pathways_theoretical_foundatio,atlas_biochemistry_molecular_molecular_signaling_cell_death_pathways,association,formalizes,0.82,true,association,atlas taxonomy
atlas_atlas_biochemistry_molecular_molecular_signaling_cell_death_pathways_methods_and_instrumen,atlas_biochemistry_molecular_molecular_signaling_cell_death_pathways,association,method_for,0.82,true,association,atlas taxonomy
atlas_atlas_biochemistry_molecular_molecular_signaling_cell_death_pathways_open_questions,atlas_biochemistry_molecular_molecular_signaling_cell_death_pathways,association,investigates,0.72,true,association,atlas taxonomy
atlas_atlas_biochemistry_molecular_molecular_signaling_cell_death_pathways_applications_and_impl,atlas_biochemistry_molecular_molecular_signaling_cell_death_pathways,application,application_of,0.82,true,application,atlas taxonomy
atlas_biochemistry_molecular_molecular_signaling_receptors,atlas_biochemistry_molecular_molecular_signaling_kinase_signaling,interaction,related_to,0.62,false,interaction,atlas taxonomy
atlas_biochemistry_molecular_molecular_signaling_kinase_signaling,atlas_biochemistry_molecular_molecular_signaling_second_messengers,interaction,related_to,0.62,false,interaction,atlas taxonomy
atlas_biochemistry_molecular_molecular_signaling_second_messengers,atlas_biochemistry_molecular_molecular_signaling_transcriptional_networks,interaction,related_to,0.62,false,interaction,atlas taxonomy
atlas_biochemistry_molecular_molecular_signaling_transcriptional_networks,atlas_biochemistry_molecular_molecular_signaling_cell_death_pathways,interaction,related_to,0.62,false,interaction,atlas taxonomy
atlas_biochemistry_molecular_structural_biology,atlas_biochemistry_molecular_domain,structure,part_of,0.96,true,structure,atlas taxonomy
atlas_biochemistry_molecular_structural_biology_x_ray_crystallography,atlas_biochemistry_molecular_structural_biology,structure,part_of,0.94,true,structure,atlas taxonomy
atlas_atlas_biochemistry_molecular_structural_biology_x_ray_crystallography_theoretical_foundati,atlas_biochemistry_molecular_structural_biology_x_ray_crystallography,association,formalizes,0.82,true,association,atlas taxonomy
atlas_atlas_biochemistry_molecular_structural_biology_x_ray_crystallography_methods_and_instrume,atlas_biochemistry_molecular_structural_biology_x_ray_crystallography,association,method_for,0.82,true,association,atlas taxonomy
atlas_atlas_biochemistry_molecular_structural_biology_x_ray_crystallography_open_questions,atlas_biochemistry_molecular_structural_biology_x_ray_crystallography,association,investigates,0.72,true,association,atlas taxonomy
atlas_atlas_biochemistry_molecular_structural_biology_x_ray_crystallography_applications_and_imp,atlas_biochemistry_molecular_structural_biology_x_ray_crystallography,application,application_of,0.82,true,application,atlas taxonomy
atlas_biochemistry_molecular_structural_biology_nuclear_magnetic_resonance,atlas_biochemistry_molecular_structural_biology,structure,part_of,0.94,true,structure,atlas taxonomy
atlas_atlas_biochemistry_molecular_structural_biology_nuclear_magnetic_resonance_theoretical_fou,atlas_biochemistry_molecular_structural_biology_nuclear_magnetic_resonance,association,formalizes,0.82,true,association,atlas taxonomy
atlas_atlas_biochemistry_molecular_structural_biology_nuclear_magnetic_resonance_methods_and_ins,atlas_biochemistry_molecular_structural_biology_nuclear_magnetic_resonance,association,method_for,0.82,true,association,atlas taxonomy
atlas_atlas_biochemistry_molecular_structural_biology_nuclear_magnetic_resonance_open_questions,atlas_biochemistry_molecular_structural_biology_nuclear_magnetic_resonance,association,investigates,0.72,true,association,atlas taxonomy
atlas_atlas_biochemistry_molecular_structural_biology_nuclear_magnetic_resonance_applications_an,atlas_biochemistry_molecular_structural_biology_nuclear_magnetic_resonance,application,application_of,0.82,true,application,atlas taxonomy
atlas_biochemistry_molecular_structural_biology_cryo_electron_microscopy,atlas_biochemistry_molecular_structural_biology,structure,part_of,0.94,true,structure,atlas taxonomy
atlas_atlas_biochemistry_molecular_structural_biology_cryo_electron_microscopy_theoretical_found,atlas_biochemistry_molecular_structural_biology_cryo_electron_microscopy,association,formalizes,0.82,true,association,atlas taxonomy
atlas_atlas_biochemistry_molecular_structural_biology_cryo_electron_microscopy_methods_and_instr,atlas_biochemistry_molecular_structural_biology_cryo_electron_microscopy,association,method_for,0.82,true,association,atlas taxonomy
atlas_atlas_biochemistry_molecular_structural_biology_cryo_electron_microscopy_open_questions,atlas_biochemistry_molecular_structural_biology_cryo_electron_microscopy,association,investigates,0.72,true,association,atlas taxonomy
atlas_atlas_biochemistry_molecular_structural_biology_cryo_electron_microscopy_applications_and_,atlas_biochemistry_molecular_structural_biology_cryo_electron_microscopy,application,application_of,0.82,true,application,atlas taxonomy
atlas_biochemistry_molecular_structural_biology_single_molecule_biophysics,atlas_biochemistry_molecular_structural_biology,structure,part_of,0.94,true,structure,atlas taxonomy
atlas_atlas_biochemistry_molecular_structural_biology_single_molecule_biophysics_theoretical_fou,atlas_biochemistry_molecular_structural_biology_single_molecule_biophysics,association,formalizes,0.82,true,association,atlas taxonomy
atlas_atlas_biochemistry_molecular_structural_biology_single_molecule_biophysics_methods_and_ins,atlas_biochemistry_molecular_structural_biology_single_molecule_biophysics,association,method_for,0.82,true,association,atlas taxonomy
atlas_atlas_biochemistry_molecular_structural_biology_single_molecule_biophysics_open_questions,atlas_biochemistry_molecular_structural_biology_single_molecule_biophysics,association,investigates,0.72,true,association,atlas taxonomy
atlas_atlas_biochemistry_molecular_structural_biology_single_molecule_biophysics_applications_an,atlas_biochemistry_molecular_structural_biology_single_molecule_biophysics,application,application_of,0.82,true,application,atlas taxonomy
atlas_biochemistry_molecular_structural_biology_integrative_modeling,atlas_biochemistry_molecular_structural_biology,structure,part_of,0.94,true,structure,atlas taxonomy
atlas_atlas_biochemistry_molecular_structural_biology_integrative_modeling_theoretical_foundatio,atlas_biochemistry_molecular_structural_biology_integrative_modeling,association,formalizes,0.82,true,association,atlas taxonomy
atlas_atlas_biochemistry_molecular_structural_biology_integrative_modeling_methods_and_instrumen,atlas_biochemistry_molecular_structural_biology_integrative_modeling,association,method_for,0.82,true,association,atlas taxonomy
atlas_atlas_biochemistry_molecular_structural_biology_integrative_modeling_open_questions,atlas_biochemistry_molecular_structural_biology_integrative_modeling,association,investigates,0.72,true,association,atlas taxonomy
atlas_atlas_biochemistry_molecular_structural_biology_integrative_modeling_applications_and_impl,atlas_biochemistry_molecular_structural_biology_integrative_modeling,application,application_of,0.82,true,application,atlas taxonomy
atlas_biochemistry_molecular_structural_biology_x_ray_crystallography,atlas_biochemistry_molecular_structural_biology_nuclear_magnetic_resonance,interaction,related_to,0.62,false,interaction,atlas taxonomy
atlas_biochemistry_molecular_structural_biology_nuclear_magnetic_resonance,atlas_biochemistry_molecular_structural_biology_cryo_electron_microscopy,interaction,related_to,0.62,false,interaction,atlas taxonomy
atlas_biochemistry_molecular_structural_biology_cryo_electron_microscopy,atlas_biochemistry_molecular_structural_biology_single_molecule_biophysics,interaction,related_to,0.62,false,interaction,atlas taxonomy
atlas_biochemistry_molecular_structural_biology_single_molecule_biophysics,atlas_biochemistry_molecular_structural_biology_integrative_modeling,interaction,related_to,0.62,false,interaction,atlas taxonomy
atlas_biochemistry_molecular_protein_science,atlas_biochemistry_molecular_nucleic_acid_biology,interaction,related_to,0.66,false,interaction,atlas taxonomy
atlas_biochemistry_molecular_nucleic_acid_biology,metabolism,interaction,related_to,0.66,false,interaction,atlas taxonomy
metabolism,atlas_biochemistry_molecular_molecular_signaling,interaction,related_to,0.66,false,interaction,atlas taxonomy
atlas_biochemistry_molecular_molecular_signaling,atlas_biochemistry_molecular_structural_biology,interaction,related_to,0.66,false,interaction,atlas taxonomy
atlas_microbiology_virology_bacteriology,atlas_microbiology_virology_domain,structure,part_of,0.96,true,structure,atlas taxonomy
atlas_microbiology_virology_bacteriology_bacterial_physiology,atlas_microbiology_virology_bacteriology,structure,part_of,0.94,true,structure,atlas taxonomy
atlas_atlas_microbiology_virology_bacteriology_bacterial_physiology_theoretical_foundations,atlas_microbiology_virology_bacteriology_bacterial_physiology,association,formalizes,0.82,true,association,atlas taxonomy
atlas_atlas_microbiology_virology_bacteriology_bacterial_physiology_methods_and_instruments,atlas_microbiology_virology_bacteriology_bacterial_physiology,association,method_for,0.82,true,association,atlas taxonomy
atlas_atlas_microbiology_virology_bacteriology_bacterial_physiology_open_questions,atlas_microbiology_virology_bacteriology_bacterial_physiology,association,investigates,0.72,true,association,atlas taxonomy
atlas_atlas_microbiology_virology_bacteriology_bacterial_physiology_applications_and_implication,atlas_microbiology_virology_bacteriology_bacterial_physiology,application,application_of,0.82,true,application,atlas taxonomy
atlas_microbiology_virology_bacteriology_microbial_genetics,atlas_microbiology_virology_bacteriology,structure,part_of,0.94,true,structure,atlas taxonomy
atlas_atlas_microbiology_virology_bacteriology_microbial_genetics_theoretical_foundations,atlas_microbiology_virology_bacteriology_microbial_genetics,association,formalizes,0.82,true,association,atlas taxonomy
atlas_atlas_microbiology_virology_bacteriology_microbial_genetics_methods_and_instruments,atlas_microbiology_virology_bacteriology_microbial_genetics,association,method_for,0.82,true,association,atlas taxonomy
atlas_atlas_microbiology_virology_bacteriology_microbial_genetics_open_questions,atlas_microbiology_virology_bacteriology_microbial_genetics,association,investigates,0.72,true,association,atlas taxonomy
atlas_atlas_microbiology_virology_bacteriology_microbial_genetics_applications_and_implications,atlas_microbiology_virology_bacteriology_microbial_genetics,application,application_of,0.82,true,application,atlas taxonomy
atlas_microbiology_virology_bacteriology_biofilms,atlas_microbiology_virology_bacteriology,structure,part_of,0.94,true,structure,atlas taxonomy
atlas_atlas_microbiology_virology_bacteriology_biofilms_theoretical_foundations,atlas_microbiology_virology_bacteriology_biofilms,association,formalizes,0.82,true,association,atlas taxonomy
atlas_atlas_microbiology_virology_bacteriology_biofilms_methods_and_instruments,atlas_microbiology_virology_bacteriology_biofilms,association,method_for,0.82,true,association,atlas taxonomy
atlas_atlas_microbiology_virology_bacteriology_biofilms_open_questions,atlas_microbiology_virology_bacteriology_biofilms,association,investigates,0.72,true,association,atlas taxonomy
atlas_atlas_microbiology_virology_bacteriology_biofilms_applications_and_implications,atlas_microbiology_virology_bacteriology_biofilms,application,application_of,0.82,true,application,atlas taxonomy
atlas_microbiology_virology_bacteriology_antimicrobial_resistance,atlas_microbiology_virology_bacteriology,structure,part_of,0.94,true,structure,atlas taxonomy
atlas_atlas_microbiology_virology_bacteriology_antimicrobial_resistance_theoretical_foundations,atlas_microbiology_virology_bacteriology_antimicrobial_resistance,association,formalizes,0.82,true,association,atlas taxonomy
atlas_atlas_microbiology_virology_bacteriology_antimicrobial_resistance_methods_and_instruments,atlas_microbiology_virology_bacteriology_antimicrobial_resistance,association,method_for,0.82,true,association,atlas taxonomy
atlas_atlas_microbiology_virology_bacteriology_antimicrobial_resistance_open_questions,atlas_microbiology_virology_bacteriology_antimicrobial_resistance,association,investigates,0.72,true,association,atlas taxonomy
atlas_atlas_microbiology_virology_bacteriology_antimicrobial_resistance_applications_and_implica,atlas_microbiology_virology_bacteriology_antimicrobial_resistance,application,application_of,0.82,true,application,atlas taxonomy
atlas_microbiology_virology_bacteriology_bacterial_pathogenesis,atlas_microbiology_virology_bacteriology,structure,part_of,0.94,true,structure,atlas taxonomy
atlas_atlas_microbiology_virology_bacteriology_bacterial_pathogenesis_theoretical_foundations,atlas_microbiology_virology_bacteriology_bacterial_pathogenesis,association,formalizes,0.82,true,association,atlas taxonomy
atlas_atlas_microbiology_virology_bacteriology_bacterial_pathogenesis_methods_and_instruments,atlas_microbiology_virology_bacteriology_bacterial_pathogenesis,association,method_for,0.82,true,association,atlas taxonomy
atlas_atlas_microbiology_virology_bacteriology_bacterial_pathogenesis_open_questions,atlas_microbiology_virology_bacteriology_bacterial_pathogenesis,association,investigates,0.72,true,association,atlas taxonomy
atlas_atlas_microbiology_virology_bacteriology_bacterial_pathogenesis_applications_and_implicati,atlas_microbiology_virology_bacteriology_bacterial_pathogenesis,application,application_of,0.82,true,application,atlas taxonomy
atlas_microbiology_virology_bacteriology_bacterial_physiology,atlas_microbiology_virology_bacteriology_microbial_genetics,interaction,related_to,0.62,false,interaction,atlas taxonomy
atlas_microbiology_virology_bacteriology_microbial_genetics,atlas_microbiology_virology_bacteriology_biofilms,interaction,related_to,0.62,false,interaction,atlas taxonomy
atlas_microbiology_virology_bacteriology_biofilms,atlas_microbiology_virology_bacteriology_antimicrobial_resistance,interaction,related_to,0.62,false,interaction,atlas taxonomy
atlas_microbiology_virology_bacteriology_antimicrobial_resistance,atlas_microbiology_virology_bacteriology_bacterial_pathogenesis,interaction,related_to,0.62,false,interaction,atlas taxonomy
virology,atlas_microbiology_virology_domain,structure,part_of,0.96,true,structure,atlas taxonomy
atlas_microbiology_virology_virology_viral_entry,virology,structure,part_of,0.94,true,structure,atlas taxonomy
atlas_atlas_microbiology_virology_virology_viral_entry_theoretical_foundations,atlas_microbiology_virology_virology_viral_entry,association,formalizes,0.82,true,association,atlas taxonomy
atlas_atlas_microbiology_virology_virology_viral_entry_methods_and_instruments,atlas_microbiology_virology_virology_viral_entry,association,method_for,0.82,true,association,atlas taxonomy
atlas_atlas_microbiology_virology_virology_viral_entry_open_questions,atlas_microbiology_virology_virology_viral_entry,association,investigates,0.72,true,association,atlas taxonomy
atlas_atlas_microbiology_virology_virology_viral_entry_applications_and_implications,atlas_microbiology_virology_virology_viral_entry,application,application_of,0.82,true,application,atlas taxonomy
atlas_microbiology_virology_virology_viral_replication,virology,structure,part_of,0.94,true,structure,atlas taxonomy
atlas_atlas_microbiology_virology_virology_viral_replication_theoretical_foundations,atlas_microbiology_virology_virology_viral_replication,association,formalizes,0.82,true,association,atlas taxonomy
atlas_atlas_microbiology_virology_virology_viral_replication_methods_and_instruments,atlas_microbiology_virology_virology_viral_replication,association,method_for,0.82,true,association,atlas taxonomy
atlas_atlas_microbiology_virology_virology_viral_replication_open_questions,atlas_microbiology_virology_virology_viral_replication,association,investigates,0.72,true,association,atlas taxonomy
atlas_atlas_microbiology_virology_virology_viral_replication_applications_and_implications,atlas_microbiology_virology_virology_viral_replication,application,application_of,0.82,true,application,atlas taxonomy
atlas_microbiology_virology_virology_virus_evolution,virology,structure,part_of,0.94,true,structure,atlas taxonomy
atlas_atlas_microbiology_virology_virology_virus_evolution_theoretical_foundations,atlas_microbiology_virology_virology_virus_evolution,association,formalizes,0.82,true,association,atlas taxonomy
atlas_atlas_microbiology_virology_virology_virus_evolution_methods_and_instruments,atlas_microbiology_virology_virology_virus_evolution,association,method_for,0.82,true,association,atlas taxonomy
atlas_atlas_microbiology_virology_virology_virus_evolution_open_questions,atlas_microbiology_virology_virology_virus_evolution,association,investigates,0.72,true,association,atlas taxonomy
atlas_atlas_microbiology_virology_virology_virus_evolution_applications_and_implications,atlas_microbiology_virology_virology_virus_evolution,application,application_of,0.82,true,application,atlas taxonomy
atlas_microbiology_virology_virology_host_virus_interactions,virology,structure,part_of,0.94,true,structure,atlas taxonomy
atlas_atlas_microbiology_virology_virology_host_virus_interactions_theoretical_foundations,atlas_microbiology_virology_virology_host_virus_interactions,association,formalizes,0.82,true,association,atlas taxonomy
atlas_atlas_microbiology_virology_virology_host_virus_interactions_methods_and_instruments,atlas_microbiology_virology_virology_host_virus_interactions,association,method_for,0.82,true,association,atlas taxonomy
atlas_atlas_microbiology_virology_virology_host_virus_interactions_open_questions,atlas_microbiology_virology_virology_host_virus_interactions,association,investigates,0.72,true,association,atlas taxonomy
atlas_atlas_microbiology_virology_virology_host_virus_interactions_applications_and_implications,atlas_microbiology_virology_virology_host_virus_interactions,application,application_of,0.82,true,application,atlas taxonomy
atlas_microbiology_virology_virology_emerging_viruses,virology,structure,part_of,0.94,true,structure,atlas taxonomy
atlas_atlas_microbiology_virology_virology_emerging_viruses_theoretical_foundations,atlas_microbiology_virology_virology_emerging_viruses,association,formalizes,0.82,true,association,atlas taxonomy
atlas_atlas_microbiology_virology_virology_emerging_viruses_methods_and_instruments,atlas_microbiology_virology_virology_emerging_viruses,association,method_for,0.82,true,association,atlas taxonomy
atlas_atlas_microbiology_virology_virology_emerging_viruses_open_questions,atlas_microbiology_virology_virology_emerging_viruses,association,investigates,0.72,true,association,atlas taxonomy
atlas_atlas_microbiology_virology_virology_emerging_viruses_applications_and_implications,atlas_microbiology_virology_virology_emerging_viruses,application,application_of,0.82,true,application,atlas taxonomy
atlas_microbiology_virology_virology_viral_entry,atlas_microbiology_virology_virology_viral_replication,interaction,related_to,0.62,false,interaction,atlas taxonomy
atlas_microbiology_virology_virology_viral_replication,atlas_microbiology_virology_virology_virus_evolution,interaction,related_to,0.62,false,interaction,atlas taxonomy
atlas_microbiology_virology_virology_virus_evolution,atlas_microbiology_virology_virology_host_virus_interactions,interaction,related_to,0.62,false,interaction,atlas taxonomy
atlas_microbiology_virology_virology_host_virus_interactions,atlas_microbiology_virology_virology_emerging_viruses,interaction,related_to,0.62,false,interaction,atlas taxonomy
atlas_microbiology_virology_mycology_and_parasitology,atlas_microbiology_virology_domain,structure,part_of,0.96,true,structure,atlas taxonomy
atlas_microbiology_virology_mycology_and_parasitology_fungal_biology,atlas_microbiology_virology_mycology_and_parasitology,structure,part_of,0.94,true,structure,atlas taxonomy
atlas_atlas_microbiology_virology_mycology_and_parasitology_fungal_biology_theoretical_foundatio,atlas_microbiology_virology_mycology_and_parasitology_fungal_biology,association,formalizes,0.82,true,association,atlas taxonomy
atlas_atlas_microbiology_virology_mycology_and_parasitology_fungal_biology_methods_and_instrumen,atlas_microbiology_virology_mycology_and_parasitology_fungal_biology,association,method_for,0.82,true,association,atlas taxonomy
atlas_atlas_microbiology_virology_mycology_and_parasitology_fungal_biology_open_questions,atlas_microbiology_virology_mycology_and_parasitology_fungal_biology,association,investigates,0.72,true,association,atlas taxonomy
atlas_atlas_microbiology_virology_mycology_and_parasitology_fungal_biology_applications_and_impl,atlas_microbiology_virology_mycology_and_parasitology_fungal_biology,application,application_of,0.82,true,application,atlas taxonomy
atlas_microbiology_virology_mycology_and_parasitology_fungal_pathogenesis,atlas_microbiology_virology_mycology_and_parasitology,structure,part_of,0.94,true,structure,atlas taxonomy
atlas_atlas_microbiology_virology_mycology_and_parasitology_fungal_pathogenesis_theoretical_foun,atlas_microbiology_virology_mycology_and_parasitology_fungal_pathogenesis,association,formalizes,0.82,true,association,atlas taxonomy
atlas_atlas_microbiology_virology_mycology_and_parasitology_fungal_pathogenesis_methods_and_inst,atlas_microbiology_virology_mycology_and_parasitology_fungal_pathogenesis,association,method_for,0.82,true,association,atlas taxonomy
atlas_atlas_microbiology_virology_mycology_and_parasitology_fungal_pathogenesis_open_questions,atlas_microbiology_virology_mycology_and_parasitology_fungal_pathogenesis,association,investigates,0.72,true,association,atlas taxonomy
atlas_atlas_microbiology_virology_mycology_and_parasitology_fungal_pathogenesis_applications_and,atlas_microbiology_virology_mycology_and_parasitology_fungal_pathogenesis,application,application_of,0.82,true,application,atlas taxonomy
atlas_microbiology_virology_mycology_and_parasitology_protozoan_parasites,atlas_microbiology_virology_mycology_and_parasitology,structure,part_of,0.94,true,structure,atlas taxonomy
atlas_atlas_microbiology_virology_mycology_and_parasitology_protozoan_parasites_theoretical_foun,atlas_microbiology_virology_mycology_and_parasitology_protozoan_parasites,association,formalizes,0.82,true,association,atlas taxonomy
atlas_atlas_microbiology_virology_mycology_and_parasitology_protozoan_parasites_methods_and_inst,atlas_microbiology_virology_mycology_and_parasitology_protozoan_parasites,association,method_for,0.82,true,association,atlas taxonomy
atlas_atlas_microbiology_virology_mycology_and_parasitology_protozoan_parasites_open_questions,atlas_microbiology_virology_mycology_and_parasitology_protozoan_parasites,association,investigates,0.72,true,association,atlas taxonomy
atlas_atlas_microbiology_virology_mycology_and_parasitology_protozoan_parasites_applications_and,atlas_microbiology_virology_mycology_and_parasitology_protozoan_parasites,application,application_of,0.82,true,application,atlas taxonomy
atlas_microbiology_virology_mycology_and_parasitology_helminths,atlas_microbiology_virology_mycology_and_parasitology,structure,part_of,0.94,true,structure,atlas taxonomy
atlas_atlas_microbiology_virology_mycology_and_parasitology_helminths_theoretical_foundations,atlas_microbiology_virology_mycology_and_parasitology_helminths,association,formalizes,0.82,true,association,atlas taxonomy
atlas_atlas_microbiology_virology_mycology_and_parasitology_helminths_methods_and_instruments,atlas_microbiology_virology_mycology_and_parasitology_helminths,association,method_for,0.82,true,association,atlas taxonomy
atlas_atlas_microbiology_virology_mycology_and_parasitology_helminths_open_questions,atlas_microbiology_virology_mycology_and_parasitology_helminths,association,investigates,0.72,true,association,atlas taxonomy
atlas_atlas_microbiology_virology_mycology_and_parasitology_helminths_applications_and_implicati,atlas_microbiology_virology_mycology_and_parasitology_helminths,application,application_of,0.82,true,application,atlas taxonomy
atlas_microbiology_virology_mycology_and_parasitology_vector_biology,atlas_microbiology_virology_mycology_and_parasitology,structure,part_of,0.94,true,structure,atlas taxonomy
atlas_atlas_microbiology_virology_mycology_and_parasitology_vector_biology_theoretical_foundatio,atlas_microbiology_virology_mycology_and_parasitology_vector_biology,association,formalizes,0.82,true,association,atlas taxonomy
atlas_atlas_microbiology_virology_mycology_and_parasitology_vector_biology_methods_and_instrumen,atlas_microbiology_virology_mycology_and_parasitology_vector_biology,association,method_for,0.82,true,association,atlas taxonomy
atlas_atlas_microbiology_virology_mycology_and_parasitology_vector_biology_open_questions,atlas_microbiology_virology_mycology_and_parasitology_vector_biology,association,investigates,0.72,true,association,atlas taxonomy
atlas_atlas_microbiology_virology_mycology_and_parasitology_vector_biology_applications_and_impl,atlas_microbiology_virology_mycology_and_parasitology_vector_biology,application,application_of,0.82,true,application,atlas taxonomy
atlas_microbiology_virology_mycology_and_parasitology_fungal_biology,atlas_microbiology_virology_mycology_and_parasitology_fungal_pathogenesis,interaction,related_to,0.62,false,interaction,atlas taxonomy
atlas_microbiology_virology_mycology_and_parasitology_fungal_pathogenesis,atlas_microbiology_virology_mycology_and_parasitology_protozoan_parasites,interaction,related_to,0.62,false,interaction,atlas taxonomy
atlas_microbiology_virology_mycology_and_parasitology_protozoan_parasites,atlas_microbiology_virology_mycology_and_parasitology_helminths,interaction,related_to,0.62,false,interaction,atlas taxonomy
atlas_microbiology_virology_mycology_and_parasitology_helminths,atlas_microbiology_virology_mycology_and_parasitology_vector_biology,interaction,related_to,0.62,false,interaction,atlas taxonomy
immunology,atlas_microbiology_virology_domain,structure,part_of,0.96,true,structure,atlas taxonomy
atlas_microbiology_virology_immunology_innate_immunity,immunology,structure,part_of,0.94,true,structure,atlas taxonomy
atlas_atlas_microbiology_virology_immunology_innate_immunity_theoretical_foundations,atlas_microbiology_virology_immunology_innate_immunity,association,formalizes,0.82,true,association,atlas taxonomy
atlas_atlas_microbiology_virology_immunology_innate_immunity_methods_and_instruments,atlas_microbiology_virology_immunology_innate_immunity,association,method_for,0.82,true,association,atlas taxonomy
atlas_atlas_microbiology_virology_immunology_innate_immunity_open_questions,atlas_microbiology_virology_immunology_innate_immunity,association,investigates,0.72,true,association,atlas taxonomy
atlas_atlas_microbiology_virology_immunology_innate_immunity_applications_and_implications,atlas_microbiology_virology_immunology_innate_immunity,application,application_of,0.82,true,application,atlas taxonomy
atlas_microbiology_virology_immunology_adaptive_immunity,immunology,structure,part_of,0.94,true,structure,atlas taxonomy
atlas_atlas_microbiology_virology_immunology_adaptive_immunity_theoretical_foundations,atlas_microbiology_virology_immunology_adaptive_immunity,association,formalizes,0.82,true,association,atlas taxonomy
atlas_atlas_microbiology_virology_immunology_adaptive_immunity_methods_and_instruments,atlas_microbiology_virology_immunology_adaptive_immunity,association,method_for,0.82,true,association,atlas taxonomy
atlas_atlas_microbiology_virology_immunology_adaptive_immunity_open_questions,atlas_microbiology_virology_immunology_adaptive_immunity,association,investigates,0.72,true,association,atlas taxonomy
atlas_atlas_microbiology_virology_immunology_adaptive_immunity_applications_and_implications,atlas_microbiology_virology_immunology_adaptive_immunity,application,application_of,0.82,true,application,atlas taxonomy
atlas_microbiology_virology_immunology_antibodies,immunology,structure,part_of,0.94,true,structure,atlas taxonomy
atlas_atlas_microbiology_virology_immunology_antibodies_theoretical_foundations,atlas_microbiology_virology_immunology_antibodies,association,formalizes,0.82,true,association,atlas taxonomy
atlas_atlas_microbiology_virology_immunology_antibodies_methods_and_instruments,atlas_microbiology_virology_immunology_antibodies,association,method_for,0.82,true,association,atlas taxonomy
atlas_atlas_microbiology_virology_immunology_antibodies_open_questions,atlas_microbiology_virology_immunology_antibodies,association,investigates,0.72,true,association,atlas taxonomy
atlas_atlas_microbiology_virology_immunology_antibodies_applications_and_implications,atlas_microbiology_virology_immunology_antibodies,application,application_of,0.82,true,application,atlas taxonomy
atlas_microbiology_virology_immunology_t_cell_biology,immunology,structure,part_of,0.94,true,structure,atlas taxonomy
atlas_atlas_microbiology_virology_immunology_t_cell_biology_theoretical_foundations,atlas_microbiology_virology_immunology_t_cell_biology,association,formalizes,0.82,true,association,atlas taxonomy
atlas_atlas_microbiology_virology_immunology_t_cell_biology_methods_and_instruments,atlas_microbiology_virology_immunology_t_cell_biology,association,method_for,0.82,true,association,atlas taxonomy
atlas_atlas_microbiology_virology_immunology_t_cell_biology_open_questions,atlas_microbiology_virology_immunology_t_cell_biology,association,investigates,0.72,true,association,atlas taxonomy
atlas_atlas_microbiology_virology_immunology_t_cell_biology_applications_and_implications,atlas_microbiology_virology_immunology_t_cell_biology,application,application_of,0.82,true,application,atlas taxonomy
atlas_microbiology_virology_immunology_immune_tolerance,immunology,structure,part_of,0.94,true,structure,atlas taxonomy
atlas_atlas_microbiology_virology_immunology_immune_tolerance_theoretical_foundations,atlas_microbiology_virology_immunology_immune_tolerance,association,formalizes,0.82,true,association,atlas taxonomy
atlas_atlas_microbiology_virology_immunology_immune_tolerance_methods_and_instruments,atlas_microbiology_virology_immunology_immune_tolerance,association,method_for,0.82,true,association,atlas taxonomy
atlas_atlas_microbiology_virology_immunology_immune_tolerance_open_questions,atlas_microbiology_virology_immunology_immune_tolerance,association,investigates,0.72,true,association,atlas taxonomy
atlas_atlas_microbiology_virology_immunology_immune_tolerance_applications_and_implications,atlas_microbiology_virology_immunology_immune_tolerance,application,application_of,0.82,true,application,atlas taxonomy
atlas_microbiology_virology_immunology_innate_immunity,atlas_microbiology_virology_immunology_adaptive_immunity,interaction,related_to,0.62,false,interaction,atlas taxonomy
atlas_microbiology_virology_immunology_adaptive_immunity,atlas_microbiology_virology_immunology_antibodies,interaction,related_to,0.62,false,interaction,atlas taxonomy
atlas_microbiology_virology_immunology_antibodies,atlas_microbiology_virology_immunology_t_cell_biology,interaction,related_to,0.62,false,interaction,atlas taxonomy
atlas_microbiology_virology_immunology_t_cell_biology,atlas_microbiology_virology_immunology_immune_tolerance,interaction,related_to,0.62,false,interaction,atlas taxonomy
atlas_microbiology_virology_microbiomes,atlas_microbiology_virology_domain,structure,part_of,0.96,true,structure,atlas taxonomy
atlas_microbiology_virology_microbiomes_gut_microbiome,atlas_microbiology_virology_microbiomes,structure,part_of,0.94,true,structure,atlas taxonomy
atlas_atlas_microbiology_virology_microbiomes_gut_microbiome_theoretical_foundations,atlas_microbiology_virology_microbiomes_gut_microbiome,association,formalizes,0.82,true,association,atlas taxonomy
atlas_atlas_microbiology_virology_microbiomes_gut_microbiome_methods_and_instruments,atlas_microbiology_virology_microbiomes_gut_microbiome,association,method_for,0.82,true,association,atlas taxonomy
atlas_atlas_microbiology_virology_microbiomes_gut_microbiome_open_questions,atlas_microbiology_virology_microbiomes_gut_microbiome,association,investigates,0.72,true,association,atlas taxonomy
atlas_atlas_microbiology_virology_microbiomes_gut_microbiome_applications_and_implications,atlas_microbiology_virology_microbiomes_gut_microbiome,application,application_of,0.82,true,application,atlas taxonomy
atlas_microbiology_virology_microbiomes_soil_microbiome,atlas_microbiology_virology_microbiomes,structure,part_of,0.94,true,structure,atlas taxonomy
atlas_atlas_microbiology_virology_microbiomes_soil_microbiome_theoretical_foundations,atlas_microbiology_virology_microbiomes_soil_microbiome,association,formalizes,0.82,true,association,atlas taxonomy
atlas_atlas_microbiology_virology_microbiomes_soil_microbiome_methods_and_instruments,atlas_microbiology_virology_microbiomes_soil_microbiome,association,method_for,0.82,true,association,atlas taxonomy
atlas_atlas_microbiology_virology_microbiomes_soil_microbiome_open_questions,atlas_microbiology_virology_microbiomes_soil_microbiome,association,investigates,0.72,true,association,atlas taxonomy
atlas_atlas_microbiology_virology_microbiomes_soil_microbiome_applications_and_implications,atlas_microbiology_virology_microbiomes_soil_microbiome,application,application_of,0.82,true,application,atlas taxonomy
atlas_microbiology_virology_microbiomes_marine_microbiome,atlas_microbiology_virology_microbiomes,structure,part_of,0.94,true,structure,atlas taxonomy
atlas_atlas_microbiology_virology_microbiomes_marine_microbiome_theoretical_foundations,atlas_microbiology_virology_microbiomes_marine_microbiome,association,formalizes,0.82,true,association,atlas taxonomy
atlas_atlas_microbiology_virology_microbiomes_marine_microbiome_methods_and_instruments,atlas_microbiology_virology_microbiomes_marine_microbiome,association,method_for,0.82,true,association,atlas taxonomy
atlas_atlas_microbiology_virology_microbiomes_marine_microbiome_open_questions,atlas_microbiology_virology_microbiomes_marine_microbiome,association,investigates,0.72,true,association,atlas taxonomy
atlas_atlas_microbiology_virology_microbiomes_marine_microbiome_applications_and_implications,atlas_microbiology_virology_microbiomes_marine_microbiome,application,application_of,0.82,true,application,atlas taxonomy
atlas_microbiology_virology_microbiomes_microbial_ecology,atlas_microbiology_virology_microbiomes,structure,part_of,0.94,true,structure,atlas taxonomy
atlas_atlas_microbiology_virology_microbiomes_microbial_ecology_theoretical_foundations,atlas_microbiology_virology_microbiomes_microbial_ecology,association,formalizes,0.82,true,association,atlas taxonomy
atlas_atlas_microbiology_virology_microbiomes_microbial_ecology_methods_and_instruments,atlas_microbiology_virology_microbiomes_microbial_ecology,association,method_for,0.82,true,association,atlas taxonomy
atlas_atlas_microbiology_virology_microbiomes_microbial_ecology_open_questions,atlas_microbiology_virology_microbiomes_microbial_ecology,association,investigates,0.72,true,association,atlas taxonomy
atlas_atlas_microbiology_virology_microbiomes_microbial_ecology_applications_and_implications,atlas_microbiology_virology_microbiomes_microbial_ecology,application,application_of,0.82,true,application,atlas taxonomy
atlas_microbiology_virology_microbiomes_metagenomics,atlas_microbiology_virology_microbiomes,structure,part_of,0.94,true,structure,atlas taxonomy
atlas_atlas_microbiology_virology_microbiomes_metagenomics_theoretical_foundations,atlas_microbiology_virology_microbiomes_metagenomics,association,formalizes,0.82,true,association,atlas taxonomy
atlas_atlas_microbiology_virology_microbiomes_metagenomics_methods_and_instruments,atlas_microbiology_virology_microbiomes_metagenomics,association,method_for,0.82,true,association,atlas taxonomy
atlas_atlas_microbiology_virology_microbiomes_metagenomics_open_questions,atlas_microbiology_virology_microbiomes_metagenomics,association,investigates,0.72,true,association,atlas taxonomy
atlas_atlas_microbiology_virology_microbiomes_metagenomics_applications_and_implications,atlas_microbiology_virology_microbiomes_metagenomics,application,application_of,0.82,true,application,atlas taxonomy
atlas_microbiology_virology_microbiomes_gut_microbiome,atlas_microbiology_virology_microbiomes_soil_microbiome,interaction,related_to,0.62,false,interaction,atlas taxonomy
atlas_microbiology_virology_microbiomes_soil_microbiome,atlas_microbiology_virology_microbiomes_marine_microbiome,interaction,related_to,0.62,false,interaction,atlas taxonomy
atlas_microbiology_virology_microbiomes_marine_microbiome,atlas_microbiology_virology_microbiomes_microbial_ecology,interaction,related_to,0.62,false,interaction,atlas taxonomy
atlas_microbiology_virology_microbiomes_microbial_ecology,atlas_microbiology_virology_microbiomes_metagenomics,interaction,related_to,0.62,false,interaction,atlas taxonomy
atlas_microbiology_virology_bacteriology,virology,interaction,related_to,0.66,false,interaction,atlas taxonomy
virology,atlas_microbiology_virology_mycology_and_parasitology,interaction,related_to,0.66,false,interaction,atlas taxonomy
atlas_microbiology_virology_mycology_and_parasitology,immunology,interaction,related_to,0.66,false,interaction,atlas taxonomy
immunology,atlas_microbiology_virology_microbiomes,interaction,related_to,0.66,false,interaction,atlas taxonomy
atlas_neuroscience_cellular_neuroscience,atlas_neuroscience_domain,structure,part_of,0.96,true,structure,atlas taxonomy
atlas_neuroscience_cellular_neuroscience_neurons_and_glia,atlas_neuroscience_cellular_neuroscience,structure,part_of,0.94,true,structure,atlas taxonomy
atlas_atlas_neuroscience_cellular_neuroscience_neurons_and_glia_theoretical_foundations,atlas_neuroscience_cellular_neuroscience_neurons_and_glia,association,formalizes,0.82,true,association,atlas taxonomy
atlas_atlas_neuroscience_cellular_neuroscience_neurons_and_glia_methods_and_instruments,atlas_neuroscience_cellular_neuroscience_neurons_and_glia,association,method_for,0.82,true,association,atlas taxonomy
atlas_atlas_neuroscience_cellular_neuroscience_neurons_and_glia_open_questions,atlas_neuroscience_cellular_neuroscience_neurons_and_glia,association,investigates,0.72,true,association,atlas taxonomy
atlas_atlas_neuroscience_cellular_neuroscience_neurons_and_glia_applications_and_implications,atlas_neuroscience_cellular_neuroscience_neurons_and_glia,application,application_of,0.82,true,application,atlas taxonomy
atlas_neuroscience_cellular_neuroscience_action_potentials,atlas_neuroscience_cellular_neuroscience,structure,part_of,0.94,true,structure,atlas taxonomy
atlas_atlas_neuroscience_cellular_neuroscience_action_potentials_theoretical_foundations,atlas_neuroscience_cellular_neuroscience_action_potentials,association,formalizes,0.82,true,association,atlas taxonomy
atlas_atlas_neuroscience_cellular_neuroscience_action_potentials_methods_and_instruments,atlas_neuroscience_cellular_neuroscience_action_potentials,association,method_for,0.82,true,association,atlas taxonomy
atlas_atlas_neuroscience_cellular_neuroscience_action_potentials_open_questions,atlas_neuroscience_cellular_neuroscience_action_potentials,association,investigates,0.72,true,association,atlas taxonomy
atlas_atlas_neuroscience_cellular_neuroscience_action_potentials_applications_and_implications,atlas_neuroscience_cellular_neuroscience_action_potentials,application,application_of,0.82,true,application,atlas taxonomy
atlas_neuroscience_cellular_neuroscience_synaptic_transmission,atlas_neuroscience_cellular_neuroscience,structure,part_of,0.94,true,structure,atlas taxonomy
atlas_atlas_neuroscience_cellular_neuroscience_synaptic_transmission_theoretical_foundations,atlas_neuroscience_cellular_neuroscience_synaptic_transmission,association,formalizes,0.82,true,association,atlas taxonomy
atlas_atlas_neuroscience_cellular_neuroscience_synaptic_transmission_methods_and_instruments,atlas_neuroscience_cellular_neuroscience_synaptic_transmission,association,method_for,0.82,true,association,atlas taxonomy
atlas_atlas_neuroscience_cellular_neuroscience_synaptic_transmission_open_questions,atlas_neuroscience_cellular_neuroscience_synaptic_transmission,association,investigates,0.72,true,association,atlas taxonomy
atlas_atlas_neuroscience_cellular_neuroscience_synaptic_transmission_applications_and_implicatio,atlas_neuroscience_cellular_neuroscience_synaptic_transmission,application,application_of,0.82,true,application,atlas taxonomy
atlas_neuroscience_cellular_neuroscience_ion_channels,atlas_neuroscience_cellular_neuroscience,structure,part_of,0.94,true,structure,atlas taxonomy
atlas_atlas_neuroscience_cellular_neuroscience_ion_channels_theoretical_foundations,atlas_neuroscience_cellular_neuroscience_ion_channels,association,formalizes,0.82,true,association,atlas taxonomy
atlas_atlas_neuroscience_cellular_neuroscience_ion_channels_methods_and_instruments,atlas_neuroscience_cellular_neuroscience_ion_channels,association,method_for,0.82,true,association,atlas taxonomy
atlas_atlas_neuroscience_cellular_neuroscience_ion_channels_open_questions,atlas_neuroscience_cellular_neuroscience_ion_channels,association,investigates,0.72,true,association,atlas taxonomy
atlas_atlas_neuroscience_cellular_neuroscience_ion_channels_applications_and_implications,atlas_neuroscience_cellular_neuroscience_ion_channels,application,application_of,0.82,true,application,atlas taxonomy
atlas_neuroscience_cellular_neuroscience_neural_development,atlas_neuroscience_cellular_neuroscience,structure,part_of,0.94,true,structure,atlas taxonomy
atlas_atlas_neuroscience_cellular_neuroscience_neural_development_theoretical_foundations,atlas_neuroscience_cellular_neuroscience_neural_development,association,formalizes,0.82,true,association,atlas taxonomy
atlas_atlas_neuroscience_cellular_neuroscience_neural_development_methods_and_instruments,atlas_neuroscience_cellular_neuroscience_neural_development,association,method_for,0.82,true,association,atlas taxonomy
atlas_atlas_neuroscience_cellular_neuroscience_neural_development_open_questions,atlas_neuroscience_cellular_neuroscience_neural_development,association,investigates,0.72,true,association,atlas taxonomy
atlas_atlas_neuroscience_cellular_neuroscience_neural_development_applications_and_implications,atlas_neuroscience_cellular_neuroscience_neural_development,application,application_of,0.82,true,application,atlas taxonomy
atlas_neuroscience_cellular_neuroscience_neurons_and_glia,atlas_neuroscience_cellular_neuroscience_action_potentials,interaction,related_to,0.62,false,interaction,atlas taxonomy
atlas_neuroscience_cellular_neuroscience_action_potentials,atlas_neuroscience_cellular_neuroscience_synaptic_transmission,interaction,related_to,0.62,false,interaction,atlas taxonomy
atlas_neuroscience_cellular_neuroscience_synaptic_transmission,atlas_neuroscience_cellular_neuroscience_ion_channels,interaction,related_to,0.62,false,interaction,atlas taxonomy
atlas_neuroscience_cellular_neuroscience_ion_channels,atlas_neuroscience_cellular_neuroscience_neural_development,interaction,related_to,0.62,false,interaction,atlas taxonomy
atlas_neuroscience_systems_neuroscience,atlas_neuroscience_domain,structure,part_of,0.96,true,structure,atlas taxonomy
atlas_neuroscience_systems_neuroscience_sensory_systems,atlas_neuroscience_systems_neuroscience,structure,part_of,0.94,true,structure,atlas taxonomy
atlas_atlas_neuroscience_systems_neuroscience_sensory_systems_theoretical_foundations,atlas_neuroscience_systems_neuroscience_sensory_systems,association,formalizes,0.82,true,association,atlas taxonomy
atlas_atlas_neuroscience_systems_neuroscience_sensory_systems_methods_and_instruments,atlas_neuroscience_systems_neuroscience_sensory_systems,association,method_for,0.82,true,association,atlas taxonomy
atlas_atlas_neuroscience_systems_neuroscience_sensory_systems_open_questions,atlas_neuroscience_systems_neuroscience_sensory_systems,association,investigates,0.72,true,association,atlas taxonomy
atlas_atlas_neuroscience_systems_neuroscience_sensory_systems_applications_and_implications,atlas_neuroscience_systems_neuroscience_sensory_systems,application,application_of,0.82,true,application,atlas taxonomy
atlas_neuroscience_systems_neuroscience_motor_systems,atlas_neuroscience_systems_neuroscience,structure,part_of,0.94,true,structure,atlas taxonomy
atlas_atlas_neuroscience_systems_neuroscience_motor_systems_theoretical_foundations,atlas_neuroscience_systems_neuroscience_motor_systems,association,formalizes,0.82,true,association,atlas taxonomy
atlas_atlas_neuroscience_systems_neuroscience_motor_systems_methods_and_instruments,atlas_neuroscience_systems_neuroscience_motor_systems,association,method_for,0.82,true,association,atlas taxonomy
atlas_atlas_neuroscience_systems_neuroscience_motor_systems_open_questions,atlas_neuroscience_systems_neuroscience_motor_systems,association,investigates,0.72,true,association,atlas taxonomy
atlas_atlas_neuroscience_systems_neuroscience_motor_systems_applications_and_implications,atlas_neuroscience_systems_neuroscience_motor_systems,application,application_of,0.82,true,application,atlas taxonomy
atlas_neuroscience_systems_neuroscience_neural_circuits,atlas_neuroscience_systems_neuroscience,structure,part_of,0.94,true,structure,atlas taxonomy
atlas_atlas_neuroscience_systems_neuroscience_neural_circuits_theoretical_foundations,atlas_neuroscience_systems_neuroscience_neural_circuits,association,formalizes,0.82,true,association,atlas taxonomy
atlas_atlas_neuroscience_systems_neuroscience_neural_circuits_methods_and_instruments,atlas_neuroscience_systems_neuroscience_neural_circuits,association,method_for,0.82,true,association,atlas taxonomy
atlas_atlas_neuroscience_systems_neuroscience_neural_circuits_open_questions,atlas_neuroscience_systems_neuroscience_neural_circuits,association,investigates,0.72,true,association,atlas taxonomy
atlas_atlas_neuroscience_systems_neuroscience_neural_circuits_applications_and_implications,atlas_neuroscience_systems_neuroscience_neural_circuits,application,application_of,0.82,true,application,atlas taxonomy
atlas_neuroscience_systems_neuroscience_brain_rhythms,atlas_neuroscience_systems_neuroscience,structure,part_of,0.94,true,structure,atlas taxonomy
atlas_atlas_neuroscience_systems_neuroscience_brain_rhythms_theoretical_foundations,atlas_neuroscience_systems_neuroscience_brain_rhythms,association,formalizes,0.82,true,association,atlas taxonomy
atlas_atlas_neuroscience_systems_neuroscience_brain_rhythms_methods_and_instruments,atlas_neuroscience_systems_neuroscience_brain_rhythms,association,method_for,0.82,true,association,atlas taxonomy
atlas_atlas_neuroscience_systems_neuroscience_brain_rhythms_open_questions,atlas_neuroscience_systems_neuroscience_brain_rhythms,association,investigates,0.72,true,association,atlas taxonomy
atlas_atlas_neuroscience_systems_neuroscience_brain_rhythms_applications_and_implications,atlas_neuroscience_systems_neuroscience_brain_rhythms,application,application_of,0.82,true,application,atlas taxonomy
atlas_neuroscience_systems_neuroscience_connectomics,atlas_neuroscience_systems_neuroscience,structure,part_of,0.94,true,structure,atlas taxonomy
atlas_atlas_neuroscience_systems_neuroscience_connectomics_theoretical_foundations,atlas_neuroscience_systems_neuroscience_connectomics,association,formalizes,0.82,true,association,atlas taxonomy
atlas_atlas_neuroscience_systems_neuroscience_connectomics_methods_and_instruments,atlas_neuroscience_systems_neuroscience_connectomics,association,method_for,0.82,true,association,atlas taxonomy
atlas_atlas_neuroscience_systems_neuroscience_connectomics_open_questions,atlas_neuroscience_systems_neuroscience_connectomics,association,investigates,0.72,true,association,atlas taxonomy
atlas_atlas_neuroscience_systems_neuroscience_connectomics_applications_and_implications,atlas_neuroscience_systems_neuroscience_connectomics,application,application_of,0.82,true,application,atlas taxonomy
atlas_neuroscience_systems_neuroscience_sensory_systems,atlas_neuroscience_systems_neuroscience_motor_systems,interaction,related_to,0.62,false,interaction,atlas taxonomy
atlas_neuroscience_systems_neuroscience_motor_systems,atlas_neuroscience_systems_neuroscience_neural_circuits,interaction,related_to,0.62,false,interaction,atlas taxonomy
atlas_neuroscience_systems_neuroscience_neural_circuits,atlas_neuroscience_systems_neuroscience_brain_rhythms,interaction,related_to,0.62,false,interaction,atlas taxonomy
atlas_neuroscience_systems_neuroscience_brain_rhythms,atlas_neuroscience_systems_neuroscience_connectomics,interaction,related_to,0.62,false,interaction,atlas taxonomy
atlas_neuroscience_cognitive_neuroscience,atlas_neuroscience_domain,structure,part_of,0.96,true,structure,atlas taxonomy
memory,atlas_neuroscience_cognitive_neuroscience,structure,part_of,0.94,true,structure,atlas taxonomy
atlas_memory_theoretical_foundations,memory,association,formalizes,0.82,true,association,atlas taxonomy
atlas_memory_methods_and_instruments,memory,association,method_for,0.82,true,association,atlas taxonomy
atlas_memory_open_questions,memory,association,investigates,0.72,true,association,atlas taxonomy
atlas_memory_applications_and_implications,memory,application,application_of,0.82,true,application,atlas taxonomy
attention,atlas_neuroscience_cognitive_neuroscience,structure,part_of,0.94,true,structure,atlas taxonomy
atlas_attention_theoretical_foundations,attention,association,formalizes,0.82,true,association,atlas taxonomy
atlas_attention_methods_and_instruments,attention,association,method_for,0.82,true,association,atlas taxonomy
atlas_attention_open_questions,attention,association,investigates,0.72,true,association,atlas taxonomy
atlas_attention_applications_and_implications,attention,application,application_of,0.82,true,application,atlas taxonomy
atlas_neuroscience_cognitive_neuroscience_language_in_the_brain,atlas_neuroscience_cognitive_neuroscience,structure,part_of,0.94,true,structure,atlas taxonomy
atlas_atlas_neuroscience_cognitive_neuroscience_language_in_the_brain_theoretical_foundations,atlas_neuroscience_cognitive_neuroscience_language_in_the_brain,association,formalizes,0.82,true,association,atlas taxonomy
atlas_atlas_neuroscience_cognitive_neuroscience_language_in_the_brain_methods_and_instruments,atlas_neuroscience_cognitive_neuroscience_language_in_the_brain,association,method_for,0.82,true,association,atlas taxonomy
atlas_atlas_neuroscience_cognitive_neuroscience_language_in_the_brain_open_questions,atlas_neuroscience_cognitive_neuroscience_language_in_the_brain,association,investigates,0.72,true,association,atlas taxonomy
atlas_atlas_neuroscience_cognitive_neuroscience_language_in_the_brain_applications_and_implicati,atlas_neuroscience_cognitive_neuroscience_language_in_the_brain,application,application_of,0.82,true,application,atlas taxonomy
atlas_neuroscience_cognitive_neuroscience_decision_making,atlas_neuroscience_cognitive_neuroscience,structure,part_of,0.94,true,structure,atlas taxonomy
atlas_atlas_neuroscience_cognitive_neuroscience_decision_making_theoretical_foundations,atlas_neuroscience_cognitive_neuroscience_decision_making,association,formalizes,0.82,true,association,atlas taxonomy
atlas_atlas_neuroscience_cognitive_neuroscience_decision_making_methods_and_instruments,atlas_neuroscience_cognitive_neuroscience_decision_making,association,method_for,0.82,true,association,atlas taxonomy
atlas_atlas_neuroscience_cognitive_neuroscience_decision_making_open_questions,atlas_neuroscience_cognitive_neuroscience_decision_making,association,investigates,0.72,true,association,atlas taxonomy
atlas_atlas_neuroscience_cognitive_neuroscience_decision_making_applications_and_implications,atlas_neuroscience_cognitive_neuroscience_decision_making,application,application_of,0.82,true,application,atlas taxonomy
consciousness,atlas_neuroscience_cognitive_neuroscience,structure,part_of,0.94,true,structure,atlas taxonomy
atlas_consciousness_theoretical_foundations,consciousness,association,formalizes,0.82,true,association,atlas taxonomy
atlas_consciousness_methods_and_instruments,consciousness,association,method_for,0.82,true,association,atlas taxonomy
atlas_consciousness_open_questions,consciousness,association,investigates,0.72,true,association,atlas taxonomy
atlas_consciousness_applications_and_implications,consciousness,application,application_of,0.82,true,application,atlas taxonomy
attention,atlas_neuroscience_cognitive_neuroscience_language_in_the_brain,interaction,related_to,0.62,false,interaction,atlas taxonomy
atlas_neuroscience_cognitive_neuroscience_language_in_the_brain,atlas_neuroscience_cognitive_neuroscience_decision_making,interaction,related_to,0.62,false,interaction,atlas taxonomy
atlas_neuroscience_cognitive_neuroscience_decision_making,consciousness,interaction,related_to,0.62,false,interaction,atlas taxonomy
atlas_neuroscience_computational_neuroscience,atlas_neuroscience_domain,structure,part_of,0.96,true,structure,atlas taxonomy
neural_coding,atlas_neuroscience_computational_neuroscience,structure,part_of,0.94,true,structure,atlas taxonomy
atlas_neural_coding_theoretical_foundations,neural_coding,association,formalizes,0.82,true,association,atlas taxonomy
atlas_neural_coding_methods_and_instruments,neural_coding,association,method_for,0.82,true,association,atlas taxonomy
atlas_neural_coding_open_questions,neural_coding,association,investigates,0.72,true,association,atlas taxonomy
atlas_neural_coding_applications_and_implications,neural_coding,application,application_of,0.82,true,application,atlas taxonomy
atlas_neuroscience_computational_neuroscience_biophysical_neuron_models,atlas_neuroscience_computational_neuroscience,structure,part_of,0.94,true,structure,atlas taxonomy
atlas_atlas_neuroscience_computational_neuroscience_biophysical_neuron_models_theoretical_founda,atlas_neuroscience_computational_neuroscience_biophysical_neuron_models,association,formalizes,0.82,true,association,atlas taxonomy
atlas_atlas_neuroscience_computational_neuroscience_biophysical_neuron_models_methods_and_instru,atlas_neuroscience_computational_neuroscience_biophysical_neuron_models,association,method_for,0.82,true,association,atlas taxonomy
atlas_atlas_neuroscience_computational_neuroscience_biophysical_neuron_models_open_questions,atlas_neuroscience_computational_neuroscience_biophysical_neuron_models,association,investigates,0.72,true,association,atlas taxonomy
atlas_atlas_neuroscience_computational_neuroscience_biophysical_neuron_models_applications_and_i,atlas_neuroscience_computational_neuroscience_biophysical_neuron_models,application,application_of,0.82,true,application,atlas taxonomy
atlas_neuroscience_computational_neuroscience_population_dynamics,atlas_neuroscience_computational_neuroscience,structure,part_of,0.94,true,structure,atlas taxonomy
atlas_atlas_neuroscience_computational_neuroscience_population_dynamics_theoretical_foundations,atlas_neuroscience_computational_neuroscience_population_dynamics,association,formalizes,0.82,true,association,atlas taxonomy
atlas_atlas_neuroscience_computational_neuroscience_population_dynamics_methods_and_instruments,atlas_neuroscience_computational_neuroscience_population_dynamics,association,method_for,0.82,true,association,atlas taxonomy
atlas_atlas_neuroscience_computational_neuroscience_population_dynamics_open_questions,atlas_neuroscience_computational_neuroscience_population_dynamics,association,investigates,0.72,true,association,atlas taxonomy
atlas_atlas_neuroscience_computational_neuroscience_population_dynamics_applications_and_implica,atlas_neuroscience_computational_neuroscience_population_dynamics,application,application_of,0.82,true,application,atlas taxonomy
predictive_coding,atlas_neuroscience_computational_neuroscience,structure,part_of,0.94,true,structure,atlas taxonomy
atlas_predictive_coding_theoretical_foundations,predictive_coding,association,formalizes,0.82,true,association,atlas taxonomy
atlas_predictive_coding_methods_and_instruments,predictive_coding,association,method_for,0.82,true,association,atlas taxonomy
atlas_predictive_coding_open_questions,predictive_coding,association,investigates,0.72,true,association,atlas taxonomy
atlas_predictive_coding_applications_and_implications,predictive_coding,application,application_of,0.82,true,application,atlas taxonomy
atlas_neuroscience_computational_neuroscience_reinforcement_learning_in_brains,atlas_neuroscience_computational_neuroscience,structure,part_of,0.94,true,structure,atlas taxonomy
atlas_atlas_neuroscience_computational_neuroscience_reinforcement_learning_in_brains_theoretical,atlas_neuroscience_computational_neuroscience_reinforcement_learning_in_brains,association,formalizes,0.82,true,association,atlas taxonomy
atlas_atlas_neuroscience_computational_neuroscience_reinforcement_learning_in_brains_methods_and,atlas_neuroscience_computational_neuroscience_reinforcement_learning_in_brains,association,method_for,0.82,true,association,atlas taxonomy
atlas_atlas_neuroscience_computational_neuroscience_reinforcement_learning_in_brains_open_questi,atlas_neuroscience_computational_neuroscience_reinforcement_learning_in_brains,association,investigates,0.72,true,association,atlas taxonomy
atlas_atlas_neuroscience_computational_neuroscience_reinforcement_learning_in_brains_application,atlas_neuroscience_computational_neuroscience_reinforcement_learning_in_brains,application,application_of,0.82,true,application,atlas taxonomy
neural_coding,atlas_neuroscience_computational_neuroscience_biophysical_neuron_models,interaction,related_to,0.62,false,interaction,atlas taxonomy
atlas_neuroscience_computational_neuroscience_biophysical_neuron_models,atlas_neuroscience_computational_neuroscience_population_dynamics,interaction,related_to,0.62,false,interaction,atlas taxonomy
atlas_neuroscience_computational_neuroscience_population_dynamics,predictive_coding,interaction,related_to,0.62,false,interaction,atlas taxonomy
predictive_coding,atlas_neuroscience_computational_neuroscience_reinforcement_learning_in_brains,interaction,related_to,0.62,false,interaction,atlas taxonomy
atlas_neuroscience_clinical_neuroscience,atlas_neuroscience_domain,structure,part_of,0.96,true,structure,atlas taxonomy
neurodegeneration,atlas_neuroscience_clinical_neuroscience,structure,part_of,0.94,true,structure,atlas taxonomy
atlas_neurodegeneration_theoretical_foundations,neurodegeneration,association,formalizes,0.82,true,association,atlas taxonomy
atlas_neurodegeneration_methods_and_instruments,neurodegeneration,association,method_for,0.82,true,association,atlas taxonomy
atlas_neurodegeneration_open_questions,neurodegeneration,association,investigates,0.72,true,association,atlas taxonomy
atlas_neurodegeneration_applications_and_implications,neurodegeneration,application,application_of,0.82,true,application,atlas taxonomy
atlas_neuroscience_clinical_neuroscience_epilepsy,atlas_neuroscience_clinical_neuroscience,structure,part_of,0.94,true,structure,atlas taxonomy
atlas_atlas_neuroscience_clinical_neuroscience_epilepsy_theoretical_foundations,atlas_neuroscience_clinical_neuroscience_epilepsy,association,formalizes,0.82,true,association,atlas taxonomy
atlas_atlas_neuroscience_clinical_neuroscience_epilepsy_methods_and_instruments,atlas_neuroscience_clinical_neuroscience_epilepsy,association,method_for,0.82,true,association,atlas taxonomy
atlas_atlas_neuroscience_clinical_neuroscience_epilepsy_open_questions,atlas_neuroscience_clinical_neuroscience_epilepsy,association,investigates,0.72,true,association,atlas taxonomy
atlas_atlas_neuroscience_clinical_neuroscience_epilepsy_applications_and_implications,atlas_neuroscience_clinical_neuroscience_epilepsy,application,application_of,0.82,true,application,atlas taxonomy
atlas_neuroscience_clinical_neuroscience_psychiatric_neuroscience,atlas_neuroscience_clinical_neuroscience,structure,part_of,0.94,true,structure,atlas taxonomy
atlas_atlas_neuroscience_clinical_neuroscience_psychiatric_neuroscience_theoretical_foundations,atlas_neuroscience_clinical_neuroscience_psychiatric_neuroscience,association,formalizes,0.82,true,association,atlas taxonomy
atlas_atlas_neuroscience_clinical_neuroscience_psychiatric_neuroscience_methods_and_instruments,atlas_neuroscience_clinical_neuroscience_psychiatric_neuroscience,association,method_for,0.82,true,association,atlas taxonomy
atlas_atlas_neuroscience_clinical_neuroscience_psychiatric_neuroscience_open_questions,atlas_neuroscience_clinical_neuroscience_psychiatric_neuroscience,association,investigates,0.72,true,association,atlas taxonomy
atlas_atlas_neuroscience_clinical_neuroscience_psychiatric_neuroscience_applications_and_implica,atlas_neuroscience_clinical_neuroscience_psychiatric_neuroscience,application,application_of,0.82,true,application,atlas taxonomy
atlas_neuroscience_clinical_neuroscience_stroke,atlas_neuroscience_clinical_neuroscience,structure,part_of,0.94,true,structure,atlas taxonomy
atlas_atlas_neuroscience_clinical_neuroscience_stroke_theoretical_foundations,atlas_neuroscience_clinical_neuroscience_stroke,association,formalizes,0.82,true,association,atlas taxonomy
atlas_atlas_neuroscience_clinical_neuroscience_stroke_methods_and_instruments,atlas_neuroscience_clinical_neuroscience_stroke,association,method_for,0.82,true,association,atlas taxonomy
atlas_atlas_neuroscience_clinical_neuroscience_stroke_open_questions,atlas_neuroscience_clinical_neuroscience_stroke,association,investigates,0.72,true,association,atlas taxonomy
atlas_atlas_neuroscience_clinical_neuroscience_stroke_applications_and_implications,atlas_neuroscience_clinical_neuroscience_stroke,application,application_of,0.82,true,application,atlas taxonomy
atlas_neuroscience_clinical_neuroscience_neurorehabilitation,atlas_neuroscience_clinical_neuroscience,structure,part_of,0.94,true,structure,atlas taxonomy
atlas_atlas_neuroscience_clinical_neuroscience_neurorehabilitation_theoretical_foundations,atlas_neuroscience_clinical_neuroscience_neurorehabilitation,association,formalizes,0.82,true,association,atlas taxonomy
atlas_atlas_neuroscience_clinical_neuroscience_neurorehabilitation_methods_and_instruments,atlas_neuroscience_clinical_neuroscience_neurorehabilitation,association,method_for,0.82,true,association,atlas taxonomy
atlas_atlas_neuroscience_clinical_neuroscience_neurorehabilitation_open_questions,atlas_neuroscience_clinical_neuroscience_neurorehabilitation,association,investigates,0.72,true,association,atlas taxonomy
atlas_atlas_neuroscience_clinical_neuroscience_neurorehabilitation_applications_and_implications,atlas_neuroscience_clinical_neuroscience_neurorehabilitation,application,application_of,0.82,true,application,atlas taxonomy
neurodegeneration,atlas_neuroscience_clinical_neuroscience_epilepsy,interaction,related_to,0.62,false,interaction,atlas taxonomy
atlas_neuroscience_clinical_neuroscience_epilepsy,atlas_neuroscience_clinical_neuroscience_psychiatric_neuroscience,interaction,related_to,0.62,false,interaction,atlas taxonomy
atlas_neuroscience_clinical_neuroscience_psychiatric_neuroscience,atlas_neuroscience_clinical_neuroscience_stroke,interaction,related_to,0.62,false,interaction,atlas taxonomy
atlas_neuroscience_clinical_neuroscience_stroke,atlas_neuroscience_clinical_neuroscience_neurorehabilitation,interaction,related_to,0.62,false,interaction,atlas taxonomy
atlas_neuroscience_cellular_neuroscience,atlas_neuroscience_systems_neuroscience,interaction,related_to,0.66,false,interaction,atlas taxonomy
atlas_neuroscience_systems_neuroscience,atlas_neuroscience_cognitive_neuroscience,interaction,related_to,0.66,false,interaction,atlas taxonomy
atlas_neuroscience_cognitive_neuroscience,atlas_neuroscience_computational_neuroscience,interaction,related_to,0.66,false,interaction,atlas taxonomy
atlas_neuroscience_computational_neuroscience,atlas_neuroscience_clinical_neuroscience,interaction,related_to,0.66,false,interaction,atlas taxonomy
atlas_cognitive_behavioral_cognitive_psychology,atlas_cognitive_behavioral_domain,structure,part_of,0.96,true,structure,atlas taxonomy
atlas_cognitive_behavioral_cognitive_psychology_perception,atlas_cognitive_behavioral_cognitive_psychology,structure,part_of,0.94,true,structure,atlas taxonomy
atlas_atlas_cognitive_behavioral_cognitive_psychology_perception_theoretical_foundations,atlas_cognitive_behavioral_cognitive_psychology_perception,association,formalizes,0.82,true,association,atlas taxonomy
atlas_atlas_cognitive_behavioral_cognitive_psychology_perception_methods_and_instruments,atlas_cognitive_behavioral_cognitive_psychology_perception,association,method_for,0.82,true,association,atlas taxonomy
atlas_atlas_cognitive_behavioral_cognitive_psychology_perception_open_questions,atlas_cognitive_behavioral_cognitive_psychology_perception,association,investigates,0.72,true,association,atlas taxonomy
atlas_atlas_cognitive_behavioral_cognitive_psychology_perception_applications_and_implications,atlas_cognitive_behavioral_cognitive_psychology_perception,application,application_of,0.82,true,application,atlas taxonomy
atlas_cognitive_behavioral_cognitive_psychology_working_memory,atlas_cognitive_behavioral_cognitive_psychology,structure,part_of,0.94,true,structure,atlas taxonomy
atlas_atlas_cognitive_behavioral_cognitive_psychology_working_memory_theoretical_foundations,atlas_cognitive_behavioral_cognitive_psychology_working_memory,association,formalizes,0.82,true,association,atlas taxonomy
atlas_atlas_cognitive_behavioral_cognitive_psychology_working_memory_methods_and_instruments,atlas_cognitive_behavioral_cognitive_psychology_working_memory,association,method_for,0.82,true,association,atlas taxonomy
atlas_atlas_cognitive_behavioral_cognitive_psychology_working_memory_open_questions,atlas_cognitive_behavioral_cognitive_psychology_working_memory,association,investigates,0.72,true,association,atlas taxonomy
atlas_atlas_cognitive_behavioral_cognitive_psychology_working_memory_applications_and_implicatio,atlas_cognitive_behavioral_cognitive_psychology_working_memory,application,application_of,0.82,true,application,atlas taxonomy
atlas_cognitive_behavioral_cognitive_psychology_reasoning,atlas_cognitive_behavioral_cognitive_psychology,structure,part_of,0.94,true,structure,atlas taxonomy
atlas_atlas_cognitive_behavioral_cognitive_psychology_reasoning_theoretical_foundations,atlas_cognitive_behavioral_cognitive_psychology_reasoning,association,formalizes,0.82,true,association,atlas taxonomy
atlas_atlas_cognitive_behavioral_cognitive_psychology_reasoning_methods_and_instruments,atlas_cognitive_behavioral_cognitive_psychology_reasoning,association,method_for,0.82,true,association,atlas taxonomy
atlas_atlas_cognitive_behavioral_cognitive_psychology_reasoning_open_questions,atlas_cognitive_behavioral_cognitive_psychology_reasoning,association,investigates,0.72,true,association,atlas taxonomy
atlas_atlas_cognitive_behavioral_cognitive_psychology_reasoning_applications_and_implications,atlas_cognitive_behavioral_cognitive_psychology_reasoning,application,application_of,0.82,true,application,atlas taxonomy
atlas_cognitive_behavioral_cognitive_psychology_learning,atlas_cognitive_behavioral_cognitive_psychology,structure,part_of,0.94,true,structure,atlas taxonomy
atlas_atlas_cognitive_behavioral_cognitive_psychology_learning_theoretical_foundations,atlas_cognitive_behavioral_cognitive_psychology_learning,association,formalizes,0.82,true,association,atlas taxonomy
atlas_atlas_cognitive_behavioral_cognitive_psychology_learning_methods_and_instruments,atlas_cognitive_behavioral_cognitive_psychology_learning,association,method_for,0.82,true,association,atlas taxonomy
atlas_atlas_cognitive_behavioral_cognitive_psychology_learning_open_questions,atlas_cognitive_behavioral_cognitive_psychology_learning,association,investigates,0.72,true,association,atlas taxonomy
atlas_atlas_cognitive_behavioral_cognitive_psychology_learning_applications_and_implications,atlas_cognitive_behavioral_cognitive_psychology_learning,application,application_of,0.82,true,application,atlas taxonomy
atlas_cognitive_behavioral_cognitive_psychology_cognitive_control,atlas_cognitive_behavioral_cognitive_psychology,structure,part_of,0.94,true,structure,atlas taxonomy
atlas_atlas_cognitive_behavioral_cognitive_psychology_cognitive_control_theoretical_foundations,atlas_cognitive_behavioral_cognitive_psychology_cognitive_control,association,formalizes,0.82,true,association,atlas taxonomy
atlas_atlas_cognitive_behavioral_cognitive_psychology_cognitive_control_methods_and_instruments,atlas_cognitive_behavioral_cognitive_psychology_cognitive_control,association,method_for,0.82,true,association,atlas taxonomy
atlas_atlas_cognitive_behavioral_cognitive_psychology_cognitive_control_open_questions,atlas_cognitive_behavioral_cognitive_psychology_cognitive_control,association,investigates,0.72,true,association,atlas taxonomy
atlas_atlas_cognitive_behavioral_cognitive_psychology_cognitive_control_applications_and_implica,atlas_cognitive_behavioral_cognitive_psychology_cognitive_control,application,application_of,0.82,true,application,atlas taxonomy
atlas_cognitive_behavioral_cognitive_psychology_perception,atlas_cognitive_behavioral_cognitive_psychology_working_memory,interaction,related_to,0.62,false,interaction,atlas taxonomy
atlas_cognitive_behavioral_cognitive_psychology_working_memory,atlas_cognitive_behavioral_cognitive_psychology_reasoning,interaction,related_to,0.62,false,interaction,atlas taxonomy
atlas_cognitive_behavioral_cognitive_psychology_reasoning,atlas_cognitive_behavioral_cognitive_psychology_learning,interaction,related_to,0.62,false,interaction,atlas taxonomy
atlas_cognitive_behavioral_cognitive_psychology_learning,atlas_cognitive_behavioral_cognitive_psychology_cognitive_control,interaction,related_to,0.62,false,interaction,atlas taxonomy
atlas_cognitive_behavioral_behavioral_science,atlas_cognitive_behavioral_domain,structure,part_of,0.96,true,structure,atlas taxonomy
atlas_cognitive_behavioral_behavioral_science_motivation,atlas_cognitive_behavioral_behavioral_science,structure,part_of,0.94,true,structure,atlas taxonomy
atlas_atlas_cognitive_behavioral_behavioral_science_motivation_theoretical_foundations,atlas_cognitive_behavioral_behavioral_science_motivation,association,formalizes,0.82,true,association,atlas taxonomy
atlas_atlas_cognitive_behavioral_behavioral_science_motivation_methods_and_instruments,atlas_cognitive_behavioral_behavioral_science_motivation,association,method_for,0.82,true,association,atlas taxonomy
atlas_atlas_cognitive_behavioral_behavioral_science_motivation_open_questions,atlas_cognitive_behavioral_behavioral_science_motivation,association,investigates,0.72,true,association,atlas taxonomy
atlas_atlas_cognitive_behavioral_behavioral_science_motivation_applications_and_implications,atlas_cognitive_behavioral_behavioral_science_motivation,application,application_of,0.82,true,application,atlas taxonomy
atlas_cognitive_behavioral_behavioral_science_emotion,atlas_cognitive_behavioral_behavioral_science,structure,part_of,0.94,true,structure,atlas taxonomy
atlas_atlas_cognitive_behavioral_behavioral_science_emotion_theoretical_foundations,atlas_cognitive_behavioral_behavioral_science_emotion,association,formalizes,0.82,true,association,atlas taxonomy
atlas_atlas_cognitive_behavioral_behavioral_science_emotion_methods_and_instruments,atlas_cognitive_behavioral_behavioral_science_emotion,association,method_for,0.82,true,association,atlas taxonomy
atlas_atlas_cognitive_behavioral_behavioral_science_emotion_open_questions,atlas_cognitive_behavioral_behavioral_science_emotion,association,investigates,0.72,true,association,atlas taxonomy
atlas_atlas_cognitive_behavioral_behavioral_science_emotion_applications_and_implications,atlas_cognitive_behavioral_behavioral_science_emotion,application,application_of,0.82,true,application,atlas taxonomy
atlas_cognitive_behavioral_behavioral_science_social_cognition,atlas_cognitive_behavioral_behavioral_science,structure,part_of,0.94,true,structure,atlas taxonomy
atlas_atlas_cognitive_behavioral_behavioral_science_social_cognition_theoretical_foundations,atlas_cognitive_behavioral_behavioral_science_social_cognition,association,formalizes,0.82,true,association,atlas taxonomy
atlas_atlas_cognitive_behavioral_behavioral_science_social_cognition_methods_and_instruments,atlas_cognitive_behavioral_behavioral_science_social_cognition,association,method_for,0.82,true,association,atlas taxonomy
atlas_atlas_cognitive_behavioral_behavioral_science_social_cognition_open_questions,atlas_cognitive_behavioral_behavioral_science_social_cognition,association,investigates,0.72,true,association,atlas taxonomy
atlas_atlas_cognitive_behavioral_behavioral_science_social_cognition_applications_and_implicatio,atlas_cognitive_behavioral_behavioral_science_social_cognition,application,application_of,0.82,true,application,atlas taxonomy
atlas_cognitive_behavioral_behavioral_science_behavioral_decision_making,atlas_cognitive_behavioral_behavioral_science,structure,part_of,0.94,true,structure,atlas taxonomy
atlas_atlas_cognitive_behavioral_behavioral_science_behavioral_decision_making_theoretical_found,atlas_cognitive_behavioral_behavioral_science_behavioral_decision_making,association,formalizes,0.82,true,association,atlas taxonomy
atlas_atlas_cognitive_behavioral_behavioral_science_behavioral_decision_making_methods_and_instr,atlas_cognitive_behavioral_behavioral_science_behavioral_decision_making,association,method_for,0.82,true,association,atlas taxonomy
atlas_atlas_cognitive_behavioral_behavioral_science_behavioral_decision_making_open_questions,atlas_cognitive_behavioral_behavioral_science_behavioral_decision_making,association,investigates,0.72,true,association,atlas taxonomy
atlas_atlas_cognitive_behavioral_behavioral_science_behavioral_decision_making_applications_and_,atlas_cognitive_behavioral_behavioral_science_behavioral_decision_making,application,application_of,0.82,true,application,atlas taxonomy
atlas_cognitive_behavioral_behavioral_science_individual_differences,atlas_cognitive_behavioral_behavioral_science,structure,part_of,0.94,true,structure,atlas taxonomy
atlas_atlas_cognitive_behavioral_behavioral_science_individual_differences_theoretical_foundatio,atlas_cognitive_behavioral_behavioral_science_individual_differences,association,formalizes,0.82,true,association,atlas taxonomy
atlas_atlas_cognitive_behavioral_behavioral_science_individual_differences_methods_and_instrumen,atlas_cognitive_behavioral_behavioral_science_individual_differences,association,method_for,0.82,true,association,atlas taxonomy
atlas_atlas_cognitive_behavioral_behavioral_science_individual_differences_open_questions,atlas_cognitive_behavioral_behavioral_science_individual_differences,association,investigates,0.72,true,association,atlas taxonomy
atlas_atlas_cognitive_behavioral_behavioral_science_individual_differences_applications_and_impl,atlas_cognitive_behavioral_behavioral_science_individual_differences,application,application_of,0.82,true,application,atlas taxonomy
atlas_cognitive_behavioral_behavioral_science_motivation,atlas_cognitive_behavioral_behavioral_science_emotion,interaction,related_to,0.62,false,interaction,atlas taxonomy
atlas_cognitive_behavioral_behavioral_science_emotion,atlas_cognitive_behavioral_behavioral_science_social_cognition,interaction,related_to,0.62,false,interaction,atlas taxonomy
atlas_cognitive_behavioral_behavioral_science_social_cognition,atlas_cognitive_behavioral_behavioral_science_behavioral_decision_making,interaction,related_to,0.62,false,interaction,atlas taxonomy
atlas_cognitive_behavioral_behavioral_science_behavioral_decision_making,atlas_cognitive_behavioral_behavioral_science_individual_differences,interaction,related_to,0.62,false,interaction,atlas taxonomy
atlas_cognitive_behavioral_language_and_cognition,atlas_cognitive_behavioral_domain,structure,part_of,0.96,true,structure,atlas taxonomy
atlas_cognitive_behavioral_language_and_cognition_psycholinguistics,atlas_cognitive_behavioral_language_and_cognition,structure,part_of,0.94,true,structure,atlas taxonomy
atlas_atlas_cognitive_behavioral_language_and_cognition_psycholinguistics_theoretical_foundation,atlas_cognitive_behavioral_language_and_cognition_psycholinguistics,association,formalizes,0.82,true,association,atlas taxonomy
atlas_atlas_cognitive_behavioral_language_and_cognition_psycholinguistics_methods_and_instrument,atlas_cognitive_behavioral_language_and_cognition_psycholinguistics,association,method_for,0.82,true,association,atlas taxonomy
atlas_atlas_cognitive_behavioral_language_and_cognition_psycholinguistics_open_questions,atlas_cognitive_behavioral_language_and_cognition_psycholinguistics,association,investigates,0.72,true,association,atlas taxonomy
atlas_atlas_cognitive_behavioral_language_and_cognition_psycholinguistics_applications_and_impli,atlas_cognitive_behavioral_language_and_cognition_psycholinguistics,application,application_of,0.82,true,application,atlas taxonomy
atlas_cognitive_behavioral_language_and_cognition_language_acquisition,atlas_cognitive_behavioral_language_and_cognition,structure,part_of,0.94,true,structure,atlas taxonomy
atlas_atlas_cognitive_behavioral_language_and_cognition_language_acquisition_theoretical_foundat,atlas_cognitive_behavioral_language_and_cognition_language_acquisition,association,formalizes,0.82,true,association,atlas taxonomy
atlas_atlas_cognitive_behavioral_language_and_cognition_language_acquisition_methods_and_instrum,atlas_cognitive_behavioral_language_and_cognition_language_acquisition,association,method_for,0.82,true,association,atlas taxonomy
atlas_atlas_cognitive_behavioral_language_and_cognition_language_acquisition_open_questions,atlas_cognitive_behavioral_language_and_cognition_language_acquisition,association,investigates,0.72,true,association,atlas taxonomy
atlas_atlas_cognitive_behavioral_language_and_cognition_language_acquisition_applications_and_im,atlas_cognitive_behavioral_language_and_cognition_language_acquisition,application,application_of,0.82,true,application,atlas taxonomy
atlas_cognitive_behavioral_language_and_cognition_semantic_memory,atlas_cognitive_behavioral_language_and_cognition,structure,part_of,0.94,true,structure,atlas taxonomy
atlas_atlas_cognitive_behavioral_language_and_cognition_semantic_memory_theoretical_foundations,atlas_cognitive_behavioral_language_and_cognition_semantic_memory,association,formalizes,0.82,true,association,atlas taxonomy
atlas_atlas_cognitive_behavioral_language_and_cognition_semantic_memory_methods_and_instruments,atlas_cognitive_behavioral_language_and_cognition_semantic_memory,association,method_for,0.82,true,association,atlas taxonomy
atlas_atlas_cognitive_behavioral_language_and_cognition_semantic_memory_open_questions,atlas_cognitive_behavioral_language_and_cognition_semantic_memory,association,investigates,0.72,true,association,atlas taxonomy
atlas_atlas_cognitive_behavioral_language_and_cognition_semantic_memory_applications_and_implica,atlas_cognitive_behavioral_language_and_cognition_semantic_memory,application,application_of,0.82,true,application,atlas taxonomy
atlas_cognitive_behavioral_language_and_cognition_bilingual_cognition,atlas_cognitive_behavioral_language_and_cognition,structure,part_of,0.94,true,structure,atlas taxonomy
atlas_atlas_cognitive_behavioral_language_and_cognition_bilingual_cognition_theoretical_foundati,atlas_cognitive_behavioral_language_and_cognition_bilingual_cognition,association,formalizes,0.82,true,association,atlas taxonomy
atlas_atlas_cognitive_behavioral_language_and_cognition_bilingual_cognition_methods_and_instrume,atlas_cognitive_behavioral_language_and_cognition_bilingual_cognition,association,method_for,0.82,true,association,atlas taxonomy
atlas_atlas_cognitive_behavioral_language_and_cognition_bilingual_cognition_open_questions,atlas_cognitive_behavioral_language_and_cognition_bilingual_cognition,association,investigates,0.72,true,association,atlas taxonomy
atlas_atlas_cognitive_behavioral_language_and_cognition_bilingual_cognition_applications_and_imp,atlas_cognitive_behavioral_language_and_cognition_bilingual_cognition,application,application_of,0.82,true,application,atlas taxonomy
atlas_cognitive_behavioral_language_and_cognition_language_evolution,atlas_cognitive_behavioral_language_and_cognition,structure,part_of,0.94,true,structure,atlas taxonomy
atlas_atlas_cognitive_behavioral_language_and_cognition_language_evolution_theoretical_foundatio,atlas_cognitive_behavioral_language_and_cognition_language_evolution,association,formalizes,0.82,true,association,atlas taxonomy
atlas_atlas_cognitive_behavioral_language_and_cognition_language_evolution_methods_and_instrumen,atlas_cognitive_behavioral_language_and_cognition_language_evolution,association,method_for,0.82,true,association,atlas taxonomy
atlas_atlas_cognitive_behavioral_language_and_cognition_language_evolution_open_questions,atlas_cognitive_behavioral_language_and_cognition_language_evolution,association,investigates,0.72,true,association,atlas taxonomy
atlas_atlas_cognitive_behavioral_language_and_cognition_language_evolution_applications_and_impl,atlas_cognitive_behavioral_language_and_cognition_language_evolution,application,application_of,0.82,true,application,atlas taxonomy
atlas_cognitive_behavioral_language_and_cognition_psycholinguistics,atlas_cognitive_behavioral_language_and_cognition_language_acquisition,interaction,related_to,0.62,false,interaction,atlas taxonomy
atlas_cognitive_behavioral_language_and_cognition_language_acquisition,atlas_cognitive_behavioral_language_and_cognition_semantic_memory,interaction,related_to,0.62,false,interaction,atlas taxonomy
atlas_cognitive_behavioral_language_and_cognition_semantic_memory,atlas_cognitive_behavioral_language_and_cognition_bilingual_cognition,interaction,related_to,0.62,false,interaction,atlas taxonomy
atlas_cognitive_behavioral_language_and_cognition_bilingual_cognition,atlas_cognitive_behavioral_language_and_cognition_language_evolution,interaction,related_to,0.62,false,interaction,atlas taxonomy
atlas_cognitive_behavioral_consciousness_studies,atlas_cognitive_behavioral_domain,structure,part_of,0.96,true,structure,atlas taxonomy
atlas_cognitive_behavioral_consciousness_studies_awareness,atlas_cognitive_behavioral_consciousness_studies,structure,part_of,0.94,true,structure,atlas taxonomy
atlas_atlas_cognitive_behavioral_consciousness_studies_awareness_theoretical_foundations,atlas_cognitive_behavioral_consciousness_studies_awareness,association,formalizes,0.82,true,association,atlas taxonomy
atlas_atlas_cognitive_behavioral_consciousness_studies_awareness_methods_and_instruments,atlas_cognitive_behavioral_consciousness_studies_awareness,association,method_for,0.82,true,association,atlas taxonomy
atlas_atlas_cognitive_behavioral_consciousness_studies_awareness_open_questions,atlas_cognitive_behavioral_consciousness_studies_awareness,association,investigates,0.72,true,association,atlas taxonomy
atlas_atlas_cognitive_behavioral_consciousness_studies_awareness_applications_and_implications,atlas_cognitive_behavioral_consciousness_studies_awareness,application,application_of,0.82,true,application,atlas taxonomy
atlas_cognitive_behavioral_consciousness_studies_metacognition,atlas_cognitive_behavioral_consciousness_studies,structure,part_of,0.94,true,structure,atlas taxonomy
atlas_atlas_cognitive_behavioral_consciousness_studies_metacognition_theoretical_foundations,atlas_cognitive_behavioral_consciousness_studies_metacognition,association,formalizes,0.82,true,association,atlas taxonomy
atlas_atlas_cognitive_behavioral_consciousness_studies_metacognition_methods_and_instruments,atlas_cognitive_behavioral_consciousness_studies_metacognition,association,method_for,0.82,true,association,atlas taxonomy
atlas_atlas_cognitive_behavioral_consciousness_studies_metacognition_open_questions,atlas_cognitive_behavioral_consciousness_studies_metacognition,association,investigates,0.72,true,association,atlas taxonomy
atlas_atlas_cognitive_behavioral_consciousness_studies_metacognition_applications_and_implicatio,atlas_cognitive_behavioral_consciousness_studies_metacognition,application,application_of,0.82,true,application,atlas taxonomy
atlas_cognitive_behavioral_consciousness_studies_sleep_and_dreaming,atlas_cognitive_behavioral_consciousness_studies,structure,part_of,0.94,true,structure,atlas taxonomy
atlas_atlas_cognitive_behavioral_consciousness_studies_sleep_and_dreaming_theoretical_foundation,atlas_cognitive_behavioral_consciousness_studies_sleep_and_dreaming,association,formalizes,0.82,true,association,atlas taxonomy
atlas_atlas_cognitive_behavioral_consciousness_studies_sleep_and_dreaming_methods_and_instrument,atlas_cognitive_behavioral_consciousness_studies_sleep_and_dreaming,association,method_for,0.82,true,association,atlas taxonomy
atlas_atlas_cognitive_behavioral_consciousness_studies_sleep_and_dreaming_open_questions,atlas_cognitive_behavioral_consciousness_studies_sleep_and_dreaming,association,investigates,0.72,true,association,atlas taxonomy
atlas_atlas_cognitive_behavioral_consciousness_studies_sleep_and_dreaming_applications_and_impli,atlas_cognitive_behavioral_consciousness_studies_sleep_and_dreaming,application,application_of,0.82,true,application,atlas taxonomy
atlas_cognitive_behavioral_consciousness_studies_altered_states,atlas_cognitive_behavioral_consciousness_studies,structure,part_of,0.94,true,structure,atlas taxonomy
atlas_atlas_cognitive_behavioral_consciousness_studies_altered_states_theoretical_foundations,atlas_cognitive_behavioral_consciousness_studies_altered_states,association,formalizes,0.82,true,association,atlas taxonomy
atlas_atlas_cognitive_behavioral_consciousness_studies_altered_states_methods_and_instruments,atlas_cognitive_behavioral_consciousness_studies_altered_states,association,method_for,0.82,true,association,atlas taxonomy
atlas_atlas_cognitive_behavioral_consciousness_studies_altered_states_open_questions,atlas_cognitive_behavioral_consciousness_studies_altered_states,association,investigates,0.72,true,association,atlas taxonomy
atlas_atlas_cognitive_behavioral_consciousness_studies_altered_states_applications_and_implicati,atlas_cognitive_behavioral_consciousness_studies_altered_states,application,application_of,0.82,true,application,atlas taxonomy
atlas_cognitive_behavioral_consciousness_studies_self_representation,atlas_cognitive_behavioral_consciousness_studies,structure,part_of,0.94,true,structure,atlas taxonomy
atlas_atlas_cognitive_behavioral_consciousness_studies_self_representation_theoretical_foundatio,atlas_cognitive_behavioral_consciousness_studies_self_representation,association,formalizes,0.82,true,association,atlas taxonomy
atlas_atlas_cognitive_behavioral_consciousness_studies_self_representation_methods_and_instrumen,atlas_cognitive_behavioral_consciousness_studies_self_representation,association,method_for,0.82,true,association,atlas taxonomy
atlas_atlas_cognitive_behavioral_consciousness_studies_self_representation_open_questions,atlas_cognitive_behavioral_consciousness_studies_self_representation,association,investigates,0.72,true,association,atlas taxonomy
atlas_atlas_cognitive_behavioral_consciousness_studies_self_representation_applications_and_impl,atlas_cognitive_behavioral_consciousness_studies_self_representation,application,application_of,0.82,true,application,atlas taxonomy
atlas_cognitive_behavioral_consciousness_studies_awareness,atlas_cognitive_behavioral_consciousness_studies_metacognition,interaction,related_to,0.62,false,interaction,atlas taxonomy
atlas_cognitive_behavioral_consciousness_studies_metacognition,atlas_cognitive_behavioral_consciousness_studies_sleep_and_dreaming,interaction,related_to,0.62,false,interaction,atlas taxonomy
atlas_cognitive_behavioral_consciousness_studies_sleep_and_dreaming,atlas_cognitive_behavioral_consciousness_studies_altered_states,interaction,related_to,0.62,false,interaction,atlas taxonomy
atlas_cognitive_behavioral_consciousness_studies_altered_states,atlas_cognitive_behavioral_consciousness_studies_self_representation,interaction,related_to,0.62,false,interaction,atlas taxonomy
atlas_cognitive_behavioral_quantitative_psychology,atlas_cognitive_behavioral_domain,structure,part_of,0.96,true,structure,atlas taxonomy
atlas_cognitive_behavioral_quantitative_psychology_psychometrics,atlas_cognitive_behavioral_quantitative_psychology,structure,part_of,0.94,true,structure,atlas taxonomy
atlas_atlas_cognitive_behavioral_quantitative_psychology_psychometrics_theoretical_foundations,atlas_cognitive_behavioral_quantitative_psychology_psychometrics,association,formalizes,0.82,true,association,atlas taxonomy
atlas_atlas_cognitive_behavioral_quantitative_psychology_psychometrics_methods_and_instruments,atlas_cognitive_behavioral_quantitative_psychology_psychometrics,association,method_for,0.82,true,association,atlas taxonomy
atlas_atlas_cognitive_behavioral_quantitative_psychology_psychometrics_open_questions,atlas_cognitive_behavioral_quantitative_psychology_psychometrics,association,investigates,0.72,true,association,atlas taxonomy
atlas_atlas_cognitive_behavioral_quantitative_psychology_psychometrics_applications_and_implicat,atlas_cognitive_behavioral_quantitative_psychology_psychometrics,application,application_of,0.82,true,application,atlas taxonomy
atlas_cognitive_behavioral_quantitative_psychology_latent_variable_models,atlas_cognitive_behavioral_quantitative_psychology,structure,part_of,0.94,true,structure,atlas taxonomy
atlas_atlas_cognitive_behavioral_quantitative_psychology_latent_variable_models_theoretical_foun,atlas_cognitive_behavioral_quantitative_psychology_latent_variable_models,association,formalizes,0.82,true,association,atlas taxonomy
atlas_atlas_cognitive_behavioral_quantitative_psychology_latent_variable_models_methods_and_inst,atlas_cognitive_behavioral_quantitative_psychology_latent_variable_models,association,method_for,0.82,true,association,atlas taxonomy
atlas_atlas_cognitive_behavioral_quantitative_psychology_latent_variable_models_open_questions,atlas_cognitive_behavioral_quantitative_psychology_latent_variable_models,association,investigates,0.72,true,association,atlas taxonomy
atlas_atlas_cognitive_behavioral_quantitative_psychology_latent_variable_models_applications_and,atlas_cognitive_behavioral_quantitative_psychology_latent_variable_models,application,application_of,0.82,true,application,atlas taxonomy
atlas_cognitive_behavioral_quantitative_psychology_experimental_design,atlas_cognitive_behavioral_quantitative_psychology,structure,part_of,0.94,true,structure,atlas taxonomy
atlas_atlas_cognitive_behavioral_quantitative_psychology_experimental_design_theoretical_foundat,atlas_cognitive_behavioral_quantitative_psychology_experimental_design,association,formalizes,0.82,true,association,atlas taxonomy
atlas_atlas_cognitive_behavioral_quantitative_psychology_experimental_design_methods_and_instrum,atlas_cognitive_behavioral_quantitative_psychology_experimental_design,association,method_for,0.82,true,association,atlas taxonomy
atlas_atlas_cognitive_behavioral_quantitative_psychology_experimental_design_open_questions,atlas_cognitive_behavioral_quantitative_psychology_experimental_design,association,investigates,0.72,true,association,atlas taxonomy
atlas_atlas_cognitive_behavioral_quantitative_psychology_experimental_design_applications_and_im,atlas_cognitive_behavioral_quantitative_psychology_experimental_design,application,application_of,0.82,true,application,atlas taxonomy
atlas_cognitive_behavioral_quantitative_psychology_computational_psychiatry,atlas_cognitive_behavioral_quantitative_psychology,structure,part_of,0.94,true,structure,atlas taxonomy
atlas_atlas_cognitive_behavioral_quantitative_psychology_computational_psychiatry_theoretical_fo,atlas_cognitive_behavioral_quantitative_psychology_computational_psychiatry,association,formalizes,0.82,true,association,atlas taxonomy
atlas_atlas_cognitive_behavioral_quantitative_psychology_computational_psychiatry_methods_and_in,atlas_cognitive_behavioral_quantitative_psychology_computational_psychiatry,association,method_for,0.82,true,association,atlas taxonomy
atlas_atlas_cognitive_behavioral_quantitative_psychology_computational_psychiatry_open_questions,atlas_cognitive_behavioral_quantitative_psychology_computational_psychiatry,association,investigates,0.72,true,association,atlas taxonomy
atlas_atlas_cognitive_behavioral_quantitative_psychology_computational_psychiatry_applications_a,atlas_cognitive_behavioral_quantitative_psychology_computational_psychiatry,application,application_of,0.82,true,application,atlas taxonomy
atlas_cognitive_behavioral_quantitative_psychology_mathematical_psychology,atlas_cognitive_behavioral_quantitative_psychology,structure,part_of,0.94,true,structure,atlas taxonomy
atlas_atlas_cognitive_behavioral_quantitative_psychology_mathematical_psychology_theoretical_fou,atlas_cognitive_behavioral_quantitative_psychology_mathematical_psychology,association,formalizes,0.82,true,association,atlas taxonomy
atlas_atlas_cognitive_behavioral_quantitative_psychology_mathematical_psychology_methods_and_ins,atlas_cognitive_behavioral_quantitative_psychology_mathematical_psychology,association,method_for,0.82,true,association,atlas taxonomy
atlas_atlas_cognitive_behavioral_quantitative_psychology_mathematical_psychology_open_questions,atlas_cognitive_behavioral_quantitative_psychology_mathematical_psychology,association,investigates,0.72,true,association,atlas taxonomy
atlas_atlas_cognitive_behavioral_quantitative_psychology_mathematical_psychology_applications_an,atlas_cognitive_behavioral_quantitative_psychology_mathematical_psychology,application,application_of,0.82,true,application,atlas taxonomy
atlas_cognitive_behavioral_quantitative_psychology_psychometrics,atlas_cognitive_behavioral_quantitative_psychology_latent_variable_models,interaction,related_to,0.62,false,interaction,atlas taxonomy
atlas_cognitive_behavioral_quantitative_psychology_latent_variable_models,atlas_cognitive_behavioral_quantitative_psychology_experimental_design,interaction,related_to,0.62,false,interaction,atlas taxonomy
atlas_cognitive_behavioral_quantitative_psychology_experimental_design,atlas_cognitive_behavioral_quantitative_psychology_computational_psychiatry,interaction,related_to,0.62,false,interaction,atlas taxonomy
atlas_cognitive_behavioral_quantitative_psychology_computational_psychiatry,atlas_cognitive_behavioral_quantitative_psychology_mathematical_psychology,interaction,related_to,0.62,false,interaction,atlas taxonomy
atlas_cognitive_behavioral_cognitive_psychology,atlas_cognitive_behavioral_behavioral_science,interaction,related_to,0.66,false,interaction,atlas taxonomy
atlas_cognitive_behavioral_behavioral_science,atlas_cognitive_behavioral_language_and_cognition,interaction,related_to,0.66,false,interaction,atlas taxonomy
atlas_cognitive_behavioral_language_and_cognition,atlas_cognitive_behavioral_consciousness_studies,interaction,related_to,0.66,false,interaction,atlas taxonomy
atlas_cognitive_behavioral_consciousness_studies,atlas_cognitive_behavioral_quantitative_psychology,interaction,related_to,0.66,false,interaction,atlas taxonomy
atlas_medical_health_internal_medicine,atlas_medical_health_domain,structure,part_of,0.96,true,structure,atlas taxonomy
atlas_medical_health_internal_medicine_cardiology,atlas_medical_health_internal_medicine,structure,part_of,0.94,true,structure,atlas taxonomy
atlas_atlas_medical_health_internal_medicine_cardiology_theoretical_foundations,atlas_medical_health_internal_medicine_cardiology,association,formalizes,0.82,true,association,atlas taxonomy
atlas_atlas_medical_health_internal_medicine_cardiology_methods_and_instruments,atlas_medical_health_internal_medicine_cardiology,association,method_for,0.82,true,association,atlas taxonomy
atlas_atlas_medical_health_internal_medicine_cardiology_open_questions,atlas_medical_health_internal_medicine_cardiology,association,investigates,0.72,true,association,atlas taxonomy
atlas_atlas_medical_health_internal_medicine_cardiology_applications_and_implications,atlas_medical_health_internal_medicine_cardiology,application,application_of,0.82,true,application,atlas taxonomy
atlas_medical_health_internal_medicine_endocrinology,atlas_medical_health_internal_medicine,structure,part_of,0.94,true,structure,atlas taxonomy
atlas_atlas_medical_health_internal_medicine_endocrinology_theoretical_foundations,atlas_medical_health_internal_medicine_endocrinology,association,formalizes,0.82,true,association,atlas taxonomy
atlas_atlas_medical_health_internal_medicine_endocrinology_methods_and_instruments,atlas_medical_health_internal_medicine_endocrinology,association,method_for,0.82,true,association,atlas taxonomy
atlas_atlas_medical_health_internal_medicine_endocrinology_open_questions,atlas_medical_health_internal_medicine_endocrinology,association,investigates,0.72,true,association,atlas taxonomy
atlas_atlas_medical_health_internal_medicine_endocrinology_applications_and_implications,atlas_medical_health_internal_medicine_endocrinology,application,application_of,0.82,true,application,atlas taxonomy
atlas_medical_health_internal_medicine_gastroenterology,atlas_medical_health_internal_medicine,structure,part_of,0.94,true,structure,atlas taxonomy
atlas_atlas_medical_health_internal_medicine_gastroenterology_theoretical_foundations,atlas_medical_health_internal_medicine_gastroenterology,association,formalizes,0.82,true,association,atlas taxonomy
atlas_atlas_medical_health_internal_medicine_gastroenterology_methods_and_instruments,atlas_medical_health_internal_medicine_gastroenterology,association,method_for,0.82,true,association,atlas taxonomy
atlas_atlas_medical_health_internal_medicine_gastroenterology_open_questions,atlas_medical_health_internal_medicine_gastroenterology,association,investigates,0.72,true,association,atlas taxonomy
atlas_atlas_medical_health_internal_medicine_gastroenterology_applications_and_implications,atlas_medical_health_internal_medicine_gastroenterology,application,application_of,0.82,true,application,atlas taxonomy
atlas_medical_health_internal_medicine_nephrology,atlas_medical_health_internal_medicine,structure,part_of,0.94,true,structure,atlas taxonomy
atlas_atlas_medical_health_internal_medicine_nephrology_theoretical_foundations,atlas_medical_health_internal_medicine_nephrology,association,formalizes,0.82,true,association,atlas taxonomy
atlas_atlas_medical_health_internal_medicine_nephrology_methods_and_instruments,atlas_medical_health_internal_medicine_nephrology,association,method_for,0.82,true,association,atlas taxonomy
atlas_atlas_medical_health_internal_medicine_nephrology_open_questions,atlas_medical_health_internal_medicine_nephrology,association,investigates,0.72,true,association,atlas taxonomy
atlas_atlas_medical_health_internal_medicine_nephrology_applications_and_implications,atlas_medical_health_internal_medicine_nephrology,application,application_of,0.82,true,application,atlas taxonomy
atlas_medical_health_internal_medicine_pulmonology,atlas_medical_health_internal_medicine,structure,part_of,0.94,true,structure,atlas taxonomy
atlas_atlas_medical_health_internal_medicine_pulmonology_theoretical_foundations,atlas_medical_health_internal_medicine_pulmonology,association,formalizes,0.82,true,association,atlas taxonomy
atlas_atlas_medical_health_internal_medicine_pulmonology_methods_and_instruments,atlas_medical_health_internal_medicine_pulmonology,association,method_for,0.82,true,association,atlas taxonomy
atlas_atlas_medical_health_internal_medicine_pulmonology_open_questions,atlas_medical_health_internal_medicine_pulmonology,association,investigates,0.72,true,association,atlas taxonomy
atlas_atlas_medical_health_internal_medicine_pulmonology_applications_and_implications,atlas_medical_health_internal_medicine_pulmonology,application,application_of,0.82,true,application,atlas taxonomy
atlas_medical_health_internal_medicine_cardiology,atlas_medical_health_internal_medicine_endocrinology,interaction,related_to,0.62,false,interaction,atlas taxonomy
atlas_medical_health_internal_medicine_endocrinology,atlas_medical_health_internal_medicine_gastroenterology,interaction,related_to,0.62,false,interaction,atlas taxonomy
atlas_medical_health_internal_medicine_gastroenterology,atlas_medical_health_internal_medicine_nephrology,interaction,related_to,0.62,false,interaction,atlas taxonomy
atlas_medical_health_internal_medicine_nephrology,atlas_medical_health_internal_medicine_pulmonology,interaction,related_to,0.62,false,interaction,atlas taxonomy
atlas_medical_health_oncology,atlas_medical_health_domain,structure,part_of,0.96,true,structure,atlas taxonomy
atlas_medical_health_oncology_tumor_biology,atlas_medical_health_oncology,structure,part_of,0.94,true,structure,atlas taxonomy
atlas_atlas_medical_health_oncology_tumor_biology_theoretical_foundations,atlas_medical_health_oncology_tumor_biology,association,formalizes,0.82,true,association,atlas taxonomy
atlas_atlas_medical_health_oncology_tumor_biology_methods_and_instruments,atlas_medical_health_oncology_tumor_biology,association,method_for,0.82,true,association,atlas taxonomy
atlas_atlas_medical_health_oncology_tumor_biology_open_questions,atlas_medical_health_oncology_tumor_biology,association,investigates,0.72,true,association,atlas taxonomy
atlas_atlas_medical_health_oncology_tumor_biology_applications_and_implications,atlas_medical_health_oncology_tumor_biology,application,application_of,0.82,true,application,atlas taxonomy
atlas_medical_health_oncology_cancer_genomics,atlas_medical_health_oncology,structure,part_of,0.94,true,structure,atlas taxonomy
atlas_atlas_medical_health_oncology_cancer_genomics_theoretical_foundations,atlas_medical_health_oncology_cancer_genomics,association,formalizes,0.82,true,association,atlas taxonomy
atlas_atlas_medical_health_oncology_cancer_genomics_methods_and_instruments,atlas_medical_health_oncology_cancer_genomics,association,method_for,0.82,true,association,atlas taxonomy
atlas_atlas_medical_health_oncology_cancer_genomics_open_questions,atlas_medical_health_oncology_cancer_genomics,association,investigates,0.72,true,association,atlas taxonomy
atlas_atlas_medical_health_oncology_cancer_genomics_applications_and_implications,atlas_medical_health_oncology_cancer_genomics,application,application_of,0.82,true,application,atlas taxonomy
atlas_medical_health_oncology_immuno_oncology,atlas_medical_health_oncology,structure,part_of,0.94,true,structure,atlas taxonomy
atlas_atlas_medical_health_oncology_immuno_oncology_theoretical_foundations,atlas_medical_health_oncology_immuno_oncology,association,formalizes,0.82,true,association,atlas taxonomy
atlas_atlas_medical_health_oncology_immuno_oncology_methods_and_instruments,atlas_medical_health_oncology_immuno_oncology,association,method_for,0.82,true,association,atlas taxonomy
atlas_atlas_medical_health_oncology_immuno_oncology_open_questions,atlas_medical_health_oncology_immuno_oncology,association,investigates,0.72,true,association,atlas taxonomy
atlas_atlas_medical_health_oncology_immuno_oncology_applications_and_implications,atlas_medical_health_oncology_immuno_oncology,application,application_of,0.82,true,application,atlas taxonomy
atlas_medical_health_oncology_radiation_oncology,atlas_medical_health_oncology,structure,part_of,0.94,true,structure,atlas taxonomy
atlas_atlas_medical_health_oncology_radiation_oncology_theoretical_foundations,atlas_medical_health_oncology_radiation_oncology,association,formalizes,0.82,true,association,atlas taxonomy
atlas_atlas_medical_health_oncology_radiation_oncology_methods_and_instruments,atlas_medical_health_oncology_radiation_oncology,association,method_for,0.82,true,association,atlas taxonomy
atlas_atlas_medical_health_oncology_radiation_oncology_open_questions,atlas_medical_health_oncology_radiation_oncology,association,investigates,0.72,true,association,atlas taxonomy
atlas_atlas_medical_health_oncology_radiation_oncology_applications_and_implications,atlas_medical_health_oncology_radiation_oncology,application,application_of,0.82,true,application,atlas taxonomy
atlas_medical_health_oncology_precision_oncology,atlas_medical_health_oncology,structure,part_of,0.94,true,structure,atlas taxonomy
atlas_atlas_medical_health_oncology_precision_oncology_theoretical_foundations,atlas_medical_health_oncology_precision_oncology,association,formalizes,0.82,true,association,atlas taxonomy
atlas_atlas_medical_health_oncology_precision_oncology_methods_and_instruments,atlas_medical_health_oncology_precision_oncology,association,method_for,0.82,true,association,atlas taxonomy
atlas_atlas_medical_health_oncology_precision_oncology_open_questions,atlas_medical_health_oncology_precision_oncology,association,investigates,0.72,true,association,atlas taxonomy
atlas_atlas_medical_health_oncology_precision_oncology_applications_and_implications,atlas_medical_health_oncology_precision_oncology,application,application_of,0.82,true,application,atlas taxonomy
atlas_medical_health_oncology_tumor_biology,atlas_medical_health_oncology_cancer_genomics,interaction,related_to,0.62,false,interaction,atlas taxonomy
atlas_medical_health_oncology_cancer_genomics,atlas_medical_health_oncology_immuno_oncology,interaction,related_to,0.62,false,interaction,atlas taxonomy
atlas_medical_health_oncology_immuno_oncology,atlas_medical_health_oncology_radiation_oncology,interaction,related_to,0.62,false,interaction,atlas taxonomy
atlas_medical_health_oncology_radiation_oncology,atlas_medical_health_oncology_precision_oncology,interaction,related_to,0.62,false,interaction,atlas taxonomy
atlas_medical_health_regenerative_medicine,atlas_medical_health_domain,structure,part_of,0.96,true,structure,atlas taxonomy
atlas_medical_health_regenerative_medicine_stem_cells,atlas_medical_health_regenerative_medicine,structure,part_of,0.94,true,structure,atlas taxonomy
atlas_atlas_medical_health_regenerative_medicine_stem_cells_theoretical_foundations,atlas_medical_health_regenerative_medicine_stem_cells,association,formalizes,0.82,true,association,atlas taxonomy
atlas_atlas_medical_health_regenerative_medicine_stem_cells_methods_and_instruments,atlas_medical_health_regenerative_medicine_stem_cells,association,method_for,0.82,true,association,atlas taxonomy
atlas_atlas_medical_health_regenerative_medicine_stem_cells_open_questions,atlas_medical_health_regenerative_medicine_stem_cells,association,investigates,0.72,true,association,atlas taxonomy
atlas_atlas_medical_health_regenerative_medicine_stem_cells_applications_and_implications,atlas_medical_health_regenerative_medicine_stem_cells,application,application_of,0.82,true,application,atlas taxonomy
atlas_medical_health_regenerative_medicine_tissue_engineering,atlas_medical_health_regenerative_medicine,structure,part_of,0.94,true,structure,atlas taxonomy
atlas_atlas_medical_health_regenerative_medicine_tissue_engineering_theoretical_foundations,atlas_medical_health_regenerative_medicine_tissue_engineering,association,formalizes,0.82,true,association,atlas taxonomy
atlas_atlas_medical_health_regenerative_medicine_tissue_engineering_methods_and_instruments,atlas_medical_health_regenerative_medicine_tissue_engineering,association,method_for,0.82,true,association,atlas taxonomy
atlas_atlas_medical_health_regenerative_medicine_tissue_engineering_open_questions,atlas_medical_health_regenerative_medicine_tissue_engineering,association,investigates,0.72,true,association,atlas taxonomy
atlas_atlas_medical_health_regenerative_medicine_tissue_engineering_applications_and_implication,atlas_medical_health_regenerative_medicine_tissue_engineering,application,application_of,0.82,true,application,atlas taxonomy
atlas_medical_health_regenerative_medicine_organoids,atlas_medical_health_regenerative_medicine,structure,part_of,0.94,true,structure,atlas taxonomy
atlas_atlas_medical_health_regenerative_medicine_organoids_theoretical_foundations,atlas_medical_health_regenerative_medicine_organoids,association,formalizes,0.82,true,association,atlas taxonomy
atlas_atlas_medical_health_regenerative_medicine_organoids_methods_and_instruments,atlas_medical_health_regenerative_medicine_organoids,association,method_for,0.82,true,association,atlas taxonomy
atlas_atlas_medical_health_regenerative_medicine_organoids_open_questions,atlas_medical_health_regenerative_medicine_organoids,association,investigates,0.72,true,association,atlas taxonomy
atlas_atlas_medical_health_regenerative_medicine_organoids_applications_and_implications,atlas_medical_health_regenerative_medicine_organoids,application,application_of,0.82,true,application,atlas taxonomy
atlas_medical_health_regenerative_medicine_cell_therapy,atlas_medical_health_regenerative_medicine,structure,part_of,0.94,true,structure,atlas taxonomy
atlas_atlas_medical_health_regenerative_medicine_cell_therapy_theoretical_foundations,atlas_medical_health_regenerative_medicine_cell_therapy,association,formalizes,0.82,true,association,atlas taxonomy
atlas_atlas_medical_health_regenerative_medicine_cell_therapy_methods_and_instruments,atlas_medical_health_regenerative_medicine_cell_therapy,association,method_for,0.82,true,association,atlas taxonomy
atlas_atlas_medical_health_regenerative_medicine_cell_therapy_open_questions,atlas_medical_health_regenerative_medicine_cell_therapy,association,investigates,0.72,true,association,atlas taxonomy
atlas_atlas_medical_health_regenerative_medicine_cell_therapy_applications_and_implications,atlas_medical_health_regenerative_medicine_cell_therapy,application,application_of,0.82,true,application,atlas taxonomy
atlas_medical_health_regenerative_medicine_transplantation,atlas_medical_health_regenerative_medicine,structure,part_of,0.94,true,structure,atlas taxonomy
atlas_atlas_medical_health_regenerative_medicine_transplantation_theoretical_foundations,atlas_medical_health_regenerative_medicine_transplantation,association,formalizes,0.82,true,association,atlas taxonomy
atlas_atlas_medical_health_regenerative_medicine_transplantation_methods_and_instruments,atlas_medical_health_regenerative_medicine_transplantation,association,method_for,0.82,true,association,atlas taxonomy
atlas_atlas_medical_health_regenerative_medicine_transplantation_open_questions,atlas_medical_health_regenerative_medicine_transplantation,association,investigates,0.72,true,association,atlas taxonomy
atlas_atlas_medical_health_regenerative_medicine_transplantation_applications_and_implications,atlas_medical_health_regenerative_medicine_transplantation,application,application_of,0.82,true,application,atlas taxonomy
atlas_medical_health_regenerative_medicine_stem_cells,atlas_medical_health_regenerative_medicine_tissue_engineering,interaction,related_to,0.62,false,interaction,atlas taxonomy
atlas_medical_health_regenerative_medicine_tissue_engineering,atlas_medical_health_regenerative_medicine_organoids,interaction,related_to,0.62,false,interaction,atlas taxonomy
atlas_medical_health_regenerative_medicine_organoids,atlas_medical_health_regenerative_medicine_cell_therapy,interaction,related_to,0.62,false,interaction,atlas taxonomy
atlas_medical_health_regenerative_medicine_cell_therapy,atlas_medical_health_regenerative_medicine_transplantation,interaction,related_to,0.62,false,interaction,atlas taxonomy
atlas_medical_health_diagnostics,atlas_medical_health_domain,structure,part_of,0.96,true,structure,atlas taxonomy
atlas_medical_health_diagnostics_biomarkers,atlas_medical_health_diagnostics,structure,part_of,0.94,true,structure,atlas taxonomy
atlas_atlas_medical_health_diagnostics_biomarkers_theoretical_foundations,atlas_medical_health_diagnostics_biomarkers,association,formalizes,0.82,true,association,atlas taxonomy
atlas_atlas_medical_health_diagnostics_biomarkers_methods_and_instruments,atlas_medical_health_diagnostics_biomarkers,association,method_for,0.82,true,association,atlas taxonomy
atlas_atlas_medical_health_diagnostics_biomarkers_open_questions,atlas_medical_health_diagnostics_biomarkers,association,investigates,0.72,true,association,atlas taxonomy
atlas_atlas_medical_health_diagnostics_biomarkers_applications_and_implications,atlas_medical_health_diagnostics_biomarkers,application,application_of,0.82,true,application,atlas taxonomy
medical_imaging,atlas_medical_health_diagnostics,structure,part_of,0.94,true,structure,atlas taxonomy
atlas_medical_imaging_theoretical_foundations,medical_imaging,association,formalizes,0.82,true,association,atlas taxonomy
atlas_medical_imaging_methods_and_instruments,medical_imaging,association,method_for,0.82,true,association,atlas taxonomy
atlas_medical_imaging_open_questions,medical_imaging,association,investigates,0.72,true,association,atlas taxonomy
atlas_medical_imaging_applications_and_implications,medical_imaging,application,application_of,0.82,true,application,atlas taxonomy
atlas_medical_health_diagnostics_molecular_diagnostics,atlas_medical_health_diagnostics,structure,part_of,0.94,true,structure,atlas taxonomy
atlas_atlas_medical_health_diagnostics_molecular_diagnostics_theoretical_foundations,atlas_medical_health_diagnostics_molecular_diagnostics,association,formalizes,0.82,true,association,atlas taxonomy
atlas_atlas_medical_health_diagnostics_molecular_diagnostics_methods_and_instruments,atlas_medical_health_diagnostics_molecular_diagnostics,association,method_for,0.82,true,association,atlas taxonomy
atlas_atlas_medical_health_diagnostics_molecular_diagnostics_open_questions,atlas_medical_health_diagnostics_molecular_diagnostics,association,investigates,0.72,true,association,atlas taxonomy
atlas_atlas_medical_health_diagnostics_molecular_diagnostics_applications_and_implications,atlas_medical_health_diagnostics_molecular_diagnostics,application,application_of,0.82,true,application,atlas taxonomy
atlas_medical_health_diagnostics_liquid_biopsy,atlas_medical_health_diagnostics,structure,part_of,0.94,true,structure,atlas taxonomy
atlas_atlas_medical_health_diagnostics_liquid_biopsy_theoretical_foundations,atlas_medical_health_diagnostics_liquid_biopsy,association,formalizes,0.82,true,association,atlas taxonomy
atlas_atlas_medical_health_diagnostics_liquid_biopsy_methods_and_instruments,atlas_medical_health_diagnostics_liquid_biopsy,association,method_for,0.82,true,association,atlas taxonomy
atlas_atlas_medical_health_diagnostics_liquid_biopsy_open_questions,atlas_medical_health_diagnostics_liquid_biopsy,association,investigates,0.72,true,association,atlas taxonomy
atlas_atlas_medical_health_diagnostics_liquid_biopsy_applications_and_implications,atlas_medical_health_diagnostics_liquid_biopsy,application,application_of,0.82,true,application,atlas taxonomy
atlas_medical_health_diagnostics_clinical_decision_support,atlas_medical_health_diagnostics,structure,part_of,0.94,true,structure,atlas taxonomy
atlas_atlas_medical_health_diagnostics_clinical_decision_support_theoretical_foundations,atlas_medical_health_diagnostics_clinical_decision_support,association,formalizes,0.82,true,association,atlas taxonomy
atlas_atlas_medical_health_diagnostics_clinical_decision_support_methods_and_instruments,atlas_medical_health_diagnostics_clinical_decision_support,association,method_for,0.82,true,association,atlas taxonomy
atlas_atlas_medical_health_diagnostics_clinical_decision_support_open_questions,atlas_medical_health_diagnostics_clinical_decision_support,association,investigates,0.72,true,association,atlas taxonomy
atlas_atlas_medical_health_diagnostics_clinical_decision_support_applications_and_implications,atlas_medical_health_diagnostics_clinical_decision_support,application,application_of,0.82,true,application,atlas taxonomy
atlas_medical_health_diagnostics_biomarkers,medical_imaging,interaction,related_to,0.62,false,interaction,atlas taxonomy
medical_imaging,atlas_medical_health_diagnostics_molecular_diagnostics,interaction,related_to,0.62,false,interaction,atlas taxonomy
atlas_medical_health_diagnostics_molecular_diagnostics,atlas_medical_health_diagnostics_liquid_biopsy,interaction,related_to,0.62,false,interaction,atlas taxonomy
atlas_medical_health_diagnostics_liquid_biopsy,atlas_medical_health_diagnostics_clinical_decision_support,interaction,related_to,0.62,false,interaction,atlas taxonomy
atlas_medical_health_therapeutics,atlas_medical_health_domain,structure,part_of,0.96,true,structure,atlas taxonomy
atlas_medical_health_therapeutics_drug_discovery,atlas_medical_health_therapeutics,structure,part_of,0.94,true,structure,atlas taxonomy
atlas_atlas_medical_health_therapeutics_drug_discovery_theoretical_foundations,atlas_medical_health_therapeutics_drug_discovery,association,formalizes,0.82,true,association,atlas taxonomy
atlas_atlas_medical_health_therapeutics_drug_discovery_methods_and_instruments,atlas_medical_health_therapeutics_drug_discovery,association,method_for,0.82,true,association,atlas taxonomy
atlas_atlas_medical_health_therapeutics_drug_discovery_open_questions,atlas_medical_health_therapeutics_drug_discovery,association,investigates,0.72,true,association,atlas taxonomy
atlas_atlas_medical_health_therapeutics_drug_discovery_applications_and_implications,atlas_medical_health_therapeutics_drug_discovery,application,application_of,0.82,true,application,atlas taxonomy
atlas_medical_health_therapeutics_biologics,atlas_medical_health_therapeutics,structure,part_of,0.94,true,structure,atlas taxonomy
atlas_atlas_medical_health_therapeutics_biologics_theoretical_foundations,atlas_medical_health_therapeutics_biologics,association,formalizes,0.82,true,association,atlas taxonomy
atlas_atlas_medical_health_therapeutics_biologics_methods_and_instruments,atlas_medical_health_therapeutics_biologics,association,method_for,0.82,true,association,atlas taxonomy
atlas_atlas_medical_health_therapeutics_biologics_open_questions,atlas_medical_health_therapeutics_biologics,association,investigates,0.72,true,association,atlas taxonomy
atlas_atlas_medical_health_therapeutics_biologics_applications_and_implications,atlas_medical_health_therapeutics_biologics,application,application_of,0.82,true,application,atlas taxonomy
atlas_medical_health_therapeutics_gene_therapy,atlas_medical_health_therapeutics,structure,part_of,0.94,true,structure,atlas taxonomy
atlas_atlas_medical_health_therapeutics_gene_therapy_theoretical_foundations,atlas_medical_health_therapeutics_gene_therapy,association,formalizes,0.82,true,association,atlas taxonomy
atlas_atlas_medical_health_therapeutics_gene_therapy_methods_and_instruments,atlas_medical_health_therapeutics_gene_therapy,association,method_for,0.82,true,association,atlas taxonomy
atlas_atlas_medical_health_therapeutics_gene_therapy_open_questions,atlas_medical_health_therapeutics_gene_therapy,association,investigates,0.72,true,association,atlas taxonomy
atlas_atlas_medical_health_therapeutics_gene_therapy_applications_and_implications,atlas_medical_health_therapeutics_gene_therapy,application,application_of,0.82,true,application,atlas taxonomy
atlas_medical_health_therapeutics_rna_therapeutics,atlas_medical_health_therapeutics,structure,part_of,0.94,true,structure,atlas taxonomy
atlas_atlas_medical_health_therapeutics_rna_therapeutics_theoretical_foundations,atlas_medical_health_therapeutics_rna_therapeutics,association,formalizes,0.82,true,association,atlas taxonomy
atlas_atlas_medical_health_therapeutics_rna_therapeutics_methods_and_instruments,atlas_medical_health_therapeutics_rna_therapeutics,association,method_for,0.82,true,association,atlas taxonomy
atlas_atlas_medical_health_therapeutics_rna_therapeutics_open_questions,atlas_medical_health_therapeutics_rna_therapeutics,association,investigates,0.72,true,association,atlas taxonomy
atlas_atlas_medical_health_therapeutics_rna_therapeutics_applications_and_implications,atlas_medical_health_therapeutics_rna_therapeutics,application,application_of,0.82,true,application,atlas taxonomy
atlas_medical_health_therapeutics_personalized_medicine,atlas_medical_health_therapeutics,structure,part_of,0.94,true,structure,atlas taxonomy
atlas_atlas_medical_health_therapeutics_personalized_medicine_theoretical_foundations,atlas_medical_health_therapeutics_personalized_medicine,association,formalizes,0.82,true,association,atlas taxonomy
atlas_atlas_medical_health_therapeutics_personalized_medicine_methods_and_instruments,atlas_medical_health_therapeutics_personalized_medicine,association,method_for,0.82,true,association,atlas taxonomy
atlas_atlas_medical_health_therapeutics_personalized_medicine_open_questions,atlas_medical_health_therapeutics_personalized_medicine,association,investigates,0.72,true,association,atlas taxonomy
atlas_atlas_medical_health_therapeutics_personalized_medicine_applications_and_implications,atlas_medical_health_therapeutics_personalized_medicine,application,application_of,0.82,true,application,atlas taxonomy
atlas_medical_health_therapeutics_drug_discovery,atlas_medical_health_therapeutics_biologics,interaction,related_to,0.62,false,interaction,atlas taxonomy
atlas_medical_health_therapeutics_biologics,atlas_medical_health_therapeutics_gene_therapy,interaction,related_to,0.62,false,interaction,atlas taxonomy
atlas_medical_health_therapeutics_gene_therapy,atlas_medical_health_therapeutics_rna_therapeutics,interaction,related_to,0.62,false,interaction,atlas taxonomy
atlas_medical_health_therapeutics_rna_therapeutics,atlas_medical_health_therapeutics_personalized_medicine,interaction,related_to,0.62,false,interaction,atlas taxonomy
atlas_medical_health_internal_medicine,atlas_medical_health_oncology,interaction,related_to,0.66,false,interaction,atlas taxonomy
atlas_medical_health_oncology,atlas_medical_health_regenerative_medicine,interaction,related_to,0.66,false,interaction,atlas taxonomy
atlas_medical_health_regenerative_medicine,atlas_medical_health_diagnostics,interaction,related_to,0.66,false,interaction,atlas taxonomy
atlas_medical_health_diagnostics,atlas_medical_health_therapeutics,interaction,related_to,0.66,false,interaction,atlas taxonomy
epidemiology,atlas_public_population_health_domain,structure,part_of,0.96,true,structure,atlas taxonomy
atlas_public_population_health_epidemiology_infectious_disease_epidemiology,epidemiology,structure,part_of,0.94,true,structure,atlas taxonomy
atlas_atlas_public_population_health_epidemiology_infectious_disease_epidemiology_theoretical_fo,atlas_public_population_health_epidemiology_infectious_disease_epidemiology,association,formalizes,0.82,true,association,atlas taxonomy
atlas_atlas_public_population_health_epidemiology_infectious_disease_epidemiology_methods_and_in,atlas_public_population_health_epidemiology_infectious_disease_epidemiology,association,method_for,0.82,true,association,atlas taxonomy
atlas_atlas_public_population_health_epidemiology_infectious_disease_epidemiology_open_questions,atlas_public_population_health_epidemiology_infectious_disease_epidemiology,association,investigates,0.72,true,association,atlas taxonomy
atlas_atlas_public_population_health_epidemiology_infectious_disease_epidemiology_applications_a,atlas_public_population_health_epidemiology_infectious_disease_epidemiology,application,application_of,0.82,true,application,atlas taxonomy
atlas_public_population_health_epidemiology_chronic_disease_epidemiology,epidemiology,structure,part_of,0.94,true,structure,atlas taxonomy
atlas_atlas_public_population_health_epidemiology_chronic_disease_epidemiology_theoretical_found,atlas_public_population_health_epidemiology_chronic_disease_epidemiology,association,formalizes,0.82,true,association,atlas taxonomy
atlas_atlas_public_population_health_epidemiology_chronic_disease_epidemiology_methods_and_instr,atlas_public_population_health_epidemiology_chronic_disease_epidemiology,association,method_for,0.82,true,association,atlas taxonomy
atlas_atlas_public_population_health_epidemiology_chronic_disease_epidemiology_open_questions,atlas_public_population_health_epidemiology_chronic_disease_epidemiology,association,investigates,0.72,true,association,atlas taxonomy
atlas_atlas_public_population_health_epidemiology_chronic_disease_epidemiology_applications_and_,atlas_public_population_health_epidemiology_chronic_disease_epidemiology,application,application_of,0.82,true,application,atlas taxonomy
atlas_public_population_health_epidemiology_molecular_epidemiology,epidemiology,structure,part_of,0.94,true,structure,atlas taxonomy
atlas_atlas_public_population_health_epidemiology_molecular_epidemiology_theoretical_foundations,atlas_public_population_health_epidemiology_molecular_epidemiology,association,formalizes,0.82,true,association,atlas taxonomy
atlas_atlas_public_population_health_epidemiology_molecular_epidemiology_methods_and_instruments,atlas_public_population_health_epidemiology_molecular_epidemiology,association,method_for,0.82,true,association,atlas taxonomy
atlas_atlas_public_population_health_epidemiology_molecular_epidemiology_open_questions,atlas_public_population_health_epidemiology_molecular_epidemiology,association,investigates,0.72,true,association,atlas taxonomy
atlas_atlas_public_population_health_epidemiology_molecular_epidemiology_applications_and_implic,atlas_public_population_health_epidemiology_molecular_epidemiology,application,application_of,0.82,true,application,atlas taxonomy
atlas_public_population_health_epidemiology_causal_epidemiology,epidemiology,structure,part_of,0.94,true,structure,atlas taxonomy
atlas_atlas_public_population_health_epidemiology_causal_epidemiology_theoretical_foundations,atlas_public_population_health_epidemiology_causal_epidemiology,association,formalizes,0.82,true,association,atlas taxonomy
atlas_atlas_public_population_health_epidemiology_causal_epidemiology_methods_and_instruments,atlas_public_population_health_epidemiology_causal_epidemiology,association,method_for,0.82,true,association,atlas taxonomy
atlas_atlas_public_population_health_epidemiology_causal_epidemiology_open_questions,atlas_public_population_health_epidemiology_causal_epidemiology,association,investigates,0.72,true,association,atlas taxonomy
atlas_atlas_public_population_health_epidemiology_causal_epidemiology_applications_and_implicati,atlas_public_population_health_epidemiology_causal_epidemiology,application,application_of,0.82,true,application,atlas taxonomy
atlas_public_population_health_epidemiology_surveillance,epidemiology,structure,part_of,0.94,true,structure,atlas taxonomy
atlas_atlas_public_population_health_epidemiology_surveillance_theoretical_foundations,atlas_public_population_health_epidemiology_surveillance,association,formalizes,0.82,true,association,atlas taxonomy
atlas_atlas_public_population_health_epidemiology_surveillance_methods_and_instruments,atlas_public_population_health_epidemiology_surveillance,association,method_for,0.82,true,association,atlas taxonomy
atlas_atlas_public_population_health_epidemiology_surveillance_open_questions,atlas_public_population_health_epidemiology_surveillance,association,investigates,0.72,true,association,atlas taxonomy
atlas_atlas_public_population_health_epidemiology_surveillance_applications_and_implications,atlas_public_population_health_epidemiology_surveillance,application,application_of,0.82,true,application,atlas taxonomy
atlas_public_population_health_epidemiology_infectious_disease_epidemiology,atlas_public_population_health_epidemiology_chronic_disease_epidemiology,interaction,related_to,0.62,false,interaction,atlas taxonomy
atlas_public_population_health_epidemiology_chronic_disease_epidemiology,atlas_public_population_health_epidemiology_molecular_epidemiology,interaction,related_to,0.62,false,interaction,atlas taxonomy
atlas_public_population_health_epidemiology_molecular_epidemiology,atlas_public_population_health_epidemiology_causal_epidemiology,interaction,related_to,0.62,false,interaction,atlas taxonomy
atlas_public_population_health_epidemiology_causal_epidemiology,atlas_public_population_health_epidemiology_surveillance,interaction,related_to,0.62,false,interaction,atlas taxonomy
atlas_public_population_health_global_health,atlas_public_population_health_domain,structure,part_of,0.96,true,structure,atlas taxonomy
atlas_public_population_health_global_health_health_systems,atlas_public_population_health_global_health,structure,part_of,0.94,true,structure,atlas taxonomy
atlas_atlas_public_population_health_global_health_health_systems_theoretical_foundations,atlas_public_population_health_global_health_health_systems,association,formalizes,0.82,true,association,atlas taxonomy
atlas_atlas_public_population_health_global_health_health_systems_methods_and_instruments,atlas_public_population_health_global_health_health_systems,association,method_for,0.82,true,association,atlas taxonomy
atlas_atlas_public_population_health_global_health_health_systems_open_questions,atlas_public_population_health_global_health_health_systems,association,investigates,0.72,true,association,atlas taxonomy
atlas_atlas_public_population_health_global_health_health_systems_applications_and_implications,atlas_public_population_health_global_health_health_systems,application,application_of,0.82,true,application,atlas taxonomy
atlas_public_population_health_global_health_maternal_and_child_health,atlas_public_population_health_global_health,structure,part_of,0.94,true,structure,atlas taxonomy
atlas_atlas_public_population_health_global_health_maternal_and_child_health_theoretical_foundat,atlas_public_population_health_global_health_maternal_and_child_health,association,formalizes,0.82,true,association,atlas taxonomy
atlas_atlas_public_population_health_global_health_maternal_and_child_health_methods_and_instrum,atlas_public_population_health_global_health_maternal_and_child_health,association,method_for,0.82,true,association,atlas taxonomy
atlas_atlas_public_population_health_global_health_maternal_and_child_health_open_questions,atlas_public_population_health_global_health_maternal_and_child_health,association,investigates,0.72,true,association,atlas taxonomy
atlas_atlas_public_population_health_global_health_maternal_and_child_health_applications_and_im,atlas_public_population_health_global_health_maternal_and_child_health,application,application_of,0.82,true,application,atlas taxonomy
atlas_public_population_health_global_health_neglected_diseases,atlas_public_population_health_global_health,structure,part_of,0.94,true,structure,atlas taxonomy
atlas_atlas_public_population_health_global_health_neglected_diseases_theoretical_foundations,atlas_public_population_health_global_health_neglected_diseases,association,formalizes,0.82,true,association,atlas taxonomy
atlas_atlas_public_population_health_global_health_neglected_diseases_methods_and_instruments,atlas_public_population_health_global_health_neglected_diseases,association,method_for,0.82,true,association,atlas taxonomy
atlas_atlas_public_population_health_global_health_neglected_diseases_open_questions,atlas_public_population_health_global_health_neglected_diseases,association,investigates,0.72,true,association,atlas taxonomy
atlas_atlas_public_population_health_global_health_neglected_diseases_applications_and_implicati,atlas_public_population_health_global_health_neglected_diseases,application,application_of,0.82,true,application,atlas taxonomy
atlas_public_population_health_global_health_health_equity,atlas_public_population_health_global_health,structure,part_of,0.94,true,structure,atlas taxonomy
atlas_atlas_public_population_health_global_health_health_equity_theoretical_foundations,atlas_public_population_health_global_health_health_equity,association,formalizes,0.82,true,association,atlas taxonomy
atlas_atlas_public_population_health_global_health_health_equity_methods_and_instruments,atlas_public_population_health_global_health_health_equity,association,method_for,0.82,true,association,atlas taxonomy
atlas_atlas_public_population_health_global_health_health_equity_open_questions,atlas_public_population_health_global_health_health_equity,association,investigates,0.72,true,association,atlas taxonomy
atlas_atlas_public_population_health_global_health_health_equity_applications_and_implications,atlas_public_population_health_global_health_health_equity,application,application_of,0.82,true,application,atlas taxonomy
atlas_public_population_health_global_health_pandemic_preparedness,atlas_public_population_health_global_health,structure,part_of,0.94,true,structure,atlas taxonomy
atlas_atlas_public_population_health_global_health_pandemic_preparedness_theoretical_foundations,atlas_public_population_health_global_health_pandemic_preparedness,association,formalizes,0.82,true,association,atlas taxonomy
atlas_atlas_public_population_health_global_health_pandemic_preparedness_methods_and_instruments,atlas_public_population_health_global_health_pandemic_preparedness,association,method_for,0.82,true,association,atlas taxonomy
atlas_atlas_public_population_health_global_health_pandemic_preparedness_open_questions,atlas_public_population_health_global_health_pandemic_preparedness,association,investigates,0.72,true,association,atlas taxonomy
atlas_atlas_public_population_health_global_health_pandemic_preparedness_applications_and_implic,atlas_public_population_health_global_health_pandemic_preparedness,application,application_of,0.82,true,application,atlas taxonomy
atlas_public_population_health_global_health_health_systems,atlas_public_population_health_global_health_maternal_and_child_health,interaction,related_to,0.62,false,interaction,atlas taxonomy
atlas_public_population_health_global_health_maternal_and_child_health,atlas_public_population_health_global_health_neglected_diseases,interaction,related_to,0.62,false,interaction,atlas taxonomy
atlas_public_population_health_global_health_neglected_diseases,atlas_public_population_health_global_health_health_equity,interaction,related_to,0.62,false,interaction,atlas taxonomy
atlas_public_population_health_global_health_health_equity,atlas_public_population_health_global_health_pandemic_preparedness,interaction,related_to,0.62,false,interaction,atlas taxonomy
atlas_public_population_health_environmental_health,atlas_public_population_health_domain,structure,part_of,0.96,true,structure,atlas taxonomy
atlas_public_population_health_environmental_health_occupational_health,atlas_public_population_health_environmental_health,structure,part_of,0.94,true,structure,atlas taxonomy
atlas_atlas_public_population_health_environmental_health_occupational_health_theoretical_founda,atlas_public_population_health_environmental_health_occupational_health,association,formalizes,0.82,true,association,atlas taxonomy
atlas_atlas_public_population_health_environmental_health_occupational_health_methods_and_instru,atlas_public_population_health_environmental_health_occupational_health,association,method_for,0.82,true,association,atlas taxonomy
atlas_atlas_public_population_health_environmental_health_occupational_health_open_questions,atlas_public_population_health_environmental_health_occupational_health,association,investigates,0.72,true,association,atlas taxonomy
atlas_atlas_public_population_health_environmental_health_occupational_health_applications_and_i,atlas_public_population_health_environmental_health_occupational_health,application,application_of,0.82,true,application,atlas taxonomy
atlas_public_population_health_environmental_health_exposure_science,atlas_public_population_health_environmental_health,structure,part_of,0.94,true,structure,atlas taxonomy
atlas_atlas_public_population_health_environmental_health_exposure_science_theoretical_foundatio,atlas_public_population_health_environmental_health_exposure_science,association,formalizes,0.82,true,association,atlas taxonomy
atlas_atlas_public_population_health_environmental_health_exposure_science_methods_and_instrumen,atlas_public_population_health_environmental_health_exposure_science,association,method_for,0.82,true,association,atlas taxonomy
atlas_atlas_public_population_health_environmental_health_exposure_science_open_questions,atlas_public_population_health_environmental_health_exposure_science,association,investigates,0.72,true,association,atlas taxonomy
atlas_atlas_public_population_health_environmental_health_exposure_science_applications_and_impl,atlas_public_population_health_environmental_health_exposure_science,application,application_of,0.82,true,application,atlas taxonomy
atlas_public_population_health_environmental_health_toxicology,atlas_public_population_health_environmental_health,structure,part_of,0.94,true,structure,atlas taxonomy
atlas_atlas_public_population_health_environmental_health_toxicology_theoretical_foundations,atlas_public_population_health_environmental_health_toxicology,association,formalizes,0.82,true,association,atlas taxonomy
atlas_atlas_public_population_health_environmental_health_toxicology_methods_and_instruments,atlas_public_population_health_environmental_health_toxicology,association,method_for,0.82,true,association,atlas taxonomy
atlas_atlas_public_population_health_environmental_health_toxicology_open_questions,atlas_public_population_health_environmental_health_toxicology,association,investigates,0.72,true,association,atlas taxonomy
atlas_atlas_public_population_health_environmental_health_toxicology_applications_and_implicatio,atlas_public_population_health_environmental_health_toxicology,application,application_of,0.82,true,application,atlas taxonomy
atlas_public_population_health_environmental_health_climate_and_health,atlas_public_population_health_environmental_health,structure,part_of,0.94,true,structure,atlas taxonomy
atlas_atlas_public_population_health_environmental_health_climate_and_health_theoretical_foundat,atlas_public_population_health_environmental_health_climate_and_health,association,formalizes,0.82,true,association,atlas taxonomy
atlas_atlas_public_population_health_environmental_health_climate_and_health_methods_and_instrum,atlas_public_population_health_environmental_health_climate_and_health,association,method_for,0.82,true,association,atlas taxonomy
atlas_atlas_public_population_health_environmental_health_climate_and_health_open_questions,atlas_public_population_health_environmental_health_climate_and_health,association,investigates,0.72,true,association,atlas taxonomy
atlas_atlas_public_population_health_environmental_health_climate_and_health_applications_and_im,atlas_public_population_health_environmental_health_climate_and_health,application,application_of,0.82,true,application,atlas taxonomy
atlas_public_population_health_environmental_health_urban_health,atlas_public_population_health_environmental_health,structure,part_of,0.94,true,structure,atlas taxonomy
atlas_atlas_public_population_health_environmental_health_urban_health_theoretical_foundations,atlas_public_population_health_environmental_health_urban_health,association,formalizes,0.82,true,association,atlas taxonomy
atlas_atlas_public_population_health_environmental_health_urban_health_methods_and_instruments,atlas_public_population_health_environmental_health_urban_health,association,method_for,0.82,true,association,atlas taxonomy
atlas_atlas_public_population_health_environmental_health_urban_health_open_questions,atlas_public_population_health_environmental_health_urban_health,association,investigates,0.72,true,association,atlas taxonomy
atlas_atlas_public_population_health_environmental_health_urban_health_applications_and_implicat,atlas_public_population_health_environmental_health_urban_health,application,application_of,0.82,true,application,atlas taxonomy
atlas_public_population_health_environmental_health_occupational_health,atlas_public_population_health_environmental_health_exposure_science,interaction,related_to,0.62,false,interaction,atlas taxonomy
atlas_public_population_health_environmental_health_exposure_science,atlas_public_population_health_environmental_health_toxicology,interaction,related_to,0.62,false,interaction,atlas taxonomy
atlas_public_population_health_environmental_health_toxicology,atlas_public_population_health_environmental_health_climate_and_health,interaction,related_to,0.62,false,interaction,atlas taxonomy
atlas_public_population_health_environmental_health_climate_and_health,atlas_public_population_health_environmental_health_urban_health,interaction,related_to,0.62,false,interaction,atlas taxonomy
atlas_public_population_health_biostatistics,atlas_public_population_health_domain,structure,part_of,0.96,true,structure,atlas taxonomy
atlas_public_population_health_biostatistics_clinical_trials,atlas_public_population_health_biostatistics,structure,part_of,0.94,true,structure,atlas taxonomy
atlas_atlas_public_population_health_biostatistics_clinical_trials_theoretical_foundations,atlas_public_population_health_biostatistics_clinical_trials,association,formalizes,0.82,true,association,atlas taxonomy
atlas_atlas_public_population_health_biostatistics_clinical_trials_methods_and_instruments,atlas_public_population_health_biostatistics_clinical_trials,association,method_for,0.82,true,association,atlas taxonomy
atlas_atlas_public_population_health_biostatistics_clinical_trials_open_questions,atlas_public_population_health_biostatistics_clinical_trials,association,investigates,0.72,true,association,atlas taxonomy
atlas_atlas_public_population_health_biostatistics_clinical_trials_applications_and_implications,atlas_public_population_health_biostatistics_clinical_trials,application,application_of,0.82,true,application,atlas taxonomy
atlas_public_population_health_biostatistics_survival_analysis,atlas_public_population_health_biostatistics,structure,part_of,0.94,true,structure,atlas taxonomy
atlas_atlas_public_population_health_biostatistics_survival_analysis_theoretical_foundations,atlas_public_population_health_biostatistics_survival_analysis,association,formalizes,0.82,true,association,atlas taxonomy
atlas_atlas_public_population_health_biostatistics_survival_analysis_methods_and_instruments,atlas_public_population_health_biostatistics_survival_analysis,association,method_for,0.82,true,association,atlas taxonomy
atlas_atlas_public_population_health_biostatistics_survival_analysis_open_questions,atlas_public_population_health_biostatistics_survival_analysis,association,investigates,0.72,true,association,atlas taxonomy
atlas_atlas_public_population_health_biostatistics_survival_analysis_applications_and_implicatio,atlas_public_population_health_biostatistics_survival_analysis,application,application_of,0.82,true,application,atlas taxonomy
atlas_public_population_health_biostatistics_longitudinal_studies,atlas_public_population_health_biostatistics,structure,part_of,0.94,true,structure,atlas taxonomy
atlas_atlas_public_population_health_biostatistics_longitudinal_studies_theoretical_foundations,atlas_public_population_health_biostatistics_longitudinal_studies,association,formalizes,0.82,true,association,atlas taxonomy
atlas_atlas_public_population_health_biostatistics_longitudinal_studies_methods_and_instruments,atlas_public_population_health_biostatistics_longitudinal_studies,association,method_for,0.82,true,association,atlas taxonomy
atlas_atlas_public_population_health_biostatistics_longitudinal_studies_open_questions,atlas_public_population_health_biostatistics_longitudinal_studies,association,investigates,0.72,true,association,atlas taxonomy
atlas_atlas_public_population_health_biostatistics_longitudinal_studies_applications_and_implica,atlas_public_population_health_biostatistics_longitudinal_studies,application,application_of,0.82,true,application,atlas taxonomy
atlas_public_population_health_biostatistics_meta_analysis,atlas_public_population_health_biostatistics,structure,part_of,0.94,true,structure,atlas taxonomy
atlas_atlas_public_population_health_biostatistics_meta_analysis_theoretical_foundations,atlas_public_population_health_biostatistics_meta_analysis,association,formalizes,0.82,true,association,atlas taxonomy
atlas_atlas_public_population_health_biostatistics_meta_analysis_methods_and_instruments,atlas_public_population_health_biostatistics_meta_analysis,association,method_for,0.82,true,association,atlas taxonomy
atlas_atlas_public_population_health_biostatistics_meta_analysis_open_questions,atlas_public_population_health_biostatistics_meta_analysis,association,investigates,0.72,true,association,atlas taxonomy
atlas_atlas_public_population_health_biostatistics_meta_analysis_applications_and_implications,atlas_public_population_health_biostatistics_meta_analysis,application,application_of,0.82,true,application,atlas taxonomy
atlas_public_population_health_biostatistics_missing_data_methods,atlas_public_population_health_biostatistics,structure,part_of,0.94,true,structure,atlas taxonomy
atlas_atlas_public_population_health_biostatistics_missing_data_methods_theoretical_foundations,atlas_public_population_health_biostatistics_missing_data_methods,association,formalizes,0.82,true,association,atlas taxonomy
atlas_atlas_public_population_health_biostatistics_missing_data_methods_methods_and_instruments,atlas_public_population_health_biostatistics_missing_data_methods,association,method_for,0.82,true,association,atlas taxonomy
atlas_atlas_public_population_health_biostatistics_missing_data_methods_open_questions,atlas_public_population_health_biostatistics_missing_data_methods,association,investigates,0.72,true,association,atlas taxonomy
atlas_atlas_public_population_health_biostatistics_missing_data_methods_applications_and_implica,atlas_public_population_health_biostatistics_missing_data_methods,application,application_of,0.82,true,application,atlas taxonomy
atlas_public_population_health_biostatistics_clinical_trials,atlas_public_population_health_biostatistics_survival_analysis,interaction,related_to,0.62,false,interaction,atlas taxonomy
atlas_public_population_health_biostatistics_survival_analysis,atlas_public_population_health_biostatistics_longitudinal_studies,interaction,related_to,0.62,false,interaction,atlas taxonomy
atlas_public_population_health_biostatistics_longitudinal_studies,atlas_public_population_health_biostatistics_meta_analysis,interaction,related_to,0.62,false,interaction,atlas taxonomy
atlas_public_population_health_biostatistics_meta_analysis,atlas_public_population_health_biostatistics_missing_data_methods,interaction,related_to,0.62,false,interaction,atlas taxonomy
atlas_public_population_health_health_policy,atlas_public_population_health_domain,structure,part_of,0.96,true,structure,atlas taxonomy
atlas_public_population_health_health_policy_health_economics,atlas_public_population_health_health_policy,structure,part_of,0.94,true,structure,atlas taxonomy
atlas_atlas_public_population_health_health_policy_health_economics_theoretical_foundations,atlas_public_population_health_health_policy_health_economics,association,formalizes,0.82,true,association,atlas taxonomy
atlas_atlas_public_population_health_health_policy_health_economics_methods_and_instruments,atlas_public_population_health_health_policy_health_economics,association,method_for,0.82,true,association,atlas taxonomy
atlas_atlas_public_population_health_health_policy_health_economics_open_questions,atlas_public_population_health_health_policy_health_economics,association,investigates,0.72,true,association,atlas taxonomy
atlas_atlas_public_population_health_health_policy_health_economics_applications_and_implication,atlas_public_population_health_health_policy_health_economics,application,application_of,0.82,true,application,atlas taxonomy
atlas_public_population_health_health_policy_implementation_science,atlas_public_population_health_health_policy,structure,part_of,0.94,true,structure,atlas taxonomy
atlas_atlas_public_population_health_health_policy_implementation_science_theoretical_foundation,atlas_public_population_health_health_policy_implementation_science,association,formalizes,0.82,true,association,atlas taxonomy
atlas_atlas_public_population_health_health_policy_implementation_science_methods_and_instrument,atlas_public_population_health_health_policy_implementation_science,association,method_for,0.82,true,association,atlas taxonomy
atlas_atlas_public_population_health_health_policy_implementation_science_open_questions,atlas_public_population_health_health_policy_implementation_science,association,investigates,0.72,true,association,atlas taxonomy
atlas_atlas_public_population_health_health_policy_implementation_science_applications_and_impli,atlas_public_population_health_health_policy_implementation_science,application,application_of,0.82,true,application,atlas taxonomy
atlas_public_population_health_health_policy_comparative_effectiveness,atlas_public_population_health_health_policy,structure,part_of,0.94,true,structure,atlas taxonomy
atlas_atlas_public_population_health_health_policy_comparative_effectiveness_theoretical_foundat,atlas_public_population_health_health_policy_comparative_effectiveness,association,formalizes,0.82,true,association,atlas taxonomy
atlas_atlas_public_population_health_health_policy_comparative_effectiveness_methods_and_instrum,atlas_public_population_health_health_policy_comparative_effectiveness,association,method_for,0.82,true,association,atlas taxonomy
atlas_atlas_public_population_health_health_policy_comparative_effectiveness_open_questions,atlas_public_population_health_health_policy_comparative_effectiveness,association,investigates,0.72,true,association,atlas taxonomy
atlas_atlas_public_population_health_health_policy_comparative_effectiveness_applications_and_im,atlas_public_population_health_health_policy_comparative_effectiveness,application,application_of,0.82,true,application,atlas taxonomy
atlas_public_population_health_health_policy_quality_improvement,atlas_public_population_health_health_policy,structure,part_of,0.94,true,structure,atlas taxonomy
atlas_atlas_public_population_health_health_policy_quality_improvement_theoretical_foundations,atlas_public_population_health_health_policy_quality_improvement,association,formalizes,0.82,true,association,atlas taxonomy
atlas_atlas_public_population_health_health_policy_quality_improvement_methods_and_instruments,atlas_public_population_health_health_policy_quality_improvement,association,method_for,0.82,true,association,atlas taxonomy
atlas_atlas_public_population_health_health_policy_quality_improvement_open_questions,atlas_public_population_health_health_policy_quality_improvement,association,investigates,0.72,true,association,atlas taxonomy
atlas_atlas_public_population_health_health_policy_quality_improvement_applications_and_implicat,atlas_public_population_health_health_policy_quality_improvement,application,application_of,0.82,true,application,atlas taxonomy
atlas_public_population_health_health_policy_digital_health,atlas_public_population_health_health_policy,structure,part_of,0.94,true,structure,atlas taxonomy
atlas_atlas_public_population_health_health_policy_digital_health_theoretical_foundations,atlas_public_population_health_health_policy_digital_health,association,formalizes,0.82,true,association,atlas taxonomy
atlas_atlas_public_population_health_health_policy_digital_health_methods_and_instruments,atlas_public_population_health_health_policy_digital_health,association,method_for,0.82,true,association,atlas taxonomy
atlas_atlas_public_population_health_health_policy_digital_health_open_questions,atlas_public_population_health_health_policy_digital_health,association,investigates,0.72,true,association,atlas taxonomy
atlas_atlas_public_population_health_health_policy_digital_health_applications_and_implications,atlas_public_population_health_health_policy_digital_health,application,application_of,0.82,true,application,atlas taxonomy
atlas_public_population_health_health_policy_health_economics,atlas_public_population_health_health_policy_implementation_science,interaction,related_to,0.62,false,interaction,atlas taxonomy
atlas_public_population_health_health_policy_implementation_science,atlas_public_population_health_health_policy_comparative_effectiveness,interaction,related_to,0.62,false,interaction,atlas taxonomy
atlas_public_population_health_health_policy_comparative_effectiveness,atlas_public_population_health_health_policy_quality_improvement,interaction,related_to,0.62,false,interaction,atlas taxonomy
atlas_public_population_health_health_policy_quality_improvement,atlas_public_population_health_health_policy_digital_health,interaction,related_to,0.62,false,interaction,atlas taxonomy
epidemiology,atlas_public_population_health_global_health,interaction,related_to,0.66,false,interaction,atlas taxonomy
atlas_public_population_health_global_health,atlas_public_population_health_environmental_health,interaction,related_to,0.66,false,interaction,atlas taxonomy
atlas_public_population_health_environmental_health,atlas_public_population_health_biostatistics,interaction,related_to,0.66,false,interaction,atlas taxonomy
atlas_public_population_health_biostatistics,atlas_public_population_health_health_policy,interaction,related_to,0.66,false,interaction,atlas taxonomy
atlas_computer_science_theory_of_computation,computer_science,structure,part_of,0.96,true,structure,atlas taxonomy
atlas_computer_science_theory_of_computation_automata_and_languages,atlas_computer_science_theory_of_computation,structure,part_of,0.94,true,structure,atlas taxonomy
atlas_atlas_computer_science_theory_of_computation_automata_and_languages_theoretical_foundation,atlas_computer_science_theory_of_computation_automata_and_languages,association,formalizes,0.82,true,association,atlas taxonomy
atlas_atlas_computer_science_theory_of_computation_automata_and_languages_methods_and_instrument,atlas_computer_science_theory_of_computation_automata_and_languages,association,method_for,0.82,true,association,atlas taxonomy
atlas_atlas_computer_science_theory_of_computation_automata_and_languages_open_questions,atlas_computer_science_theory_of_computation_automata_and_languages,association,investigates,0.72,true,association,atlas taxonomy
atlas_atlas_computer_science_theory_of_computation_automata_and_languages_applications_and_impli,atlas_computer_science_theory_of_computation_automata_and_languages,application,application_of,0.82,true,application,atlas taxonomy
atlas_computer_science_theory_of_computation_computability,atlas_computer_science_theory_of_computation,structure,part_of,0.94,true,structure,atlas taxonomy
atlas_atlas_computer_science_theory_of_computation_computability_theoretical_foundations,atlas_computer_science_theory_of_computation_computability,association,formalizes,0.82,true,association,atlas taxonomy
atlas_atlas_computer_science_theory_of_computation_computability_methods_and_instruments,atlas_computer_science_theory_of_computation_computability,association,method_for,0.82,true,association,atlas taxonomy
atlas_atlas_computer_science_theory_of_computation_computability_open_questions,atlas_computer_science_theory_of_computation_computability,association,investigates,0.72,true,association,atlas taxonomy
atlas_atlas_computer_science_theory_of_computation_computability_applications_and_implications,atlas_computer_science_theory_of_computation_computability,application,application_of,0.82,true,application,atlas taxonomy
atlas_computer_science_theory_of_computation_complexity_classes,atlas_computer_science_theory_of_computation,structure,part_of,0.94,true,structure,atlas taxonomy
atlas_atlas_computer_science_theory_of_computation_complexity_classes_theoretical_foundations,atlas_computer_science_theory_of_computation_complexity_classes,association,formalizes,0.82,true,association,atlas taxonomy
atlas_atlas_computer_science_theory_of_computation_complexity_classes_methods_and_instruments,atlas_computer_science_theory_of_computation_complexity_classes,association,method_for,0.82,true,association,atlas taxonomy
atlas_atlas_computer_science_theory_of_computation_complexity_classes_open_questions,atlas_computer_science_theory_of_computation_complexity_classes,association,investigates,0.72,true,association,atlas taxonomy
atlas_atlas_computer_science_theory_of_computation_complexity_classes_applications_and_implicati,atlas_computer_science_theory_of_computation_complexity_classes,application,application_of,0.82,true,application,atlas taxonomy
atlas_computer_science_theory_of_computation_randomized_algorithms,atlas_computer_science_theory_of_computation,structure,part_of,0.94,true,structure,atlas taxonomy
atlas_atlas_computer_science_theory_of_computation_randomized_algorithms_theoretical_foundations,atlas_computer_science_theory_of_computation_randomized_algorithms,association,formalizes,0.82,true,association,atlas taxonomy
atlas_atlas_computer_science_theory_of_computation_randomized_algorithms_methods_and_instruments,atlas_computer_science_theory_of_computation_randomized_algorithms,association,method_for,0.82,true,association,atlas taxonomy
atlas_atlas_computer_science_theory_of_computation_randomized_algorithms_open_questions,atlas_computer_science_theory_of_computation_randomized_algorithms,association,investigates,0.72,true,association,atlas taxonomy
atlas_atlas_computer_science_theory_of_computation_randomized_algorithms_applications_and_implic,atlas_computer_science_theory_of_computation_randomized_algorithms,application,application_of,0.82,true,application,atlas taxonomy
atlas_computer_science_theory_of_computation_approximation_algorithms,atlas_computer_science_theory_of_computation,structure,part_of,0.94,true,structure,atlas taxonomy
atlas_atlas_computer_science_theory_of_computation_approximation_algorithms_theoretical_foundati,atlas_computer_science_theory_of_computation_approximation_algorithms,association,formalizes,0.82,true,association,atlas taxonomy
atlas_atlas_computer_science_theory_of_computation_approximation_algorithms_methods_and_instrume,atlas_computer_science_theory_of_computation_approximation_algorithms,association,method_for,0.82,true,association,atlas taxonomy
atlas_atlas_computer_science_theory_of_computation_approximation_algorithms_open_questions,atlas_computer_science_theory_of_computation_approximation_algorithms,association,investigates,0.72,true,association,atlas taxonomy
atlas_atlas_computer_science_theory_of_computation_approximation_algorithms_applications_and_imp,atlas_computer_science_theory_of_computation_approximation_algorithms,application,application_of,0.82,true,application,atlas taxonomy
atlas_computer_science_theory_of_computation_automata_and_languages,atlas_computer_science_theory_of_computation_computability,interaction,related_to,0.62,false,interaction,atlas taxonomy
atlas_computer_science_theory_of_computation_computability,atlas_computer_science_theory_of_computation_complexity_classes,interaction,related_to,0.62,false,interaction,atlas taxonomy
atlas_computer_science_theory_of_computation_complexity_classes,atlas_computer_science_theory_of_computation_randomized_algorithms,interaction,related_to,0.62,false,interaction,atlas taxonomy
atlas_computer_science_theory_of_computation_randomized_algorithms,atlas_computer_science_theory_of_computation_approximation_algorithms,interaction,related_to,0.62,false,interaction,atlas taxonomy
atlas_computer_science_software_and_languages,computer_science,structure,part_of,0.96,true,structure,atlas taxonomy
atlas_computer_science_software_and_languages_programming_language_semantics,atlas_computer_science_software_and_languages,structure,part_of,0.94,true,structure,atlas taxonomy
atlas_atlas_computer_science_software_and_languages_programming_language_semantics_theoretical_f,atlas_computer_science_software_and_languages_programming_language_semantics,association,formalizes,0.82,true,association,atlas taxonomy
atlas_atlas_computer_science_software_and_languages_programming_language_semantics_methods_and_i,atlas_computer_science_software_and_languages_programming_language_semantics,association,method_for,0.82,true,association,atlas taxonomy
atlas_atlas_computer_science_software_and_languages_programming_language_semantics_open_question,atlas_computer_science_software_and_languages_programming_language_semantics,association,investigates,0.72,true,association,atlas taxonomy
atlas_atlas_computer_science_software_and_languages_programming_language_semantics_applications_,atlas_computer_science_software_and_languages_programming_language_semantics,application,application_of,0.82,true,application,atlas taxonomy
atlas_computer_science_software_and_languages_type_systems,atlas_computer_science_software_and_languages,structure,part_of,0.94,true,structure,atlas taxonomy
atlas_atlas_computer_science_software_and_languages_type_systems_theoretical_foundations,atlas_computer_science_software_and_languages_type_systems,association,formalizes,0.82,true,association,atlas taxonomy
atlas_atlas_computer_science_software_and_languages_type_systems_methods_and_instruments,atlas_computer_science_software_and_languages_type_systems,association,method_for,0.82,true,association,atlas taxonomy
atlas_atlas_computer_science_software_and_languages_type_systems_open_questions,atlas_computer_science_software_and_languages_type_systems,association,investigates,0.72,true,association,atlas taxonomy
atlas_atlas_computer_science_software_and_languages_type_systems_applications_and_implications,atlas_computer_science_software_and_languages_type_systems,application,application_of,0.82,true,application,atlas taxonomy
atlas_computer_science_software_and_languages_compiler_construction,atlas_computer_science_software_and_languages,structure,part_of,0.94,true,structure,atlas taxonomy
atlas_atlas_computer_science_software_and_languages_compiler_construction_theoretical_foundation,atlas_computer_science_software_and_languages_compiler_construction,association,formalizes,0.82,true,association,atlas taxonomy
atlas_atlas_computer_science_software_and_languages_compiler_construction_methods_and_instrument,atlas_computer_science_software_and_languages_compiler_construction,association,method_for,0.82,true,association,atlas taxonomy
atlas_atlas_computer_science_software_and_languages_compiler_construction_open_questions,atlas_computer_science_software_and_languages_compiler_construction,association,investigates,0.72,true,association,atlas taxonomy
atlas_atlas_computer_science_software_and_languages_compiler_construction_applications_and_impli,atlas_computer_science_software_and_languages_compiler_construction,application,application_of,0.82,true,application,atlas taxonomy
atlas_computer_science_software_and_languages_software_verification,atlas_computer_science_software_and_languages,structure,part_of,0.94,true,structure,atlas taxonomy
atlas_atlas_computer_science_software_and_languages_software_verification_theoretical_foundation,atlas_computer_science_software_and_languages_software_verification,association,formalizes,0.82,true,association,atlas taxonomy
atlas_atlas_computer_science_software_and_languages_software_verification_methods_and_instrument,atlas_computer_science_software_and_languages_software_verification,association,method_for,0.82,true,association,atlas taxonomy
atlas_atlas_computer_science_software_and_languages_software_verification_open_questions,atlas_computer_science_software_and_languages_software_verification,association,investigates,0.72,true,association,atlas taxonomy
atlas_atlas_computer_science_software_and_languages_software_verification_applications_and_impli,atlas_computer_science_software_and_languages_software_verification,application,application_of,0.82,true,application,atlas taxonomy
atlas_computer_science_software_and_languages_software_architecture,atlas_computer_science_software_and_languages,structure,part_of,0.94,true,structure,atlas taxonomy
atlas_atlas_computer_science_software_and_languages_software_architecture_theoretical_foundation,atlas_computer_science_software_and_languages_software_architecture,association,formalizes,0.82,true,association,atlas taxonomy
atlas_atlas_computer_science_software_and_languages_software_architecture_methods_and_instrument,atlas_computer_science_software_and_languages_software_architecture,association,method_for,0.82,true,association,atlas taxonomy
atlas_atlas_computer_science_software_and_languages_software_architecture_open_questions,atlas_computer_science_software_and_languages_software_architecture,association,investigates,0.72,true,association,atlas taxonomy
atlas_atlas_computer_science_software_and_languages_software_architecture_applications_and_impli,atlas_computer_science_software_and_languages_software_architecture,application,application_of,0.82,true,application,atlas taxonomy
atlas_computer_science_software_and_languages_programming_language_semantics,atlas_computer_science_software_and_languages_type_systems,interaction,related_to,0.62,false,interaction,atlas taxonomy
atlas_computer_science_software_and_languages_type_systems,atlas_computer_science_software_and_languages_compiler_construction,interaction,related_to,0.62,false,interaction,atlas taxonomy
atlas_computer_science_software_and_languages_compiler_construction,atlas_computer_science_software_and_languages_software_verification,interaction,related_to,0.62,false,interaction,atlas taxonomy
atlas_computer_science_software_and_languages_software_verification,atlas_computer_science_software_and_languages_software_architecture,interaction,related_to,0.62,false,interaction,atlas taxonomy
atlas_computer_science_computer_systems,computer_science,structure,part_of,0.96,true,structure,atlas taxonomy
operating_systems,atlas_computer_science_computer_systems,structure,part_of,0.94,true,structure,atlas taxonomy
atlas_operating_systems_theoretical_foundations,operating_systems,association,formalizes,0.82,true,association,atlas taxonomy
atlas_operating_systems_methods_and_instruments,operating_systems,association,method_for,0.82,true,association,atlas taxonomy
atlas_operating_systems_open_questions,operating_systems,association,investigates,0.72,true,association,atlas taxonomy
atlas_operating_systems_applications_and_implications,operating_systems,application,application_of,0.82,true,application,atlas taxonomy
distributed_systems,atlas_computer_science_computer_systems,structure,part_of,0.94,true,structure,atlas taxonomy
atlas_distributed_systems_theoretical_foundations,distributed_systems,association,formalizes,0.82,true,association,atlas taxonomy
atlas_distributed_systems_methods_and_instruments,distributed_systems,association,method_for,0.82,true,association,atlas taxonomy
atlas_distributed_systems_open_questions,distributed_systems,association,investigates,0.72,true,association,atlas taxonomy
atlas_distributed_systems_applications_and_implications,distributed_systems,application,application_of,0.82,true,application,atlas taxonomy
computer_networks,atlas_computer_science_computer_systems,structure,part_of,0.94,true,structure,atlas taxonomy
atlas_computer_networks_theoretical_foundations,computer_networks,association,formalizes,0.82,true,association,atlas taxonomy
atlas_computer_networks_methods_and_instruments,computer_networks,association,method_for,0.82,true,association,atlas taxonomy
atlas_computer_networks_open_questions,computer_networks,association,investigates,0.72,true,association,atlas taxonomy
atlas_computer_networks_applications_and_implications,computer_networks,application,application_of,0.82,true,application,atlas taxonomy
atlas_computer_science_computer_systems_databases,atlas_computer_science_computer_systems,structure,part_of,0.94,true,structure,atlas taxonomy
atlas_atlas_computer_science_computer_systems_databases_theoretical_foundations,atlas_computer_science_computer_systems_databases,association,formalizes,0.82,true,association,atlas taxonomy
atlas_atlas_computer_science_computer_systems_databases_methods_and_instruments,atlas_computer_science_computer_systems_databases,association,method_for,0.82,true,association,atlas taxonomy
atlas_atlas_computer_science_computer_systems_databases_open_questions,atlas_computer_science_computer_systems_databases,association,investigates,0.72,true,association,atlas taxonomy
atlas_atlas_computer_science_computer_systems_databases_applications_and_implications,atlas_computer_science_computer_systems_databases,application,application_of,0.82,true,application,atlas taxonomy
atlas_computer_science_computer_systems_cloud_computing,atlas_computer_science_computer_systems,structure,part_of,0.94,true,structure,atlas taxonomy
atlas_atlas_computer_science_computer_systems_cloud_computing_theoretical_foundations,atlas_computer_science_computer_systems_cloud_computing,association,formalizes,0.82,true,association,atlas taxonomy
atlas_atlas_computer_science_computer_systems_cloud_computing_methods_and_instruments,atlas_computer_science_computer_systems_cloud_computing,association,method_for,0.82,true,association,atlas taxonomy
atlas_atlas_computer_science_computer_systems_cloud_computing_open_questions,atlas_computer_science_computer_systems_cloud_computing,association,investigates,0.72,true,association,atlas taxonomy
atlas_atlas_computer_science_computer_systems_cloud_computing_applications_and_implications,atlas_computer_science_computer_systems_cloud_computing,application,application_of,0.82,true,application,atlas taxonomy
operating_systems,distributed_systems,interaction,related_to,0.62,false,interaction,atlas taxonomy
distributed_systems,computer_networks,interaction,related_to,0.62,false,interaction,atlas taxonomy
computer_networks,atlas_computer_science_computer_systems_databases,interaction,related_to,0.62,false,interaction,atlas taxonomy
atlas_computer_science_computer_systems_databases,atlas_computer_science_computer_systems_cloud_computing,interaction,related_to,0.62,false,interaction,atlas taxonomy
atlas_computer_science_security_and_privacy,computer_science,structure,part_of,0.96,true,structure,atlas taxonomy
cryptography,atlas_computer_science_security_and_privacy,structure,part_of,0.94,true,structure,atlas taxonomy
atlas_cryptography_theoretical_foundations,cryptography,association,formalizes,0.82,true,association,atlas taxonomy
atlas_cryptography_methods_and_instruments,cryptography,association,method_for,0.82,true,association,atlas taxonomy
atlas_cryptography_open_questions,cryptography,association,investigates,0.72,true,association,atlas taxonomy
atlas_cryptography_applications_and_implications,cryptography,application,application_of,0.82,true,application,atlas taxonomy
atlas_computer_science_security_and_privacy_formal_security,atlas_computer_science_security_and_privacy,structure,part_of,0.94,true,structure,atlas taxonomy
atlas_atlas_computer_science_security_and_privacy_formal_security_theoretical_foundations,atlas_computer_science_security_and_privacy_formal_security,association,formalizes,0.82,true,association,atlas taxonomy
atlas_atlas_computer_science_security_and_privacy_formal_security_methods_and_instruments,atlas_computer_science_security_and_privacy_formal_security,association,method_for,0.82,true,association,atlas taxonomy
atlas_atlas_computer_science_security_and_privacy_formal_security_open_questions,atlas_computer_science_security_and_privacy_formal_security,association,investigates,0.72,true,association,atlas taxonomy
atlas_atlas_computer_science_security_and_privacy_formal_security_applications_and_implications,atlas_computer_science_security_and_privacy_formal_security,application,application_of,0.82,true,application,atlas taxonomy
atlas_computer_science_security_and_privacy_network_security,atlas_computer_science_security_and_privacy,structure,part_of,0.94,true,structure,atlas taxonomy
atlas_atlas_computer_science_security_and_privacy_network_security_theoretical_foundations,atlas_computer_science_security_and_privacy_network_security,association,formalizes,0.82,true,association,atlas taxonomy
atlas_atlas_computer_science_security_and_privacy_network_security_methods_and_instruments,atlas_computer_science_security_and_privacy_network_security,association,method_for,0.82,true,association,atlas taxonomy
atlas_atlas_computer_science_security_and_privacy_network_security_open_questions,atlas_computer_science_security_and_privacy_network_security,association,investigates,0.72,true,association,atlas taxonomy
atlas_atlas_computer_science_security_and_privacy_network_security_applications_and_implications,atlas_computer_science_security_and_privacy_network_security,application,application_of,0.82,true,application,atlas taxonomy
atlas_computer_science_security_and_privacy_privacy_engineering,atlas_computer_science_security_and_privacy,structure,part_of,0.94,true,structure,atlas taxonomy
atlas_atlas_computer_science_security_and_privacy_privacy_engineering_theoretical_foundations,atlas_computer_science_security_and_privacy_privacy_engineering,association,formalizes,0.82,true,association,atlas taxonomy
atlas_atlas_computer_science_security_and_privacy_privacy_engineering_methods_and_instruments,atlas_computer_science_security_and_privacy_privacy_engineering,association,method_for,0.82,true,association,atlas taxonomy
atlas_atlas_computer_science_security_and_privacy_privacy_engineering_open_questions,atlas_computer_science_security_and_privacy_privacy_engineering,association,investigates,0.72,true,association,atlas taxonomy
atlas_atlas_computer_science_security_and_privacy_privacy_engineering_applications_and_implicati,atlas_computer_science_security_and_privacy_privacy_engineering,application,application_of,0.82,true,application,atlas taxonomy
atlas_computer_science_security_and_privacy_secure_computation,atlas_computer_science_security_and_privacy,structure,part_of,0.94,true,structure,atlas taxonomy
atlas_atlas_computer_science_security_and_privacy_secure_computation_theoretical_foundations,atlas_computer_science_security_and_privacy_secure_computation,association,formalizes,0.82,true,association,atlas taxonomy
atlas_atlas_computer_science_security_and_privacy_secure_computation_methods_and_instruments,atlas_computer_science_security_and_privacy_secure_computation,association,method_for,0.82,true,association,atlas taxonomy
atlas_atlas_computer_science_security_and_privacy_secure_computation_open_questions,atlas_computer_science_security_and_privacy_secure_computation,association,investigates,0.72,true,association,atlas taxonomy
atlas_atlas_computer_science_security_and_privacy_secure_computation_applications_and_implicatio,atlas_computer_science_security_and_privacy_secure_computation,application,application_of,0.82,true,application,atlas taxonomy
cryptography,atlas_computer_science_security_and_privacy_formal_security,interaction,related_to,0.62,false,interaction,atlas taxonomy
atlas_computer_science_security_and_privacy_formal_security,atlas_computer_science_security_and_privacy_network_security,interaction,related_to,0.62,false,interaction,atlas taxonomy
atlas_computer_science_security_and_privacy_network_security,atlas_computer_science_security_and_privacy_privacy_engineering,interaction,related_to,0.62,false,interaction,atlas taxonomy
atlas_computer_science_security_and_privacy_privacy_engineering,atlas_computer_science_security_and_privacy_secure_computation,interaction,related_to,0.62,false,interaction,atlas taxonomy
atlas_computer_science_human_centered_computing,computer_science,structure,part_of,0.96,true,structure,atlas taxonomy
atlas_computer_science_human_centered_computing_human_computer_interaction,atlas_computer_science_human_centered_computing,structure,part_of,0.94,true,structure,atlas taxonomy
atlas_atlas_computer_science_human_centered_computing_human_computer_interaction_theoretical_fou,atlas_computer_science_human_centered_computing_human_computer_interaction,association,formalizes,0.82,true,association,atlas taxonomy
atlas_atlas_computer_science_human_centered_computing_human_computer_interaction_methods_and_ins,atlas_computer_science_human_centered_computing_human_computer_interaction,association,method_for,0.82,true,association,atlas taxonomy
atlas_atlas_computer_science_human_centered_computing_human_computer_interaction_open_questions,atlas_computer_science_human_centered_computing_human_computer_interaction,association,investigates,0.72,true,association,atlas taxonomy
atlas_atlas_computer_science_human_centered_computing_human_computer_interaction_applications_an,atlas_computer_science_human_centered_computing_human_computer_interaction,application,application_of,0.82,true,application,atlas taxonomy
atlas_computer_science_human_centered_computing_visualization,atlas_computer_science_human_centered_computing,structure,part_of,0.94,true,structure,atlas taxonomy
atlas_atlas_computer_science_human_centered_computing_visualization_theoretical_foundations,atlas_computer_science_human_centered_computing_visualization,association,formalizes,0.82,true,association,atlas taxonomy
atlas_atlas_computer_science_human_centered_computing_visualization_methods_and_instruments,atlas_computer_science_human_centered_computing_visualization,association,method_for,0.82,true,association,atlas taxonomy
atlas_atlas_computer_science_human_centered_computing_visualization_open_questions,atlas_computer_science_human_centered_computing_visualization,association,investigates,0.72,true,association,atlas taxonomy
atlas_atlas_computer_science_human_centered_computing_visualization_applications_and_implication,atlas_computer_science_human_centered_computing_visualization,application,application_of,0.82,true,application,atlas taxonomy
atlas_computer_science_human_centered_computing_accessibility,atlas_computer_science_human_centered_computing,structure,part_of,0.94,true,structure,atlas taxonomy
atlas_atlas_computer_science_human_centered_computing_accessibility_theoretical_foundations,atlas_computer_science_human_centered_computing_accessibility,association,formalizes,0.82,true,association,atlas taxonomy
atlas_atlas_computer_science_human_centered_computing_accessibility_methods_and_instruments,atlas_computer_science_human_centered_computing_accessibility,association,method_for,0.82,true,association,atlas taxonomy
atlas_atlas_computer_science_human_centered_computing_accessibility_open_questions,atlas_computer_science_human_centered_computing_accessibility,association,investigates,0.72,true,association,atlas taxonomy
atlas_atlas_computer_science_human_centered_computing_accessibility_applications_and_implication,atlas_computer_science_human_centered_computing_accessibility,application,application_of,0.82,true,application,atlas taxonomy
atlas_computer_science_human_centered_computing_computer_supported_cooperation,atlas_computer_science_human_centered_computing,structure,part_of,0.94,true,structure,atlas taxonomy
atlas_atlas_computer_science_human_centered_computing_computer_supported_cooperation_theoretical,atlas_computer_science_human_centered_computing_computer_supported_cooperation,association,formalizes,0.82,true,association,atlas taxonomy
atlas_atlas_computer_science_human_centered_computing_computer_supported_cooperation_methods_and,atlas_computer_science_human_centered_computing_computer_supported_cooperation,association,method_for,0.82,true,association,atlas taxonomy
atlas_atlas_computer_science_human_centered_computing_computer_supported_cooperation_open_questi,atlas_computer_science_human_centered_computing_computer_supported_cooperation,association,investigates,0.72,true,association,atlas taxonomy
atlas_atlas_computer_science_human_centered_computing_computer_supported_cooperation_application,atlas_computer_science_human_centered_computing_computer_supported_cooperation,application,application_of,0.82,true,application,atlas taxonomy
atlas_computer_science_human_centered_computing_social_computing,atlas_computer_science_human_centered_computing,structure,part_of,0.94,true,structure,atlas taxonomy
atlas_atlas_computer_science_human_centered_computing_social_computing_theoretical_foundations,atlas_computer_science_human_centered_computing_social_computing,association,formalizes,0.82,true,association,atlas taxonomy
atlas_atlas_computer_science_human_centered_computing_social_computing_methods_and_instruments,atlas_computer_science_human_centered_computing_social_computing,association,method_for,0.82,true,association,atlas taxonomy
atlas_atlas_computer_science_human_centered_computing_social_computing_open_questions,atlas_computer_science_human_centered_computing_social_computing,association,investigates,0.72,true,association,atlas taxonomy
atlas_atlas_computer_science_human_centered_computing_social_computing_applications_and_implicat,atlas_computer_science_human_centered_computing_social_computing,application,application_of,0.82,true,application,atlas taxonomy
atlas_computer_science_human_centered_computing_human_computer_interaction,atlas_computer_science_human_centered_computing_visualization,interaction,related_to,0.62,false,interaction,atlas taxonomy
atlas_computer_science_human_centered_computing_visualization,atlas_computer_science_human_centered_computing_accessibility,interaction,related_to,0.62,false,interaction,atlas taxonomy
atlas_computer_science_human_centered_computing_accessibility,atlas_computer_science_human_centered_computing_computer_supported_cooperation,interaction,related_to,0.62,false,interaction,atlas taxonomy
atlas_computer_science_human_centered_computing_computer_supported_cooperation,atlas_computer_science_human_centered_computing_social_computing,interaction,related_to,0.62,false,interaction,atlas taxonomy
atlas_computer_science_theory_of_computation,atlas_computer_science_software_and_languages,interaction,related_to,0.66,false,interaction,atlas taxonomy
atlas_computer_science_software_and_languages,atlas_computer_science_computer_systems,interaction,related_to,0.66,false,interaction,atlas taxonomy
atlas_computer_science_computer_systems,atlas_computer_science_security_and_privacy,interaction,related_to,0.66,false,interaction,atlas taxonomy
atlas_computer_science_security_and_privacy,atlas_computer_science_human_centered_computing,interaction,related_to,0.66,false,interaction,atlas taxonomy
atlas_ai_machine_learning_machine_learning_theory,atlas_ai_machine_learning_domain,structure,part_of,0.96,true,structure,atlas taxonomy
atlas_ai_machine_learning_machine_learning_theory_statistical_learning,atlas_ai_machine_learning_machine_learning_theory,structure,part_of,0.94,true,structure,atlas taxonomy
atlas_atlas_ai_machine_learning_machine_learning_theory_statistical_learning_theoretical_foundat,atlas_ai_machine_learning_machine_learning_theory_statistical_learning,association,formalizes,0.82,true,association,atlas taxonomy
atlas_atlas_ai_machine_learning_machine_learning_theory_statistical_learning_methods_and_instrum,atlas_ai_machine_learning_machine_learning_theory_statistical_learning,association,method_for,0.82,true,association,atlas taxonomy
atlas_atlas_ai_machine_learning_machine_learning_theory_statistical_learning_open_questions,atlas_ai_machine_learning_machine_learning_theory_statistical_learning,association,investigates,0.72,true,association,atlas taxonomy
atlas_atlas_ai_machine_learning_machine_learning_theory_statistical_learning_applications_and_im,atlas_ai_machine_learning_machine_learning_theory_statistical_learning,application,application_of,0.82,true,application,atlas taxonomy
atlas_ai_machine_learning_machine_learning_theory_generalization,atlas_ai_machine_learning_machine_learning_theory,structure,part_of,0.94,true,structure,atlas taxonomy
atlas_atlas_ai_machine_learning_machine_learning_theory_generalization_theoretical_foundations,atlas_ai_machine_learning_machine_learning_theory_generalization,association,formalizes,0.82,true,association,atlas taxonomy
atlas_atlas_ai_machine_learning_machine_learning_theory_generalization_methods_and_instruments,atlas_ai_machine_learning_machine_learning_theory_generalization,association,method_for,0.82,true,association,atlas taxonomy
atlas_atlas_ai_machine_learning_machine_learning_theory_generalization_open_questions,atlas_ai_machine_learning_machine_learning_theory_generalization,association,investigates,0.72,true,association,atlas taxonomy
atlas_atlas_ai_machine_learning_machine_learning_theory_generalization_applications_and_implicat,atlas_ai_machine_learning_machine_learning_theory_generalization,application,application_of,0.82,true,application,atlas taxonomy
atlas_ai_machine_learning_machine_learning_theory_optimization_for_learning,atlas_ai_machine_learning_machine_learning_theory,structure,part_of,0.94,true,structure,atlas taxonomy
atlas_atlas_ai_machine_learning_machine_learning_theory_optimization_for_learning_theoretical_fo,atlas_ai_machine_learning_machine_learning_theory_optimization_for_learning,association,formalizes,0.82,true,association,atlas taxonomy
atlas_atlas_ai_machine_learning_machine_learning_theory_optimization_for_learning_methods_and_in,atlas_ai_machine_learning_machine_learning_theory_optimization_for_learning,association,method_for,0.82,true,association,atlas taxonomy
atlas_atlas_ai_machine_learning_machine_learning_theory_optimization_for_learning_open_questions,atlas_ai_machine_learning_machine_learning_theory_optimization_for_learning,association,investigates,0.72,true,association,atlas taxonomy
atlas_atlas_ai_machine_learning_machine_learning_theory_optimization_for_learning_applications_a,atlas_ai_machine_learning_machine_learning_theory_optimization_for_learning,application,application_of,0.82,true,application,atlas taxonomy
atlas_ai_machine_learning_machine_learning_theory_representation_learning,atlas_ai_machine_learning_machine_learning_theory,structure,part_of,0.94,true,structure,atlas taxonomy
atlas_atlas_ai_machine_learning_machine_learning_theory_representation_learning_theoretical_foun,atlas_ai_machine_learning_machine_learning_theory_representation_learning,association,formalizes,0.82,true,association,atlas taxonomy
atlas_atlas_ai_machine_learning_machine_learning_theory_representation_learning_methods_and_inst,atlas_ai_machine_learning_machine_learning_theory_representation_learning,association,method_for,0.82,true,association,atlas taxonomy
atlas_atlas_ai_machine_learning_machine_learning_theory_representation_learning_open_questions,atlas_ai_machine_learning_machine_learning_theory_representation_learning,association,investigates,0.72,true,association,atlas taxonomy
atlas_atlas_ai_machine_learning_machine_learning_theory_representation_learning_applications_and,atlas_ai_machine_learning_machine_learning_theory_representation_learning,application,application_of,0.82,true,application,atlas taxonomy
atlas_ai_machine_learning_machine_learning_theory_causal_machine_learning,atlas_ai_machine_learning_machine_learning_theory,structure,part_of,0.94,true,structure,atlas taxonomy
atlas_atlas_ai_machine_learning_machine_learning_theory_causal_machine_learning_theoretical_foun,atlas_ai_machine_learning_machine_learning_theory_causal_machine_learning,association,formalizes,0.82,true,association,atlas taxonomy
atlas_atlas_ai_machine_learning_machine_learning_theory_causal_machine_learning_methods_and_inst,atlas_ai_machine_learning_machine_learning_theory_causal_machine_learning,association,method_for,0.82,true,association,atlas taxonomy
atlas_atlas_ai_machine_learning_machine_learning_theory_causal_machine_learning_open_questions,atlas_ai_machine_learning_machine_learning_theory_causal_machine_learning,association,investigates,0.72,true,association,atlas taxonomy
atlas_atlas_ai_machine_learning_machine_learning_theory_causal_machine_learning_applications_and,atlas_ai_machine_learning_machine_learning_theory_causal_machine_learning,application,application_of,0.82,true,application,atlas taxonomy
atlas_ai_machine_learning_machine_learning_theory_statistical_learning,atlas_ai_machine_learning_machine_learning_theory_generalization,interaction,related_to,0.62,false,interaction,atlas taxonomy
atlas_ai_machine_learning_machine_learning_theory_generalization,atlas_ai_machine_learning_machine_learning_theory_optimization_for_learning,interaction,related_to,0.62,false,interaction,atlas taxonomy
atlas_ai_machine_learning_machine_learning_theory_optimization_for_learning,atlas_ai_machine_learning_machine_learning_theory_representation_learning,interaction,related_to,0.62,false,interaction,atlas taxonomy
atlas_ai_machine_learning_machine_learning_theory_representation_learning,atlas_ai_machine_learning_machine_learning_theory_causal_machine_learning,interaction,related_to,0.62,false,interaction,atlas taxonomy
deep_learning,atlas_ai_machine_learning_domain,structure,part_of,0.96,true,structure,atlas taxonomy
atlas_ai_machine_learning_deep_learning_transformers,deep_learning,structure,part_of,0.94,true,structure,atlas taxonomy
atlas_atlas_ai_machine_learning_deep_learning_transformers_theoretical_foundations,atlas_ai_machine_learning_deep_learning_transformers,association,formalizes,0.82,true,association,atlas taxonomy
atlas_atlas_ai_machine_learning_deep_learning_transformers_methods_and_instruments,atlas_ai_machine_learning_deep_learning_transformers,association,method_for,0.82,true,association,atlas taxonomy
atlas_atlas_ai_machine_learning_deep_learning_transformers_open_questions,atlas_ai_machine_learning_deep_learning_transformers,association,investigates,0.72,true,association,atlas taxonomy
atlas_atlas_ai_machine_learning_deep_learning_transformers_applications_and_implications,atlas_ai_machine_learning_deep_learning_transformers,application,application_of,0.82,true,application,atlas taxonomy
graph_neural_networks,deep_learning,structure,part_of,0.94,true,structure,atlas taxonomy
atlas_graph_neural_networks_theoretical_foundations,graph_neural_networks,association,formalizes,0.82,true,association,atlas taxonomy
atlas_graph_neural_networks_methods_and_instruments,graph_neural_networks,association,method_for,0.82,true,association,atlas taxonomy
atlas_graph_neural_networks_open_questions,graph_neural_networks,association,investigates,0.72,true,association,atlas taxonomy
atlas_graph_neural_networks_applications_and_implications,graph_neural_networks,application,application_of,0.82,true,application,atlas taxonomy
atlas_ai_machine_learning_deep_learning_generative_models,deep_learning,structure,part_of,0.94,true,structure,atlas taxonomy
atlas_atlas_ai_machine_learning_deep_learning_generative_models_theoretical_foundations,atlas_ai_machine_learning_deep_learning_generative_models,association,formalizes,0.82,true,association,atlas taxonomy
atlas_atlas_ai_machine_learning_deep_learning_generative_models_methods_and_instruments,atlas_ai_machine_learning_deep_learning_generative_models,association,method_for,0.82,true,association,atlas taxonomy
atlas_atlas_ai_machine_learning_deep_learning_generative_models_open_questions,atlas_ai_machine_learning_deep_learning_generative_models,association,investigates,0.72,true,association,atlas taxonomy
atlas_atlas_ai_machine_learning_deep_learning_generative_models_applications_and_implications,atlas_ai_machine_learning_deep_learning_generative_models,application,application_of,0.82,true,application,atlas taxonomy
atlas_ai_machine_learning_deep_learning_self_supervised_learning,deep_learning,structure,part_of,0.94,true,structure,atlas taxonomy
atlas_atlas_ai_machine_learning_deep_learning_self_supervised_learning_theoretical_foundations,atlas_ai_machine_learning_deep_learning_self_supervised_learning,association,formalizes,0.82,true,association,atlas taxonomy
atlas_atlas_ai_machine_learning_deep_learning_self_supervised_learning_methods_and_instruments,atlas_ai_machine_learning_deep_learning_self_supervised_learning,association,method_for,0.82,true,association,atlas taxonomy
atlas_atlas_ai_machine_learning_deep_learning_self_supervised_learning_open_questions,atlas_ai_machine_learning_deep_learning_self_supervised_learning,association,investigates,0.72,true,association,atlas taxonomy
atlas_atlas_ai_machine_learning_deep_learning_self_supervised_learning_applications_and_implicat,atlas_ai_machine_learning_deep_learning_self_supervised_learning,application,application_of,0.82,true,application,atlas taxonomy
atlas_ai_machine_learning_deep_learning_multimodal_learning,deep_learning,structure,part_of,0.94,true,structure,atlas taxonomy
atlas_atlas_ai_machine_learning_deep_learning_multimodal_learning_theoretical_foundations,atlas_ai_machine_learning_deep_learning_multimodal_learning,association,formalizes,0.82,true,association,atlas taxonomy
atlas_atlas_ai_machine_learning_deep_learning_multimodal_learning_methods_and_instruments,atlas_ai_machine_learning_deep_learning_multimodal_learning,association,method_for,0.82,true,association,atlas taxonomy
atlas_atlas_ai_machine_learning_deep_learning_multimodal_learning_open_questions,atlas_ai_machine_learning_deep_learning_multimodal_learning,association,investigates,0.72,true,association,atlas taxonomy
atlas_atlas_ai_machine_learning_deep_learning_multimodal_learning_applications_and_implications,atlas_ai_machine_learning_deep_learning_multimodal_learning,application,application_of,0.82,true,application,atlas taxonomy
atlas_ai_machine_learning_deep_learning_transformers,graph_neural_networks,interaction,related_to,0.62,false,interaction,atlas taxonomy
graph_neural_networks,atlas_ai_machine_learning_deep_learning_generative_models,interaction,related_to,0.62,false,interaction,atlas taxonomy
atlas_ai_machine_learning_deep_learning_generative_models,atlas_ai_machine_learning_deep_learning_self_supervised_learning,interaction,related_to,0.62,false,interaction,atlas taxonomy
atlas_ai_machine_learning_deep_learning_self_supervised_learning,atlas_ai_machine_learning_deep_learning_multimodal_learning,interaction,related_to,0.62,false,interaction,atlas taxonomy
atlas_ai_machine_learning_intelligent_agents,atlas_ai_machine_learning_domain,structure,part_of,0.96,true,structure,atlas taxonomy
reinforcement_learning,atlas_ai_machine_learning_intelligent_agents,structure,part_of,0.94,true,structure,atlas taxonomy
atlas_reinforcement_learning_theoretical_foundations,reinforcement_learning,association,formalizes,0.82,true,association,atlas taxonomy
atlas_reinforcement_learning_methods_and_instruments,reinforcement_learning,association,method_for,0.82,true,association,atlas taxonomy
atlas_reinforcement_learning_open_questions,reinforcement_learning,association,investigates,0.72,true,association,atlas taxonomy
atlas_reinforcement_learning_applications_and_implications,reinforcement_learning,application,application_of,0.82,true,application,atlas taxonomy
atlas_ai_machine_learning_intelligent_agents_planning,atlas_ai_machine_learning_intelligent_agents,structure,part_of,0.94,true,structure,atlas taxonomy
atlas_atlas_ai_machine_learning_intelligent_agents_planning_theoretical_foundations,atlas_ai_machine_learning_intelligent_agents_planning,association,formalizes,0.82,true,association,atlas taxonomy
atlas_atlas_ai_machine_learning_intelligent_agents_planning_methods_and_instruments,atlas_ai_machine_learning_intelligent_agents_planning,association,method_for,0.82,true,association,atlas taxonomy
atlas_atlas_ai_machine_learning_intelligent_agents_planning_open_questions,atlas_ai_machine_learning_intelligent_agents_planning,association,investigates,0.72,true,association,atlas taxonomy
atlas_atlas_ai_machine_learning_intelligent_agents_planning_applications_and_implications,atlas_ai_machine_learning_intelligent_agents_planning,application,application_of,0.82,true,application,atlas taxonomy
atlas_ai_machine_learning_intelligent_agents_multi_agent_systems,atlas_ai_machine_learning_intelligent_agents,structure,part_of,0.94,true,structure,atlas taxonomy
atlas_atlas_ai_machine_learning_intelligent_agents_multi_agent_systems_theoretical_foundations,atlas_ai_machine_learning_intelligent_agents_multi_agent_systems,association,formalizes,0.82,true,association,atlas taxonomy
atlas_atlas_ai_machine_learning_intelligent_agents_multi_agent_systems_methods_and_instruments,atlas_ai_machine_learning_intelligent_agents_multi_agent_systems,association,method_for,0.82,true,association,atlas taxonomy
atlas_atlas_ai_machine_learning_intelligent_agents_multi_agent_systems_open_questions,atlas_ai_machine_learning_intelligent_agents_multi_agent_systems,association,investigates,0.72,true,association,atlas taxonomy
atlas_atlas_ai_machine_learning_intelligent_agents_multi_agent_systems_applications_and_implicat,atlas_ai_machine_learning_intelligent_agents_multi_agent_systems,application,application_of,0.82,true,application,atlas taxonomy
atlas_ai_machine_learning_intelligent_agents_robot_learning,atlas_ai_machine_learning_intelligent_agents,structure,part_of,0.94,true,structure,atlas taxonomy
atlas_atlas_ai_machine_learning_intelligent_agents_robot_learning_theoretical_foundations,atlas_ai_machine_learning_intelligent_agents_robot_learning,association,formalizes,0.82,true,association,atlas taxonomy
atlas_atlas_ai_machine_learning_intelligent_agents_robot_learning_methods_and_instruments,atlas_ai_machine_learning_intelligent_agents_robot_learning,association,method_for,0.82,true,association,atlas taxonomy
atlas_atlas_ai_machine_learning_intelligent_agents_robot_learning_open_questions,atlas_ai_machine_learning_intelligent_agents_robot_learning,association,investigates,0.72,true,association,atlas taxonomy
atlas_atlas_ai_machine_learning_intelligent_agents_robot_learning_applications_and_implications,atlas_ai_machine_learning_intelligent_agents_robot_learning,application,application_of,0.82,true,application,atlas taxonomy
atlas_ai_machine_learning_intelligent_agents_embodied_intelligence,atlas_ai_machine_learning_intelligent_agents,structure,part_of,0.94,true,structure,atlas taxonomy
atlas_atlas_ai_machine_learning_intelligent_agents_embodied_intelligence_theoretical_foundations,atlas_ai_machine_learning_intelligent_agents_embodied_intelligence,association,formalizes,0.82,true,association,atlas taxonomy
atlas_atlas_ai_machine_learning_intelligent_agents_embodied_intelligence_methods_and_instruments,atlas_ai_machine_learning_intelligent_agents_embodied_intelligence,association,method_for,0.82,true,association,atlas taxonomy
atlas_atlas_ai_machine_learning_intelligent_agents_embodied_intelligence_open_questions,atlas_ai_machine_learning_intelligent_agents_embodied_intelligence,association,investigates,0.72,true,association,atlas taxonomy
atlas_atlas_ai_machine_learning_intelligent_agents_embodied_intelligence_applications_and_implic,atlas_ai_machine_learning_intelligent_agents_embodied_intelligence,application,application_of,0.82,true,application,atlas taxonomy
reinforcement_learning,atlas_ai_machine_learning_intelligent_agents_planning,interaction,related_to,0.62,false,interaction,atlas taxonomy
atlas_ai_machine_learning_intelligent_agents_planning,atlas_ai_machine_learning_intelligent_agents_multi_agent_systems,interaction,related_to,0.62,false,interaction,atlas taxonomy
atlas_ai_machine_learning_intelligent_agents_multi_agent_systems,atlas_ai_machine_learning_intelligent_agents_robot_learning,interaction,related_to,0.62,false,interaction,atlas taxonomy
atlas_ai_machine_learning_intelligent_agents_robot_learning,atlas_ai_machine_learning_intelligent_agents_embodied_intelligence,interaction,related_to,0.62,false,interaction,atlas taxonomy
atlas_ai_machine_learning_ai_applications,atlas_ai_machine_learning_domain,structure,part_of,0.96,true,structure,atlas taxonomy
computer_vision,atlas_ai_machine_learning_ai_applications,structure,part_of,0.94,true,structure,atlas taxonomy
atlas_computer_vision_theoretical_foundations,computer_vision,association,formalizes,0.82,true,association,atlas taxonomy
atlas_computer_vision_methods_and_instruments,computer_vision,association,method_for,0.82,true,association,atlas taxonomy
atlas_computer_vision_open_questions,computer_vision,association,investigates,0.72,true,association,atlas taxonomy
atlas_computer_vision_applications_and_implications,computer_vision,application,application_of,0.82,true,application,atlas taxonomy
atlas_ai_machine_learning_ai_applications_natural_language_processing,atlas_ai_machine_learning_ai_applications,structure,part_of,0.94,true,structure,atlas taxonomy
atlas_atlas_ai_machine_learning_ai_applications_natural_language_processing_theoretical_foundati,atlas_ai_machine_learning_ai_applications_natural_language_processing,association,formalizes,0.82,true,association,atlas taxonomy
atlas_atlas_ai_machine_learning_ai_applications_natural_language_processing_methods_and_instrume,atlas_ai_machine_learning_ai_applications_natural_language_processing,association,method_for,0.82,true,association,atlas taxonomy
atlas_atlas_ai_machine_learning_ai_applications_natural_language_processing_open_questions,atlas_ai_machine_learning_ai_applications_natural_language_processing,association,investigates,0.72,true,association,atlas taxonomy
atlas_atlas_ai_machine_learning_ai_applications_natural_language_processing_applications_and_imp,atlas_ai_machine_learning_ai_applications_natural_language_processing,application,application_of,0.82,true,application,atlas taxonomy
atlas_ai_machine_learning_ai_applications_speech_processing,atlas_ai_machine_learning_ai_applications,structure,part_of,0.94,true,structure,atlas taxonomy
atlas_atlas_ai_machine_learning_ai_applications_speech_processing_theoretical_foundations,atlas_ai_machine_learning_ai_applications_speech_processing,association,formalizes,0.82,true,association,atlas taxonomy
atlas_atlas_ai_machine_learning_ai_applications_speech_processing_methods_and_instruments,atlas_ai_machine_learning_ai_applications_speech_processing,association,method_for,0.82,true,association,atlas taxonomy
atlas_atlas_ai_machine_learning_ai_applications_speech_processing_open_questions,atlas_ai_machine_learning_ai_applications_speech_processing,association,investigates,0.72,true,association,atlas taxonomy
atlas_atlas_ai_machine_learning_ai_applications_speech_processing_applications_and_implications,atlas_ai_machine_learning_ai_applications_speech_processing,application,application_of,0.82,true,application,atlas taxonomy
atlas_ai_machine_learning_ai_applications_recommender_systems,atlas_ai_machine_learning_ai_applications,structure,part_of,0.94,true,structure,atlas taxonomy
atlas_atlas_ai_machine_learning_ai_applications_recommender_systems_theoretical_foundations,atlas_ai_machine_learning_ai_applications_recommender_systems,association,formalizes,0.82,true,association,atlas taxonomy
atlas_atlas_ai_machine_learning_ai_applications_recommender_systems_methods_and_instruments,atlas_ai_machine_learning_ai_applications_recommender_systems,association,method_for,0.82,true,association,atlas taxonomy
atlas_atlas_ai_machine_learning_ai_applications_recommender_systems_open_questions,atlas_ai_machine_learning_ai_applications_recommender_systems,association,investigates,0.72,true,association,atlas taxonomy
atlas_atlas_ai_machine_learning_ai_applications_recommender_systems_applications_and_implication,atlas_ai_machine_learning_ai_applications_recommender_systems,application,application_of,0.82,true,application,atlas taxonomy
atlas_ai_machine_learning_ai_applications_scientific_machine_learning,atlas_ai_machine_learning_ai_applications,structure,part_of,0.94,true,structure,atlas taxonomy
atlas_atlas_ai_machine_learning_ai_applications_scientific_machine_learning_theoretical_foundati,atlas_ai_machine_learning_ai_applications_scientific_machine_learning,association,formalizes,0.82,true,association,atlas taxonomy
atlas_atlas_ai_machine_learning_ai_applications_scientific_machine_learning_methods_and_instrume,atlas_ai_machine_learning_ai_applications_scientific_machine_learning,association,method_for,0.82,true,association,atlas taxonomy
atlas_atlas_ai_machine_learning_ai_applications_scientific_machine_learning_open_questions,atlas_ai_machine_learning_ai_applications_scientific_machine_learning,association,investigates,0.72,true,association,atlas taxonomy
atlas_atlas_ai_machine_learning_ai_applications_scientific_machine_learning_applications_and_imp,atlas_ai_machine_learning_ai_applications_scientific_machine_learning,application,application_of,0.82,true,application,atlas taxonomy
computer_vision,atlas_ai_machine_learning_ai_applications_natural_language_processing,interaction,related_to,0.62,false,interaction,atlas taxonomy
atlas_ai_machine_learning_ai_applications_natural_language_processing,atlas_ai_machine_learning_ai_applications_speech_processing,interaction,related_to,0.62,false,interaction,atlas taxonomy
atlas_ai_machine_learning_ai_applications_speech_processing,atlas_ai_machine_learning_ai_applications_recommender_systems,interaction,related_to,0.62,false,interaction,atlas taxonomy
atlas_ai_machine_learning_ai_applications_recommender_systems,atlas_ai_machine_learning_ai_applications_scientific_machine_learning,interaction,related_to,0.62,false,interaction,atlas taxonomy
atlas_ai_machine_learning_ai_safety_and_understanding,atlas_ai_machine_learning_domain,structure,part_of,0.96,true,structure,atlas taxonomy
atlas_ai_machine_learning_ai_safety_and_understanding_interpretability,atlas_ai_machine_learning_ai_safety_and_understanding,structure,part_of,0.94,true,structure,atlas taxonomy
atlas_atlas_ai_machine_learning_ai_safety_and_understanding_interpretability_theoretical_foundat,atlas_ai_machine_learning_ai_safety_and_understanding_interpretability,association,formalizes,0.82,true,association,atlas taxonomy
atlas_atlas_ai_machine_learning_ai_safety_and_understanding_interpretability_methods_and_instrum,atlas_ai_machine_learning_ai_safety_and_understanding_interpretability,association,method_for,0.82,true,association,atlas taxonomy
atlas_atlas_ai_machine_learning_ai_safety_and_understanding_interpretability_open_questions,atlas_ai_machine_learning_ai_safety_and_understanding_interpretability,association,investigates,0.72,true,association,atlas taxonomy
atlas_atlas_ai_machine_learning_ai_safety_and_understanding_interpretability_applications_and_im,atlas_ai_machine_learning_ai_safety_and_understanding_interpretability,application,application_of,0.82,true,application,atlas taxonomy
atlas_ai_machine_learning_ai_safety_and_understanding_robustness,atlas_ai_machine_learning_ai_safety_and_understanding,structure,part_of,0.94,true,structure,atlas taxonomy
atlas_atlas_ai_machine_learning_ai_safety_and_understanding_robustness_theoretical_foundations,atlas_ai_machine_learning_ai_safety_and_understanding_robustness,association,formalizes,0.82,true,association,atlas taxonomy
atlas_atlas_ai_machine_learning_ai_safety_and_understanding_robustness_methods_and_instruments,atlas_ai_machine_learning_ai_safety_and_understanding_robustness,association,method_for,0.82,true,association,atlas taxonomy
atlas_atlas_ai_machine_learning_ai_safety_and_understanding_robustness_open_questions,atlas_ai_machine_learning_ai_safety_and_understanding_robustness,association,investigates,0.72,true,association,atlas taxonomy
atlas_atlas_ai_machine_learning_ai_safety_and_understanding_robustness_applications_and_implicat,atlas_ai_machine_learning_ai_safety_and_understanding_robustness,application,application_of,0.82,true,application,atlas taxonomy
atlas_ai_machine_learning_ai_safety_and_understanding_alignment,atlas_ai_machine_learning_ai_safety_and_understanding,structure,part_of,0.94,true,structure,atlas taxonomy
atlas_atlas_ai_machine_learning_ai_safety_and_understanding_alignment_theoretical_foundations,atlas_ai_machine_learning_ai_safety_and_understanding_alignment,association,formalizes,0.82,true,association,atlas taxonomy
atlas_atlas_ai_machine_learning_ai_safety_and_understanding_alignment_methods_and_instruments,atlas_ai_machine_learning_ai_safety_and_understanding_alignment,association,method_for,0.82,true,association,atlas taxonomy
atlas_atlas_ai_machine_learning_ai_safety_and_understanding_alignment_open_questions,atlas_ai_machine_learning_ai_safety_and_understanding_alignment,association,investigates,0.72,true,association,atlas taxonomy
atlas_atlas_ai_machine_learning_ai_safety_and_understanding_alignment_applications_and_implicati,atlas_ai_machine_learning_ai_safety_and_understanding_alignment,application,application_of,0.82,true,application,atlas taxonomy
atlas_ai_machine_learning_ai_safety_and_understanding_fairness,atlas_ai_machine_learning_ai_safety_and_understanding,structure,part_of,0.94,true,structure,atlas taxonomy
atlas_atlas_ai_machine_learning_ai_safety_and_understanding_fairness_theoretical_foundations,atlas_ai_machine_learning_ai_safety_and_understanding_fairness,association,formalizes,0.82,true,association,atlas taxonomy
atlas_atlas_ai_machine_learning_ai_safety_and_understanding_fairness_methods_and_instruments,atlas_ai_machine_learning_ai_safety_and_understanding_fairness,association,method_for,0.82,true,association,atlas taxonomy
atlas_atlas_ai_machine_learning_ai_safety_and_understanding_fairness_open_questions,atlas_ai_machine_learning_ai_safety_and_understanding_fairness,association,investigates,0.72,true,association,atlas taxonomy
atlas_atlas_ai_machine_learning_ai_safety_and_understanding_fairness_applications_and_implicatio,atlas_ai_machine_learning_ai_safety_and_understanding_fairness,application,application_of,0.82,true,application,atlas taxonomy
atlas_ai_machine_learning_ai_safety_and_understanding_uncertainty_calibration,atlas_ai_machine_learning_ai_safety_and_understanding,structure,part_of,0.94,true,structure,atlas taxonomy
atlas_atlas_ai_machine_learning_ai_safety_and_understanding_uncertainty_calibration_theoretical_,atlas_ai_machine_learning_ai_safety_and_understanding_uncertainty_calibration,association,formalizes,0.82,true,association,atlas taxonomy
atlas_atlas_ai_machine_learning_ai_safety_and_understanding_uncertainty_calibration_methods_and_,atlas_ai_machine_learning_ai_safety_and_understanding_uncertainty_calibration,association,method_for,0.82,true,association,atlas taxonomy
atlas_atlas_ai_machine_learning_ai_safety_and_understanding_uncertainty_calibration_open_questio,atlas_ai_machine_learning_ai_safety_and_understanding_uncertainty_calibration,association,investigates,0.72,true,association,atlas taxonomy
atlas_atlas_ai_machine_learning_ai_safety_and_understanding_uncertainty_calibration_applications,atlas_ai_machine_learning_ai_safety_and_understanding_uncertainty_calibration,application,application_of,0.82,true,application,atlas taxonomy
atlas_ai_machine_learning_ai_safety_and_understanding_interpretability,atlas_ai_machine_learning_ai_safety_and_understanding_robustness,interaction,related_to,0.62,false,interaction,atlas taxonomy
atlas_ai_machine_learning_ai_safety_and_understanding_robustness,atlas_ai_machine_learning_ai_safety_and_understanding_alignment,interaction,related_to,0.62,false,interaction,atlas taxonomy
atlas_ai_machine_learning_ai_safety_and_understanding_alignment,atlas_ai_machine_learning_ai_safety_and_understanding_fairness,interaction,related_to,0.62,false,interaction,atlas taxonomy
atlas_ai_machine_learning_ai_safety_and_understanding_fairness,atlas_ai_machine_learning_ai_safety_and_understanding_uncertainty_calibration,interaction,related_to,0.62,false,interaction,atlas taxonomy
atlas_ai_machine_learning_machine_learning_theory,deep_learning,interaction,related_to,0.66,false,interaction,atlas taxonomy
deep_learning,atlas_ai_machine_learning_intelligent_agents,interaction,related_to,0.66,false,interaction,atlas taxonomy
atlas_ai_machine_learning_intelligent_agents,atlas_ai_machine_learning_ai_applications,interaction,related_to,0.66,false,interaction,atlas taxonomy
atlas_ai_machine_learning_ai_applications,atlas_ai_machine_learning_ai_safety_and_understanding,interaction,related_to,0.66,false,interaction,atlas taxonomy
atlas_engineering_technology_electrical_engineering,atlas_engineering_technology_domain,structure,part_of,0.96,true,structure,atlas taxonomy
atlas_engineering_technology_electrical_engineering_circuits,atlas_engineering_technology_electrical_engineering,structure,part_of,0.94,true,structure,atlas taxonomy
atlas_atlas_engineering_technology_electrical_engineering_circuits_theoretical_foundations,atlas_engineering_technology_electrical_engineering_circuits,association,formalizes,0.82,true,association,atlas taxonomy
atlas_atlas_engineering_technology_electrical_engineering_circuits_methods_and_instruments,atlas_engineering_technology_electrical_engineering_circuits,association,method_for,0.82,true,association,atlas taxonomy
atlas_atlas_engineering_technology_electrical_engineering_circuits_open_questions,atlas_engineering_technology_electrical_engineering_circuits,association,investigates,0.72,true,association,atlas taxonomy
atlas_atlas_engineering_technology_electrical_engineering_circuits_applications_and_implications,atlas_engineering_technology_electrical_engineering_circuits,application,application_of,0.82,true,application,atlas taxonomy
atlas_engineering_technology_electrical_engineering_signal_processing,atlas_engineering_technology_electrical_engineering,structure,part_of,0.94,true,structure,atlas taxonomy
atlas_atlas_engineering_technology_electrical_engineering_signal_processing_theoretical_foundati,atlas_engineering_technology_electrical_engineering_signal_processing,association,formalizes,0.82,true,association,atlas taxonomy
atlas_atlas_engineering_technology_electrical_engineering_signal_processing_methods_and_instrume,atlas_engineering_technology_electrical_engineering_signal_processing,association,method_for,0.82,true,association,atlas taxonomy
atlas_atlas_engineering_technology_electrical_engineering_signal_processing_open_questions,atlas_engineering_technology_electrical_engineering_signal_processing,association,investigates,0.72,true,association,atlas taxonomy
atlas_atlas_engineering_technology_electrical_engineering_signal_processing_applications_and_imp,atlas_engineering_technology_electrical_engineering_signal_processing,application,application_of,0.82,true,application,atlas taxonomy
atlas_engineering_technology_electrical_engineering_communications,atlas_engineering_technology_electrical_engineering,structure,part_of,0.94,true,structure,atlas taxonomy
atlas_atlas_engineering_technology_electrical_engineering_communications_theoretical_foundations,atlas_engineering_technology_electrical_engineering_communications,association,formalizes,0.82,true,association,atlas taxonomy
atlas_atlas_engineering_technology_electrical_engineering_communications_methods_and_instruments,atlas_engineering_technology_electrical_engineering_communications,association,method_for,0.82,true,association,atlas taxonomy
atlas_atlas_engineering_technology_electrical_engineering_communications_open_questions,atlas_engineering_technology_electrical_engineering_communications,association,investigates,0.72,true,association,atlas taxonomy
atlas_atlas_engineering_technology_electrical_engineering_communications_applications_and_implic,atlas_engineering_technology_electrical_engineering_communications,application,application_of,0.82,true,application,atlas taxonomy
atlas_engineering_technology_electrical_engineering_control_systems,atlas_engineering_technology_electrical_engineering,structure,part_of,0.94,true,structure,atlas taxonomy
atlas_atlas_engineering_technology_electrical_engineering_control_systems_theoretical_foundation,atlas_engineering_technology_electrical_engineering_control_systems,association,formalizes,0.82,true,association,atlas taxonomy
atlas_atlas_engineering_technology_electrical_engineering_control_systems_methods_and_instrument,atlas_engineering_technology_electrical_engineering_control_systems,association,method_for,0.82,true,association,atlas taxonomy
atlas_atlas_engineering_technology_electrical_engineering_control_systems_open_questions,atlas_engineering_technology_electrical_engineering_control_systems,association,investigates,0.72,true,association,atlas taxonomy
atlas_atlas_engineering_technology_electrical_engineering_control_systems_applications_and_impli,atlas_engineering_technology_electrical_engineering_control_systems,application,application_of,0.82,true,application,atlas taxonomy
atlas_engineering_technology_electrical_engineering_power_systems,atlas_engineering_technology_electrical_engineering,structure,part_of,0.94,true,structure,atlas taxonomy
atlas_atlas_engineering_technology_electrical_engineering_power_systems_theoretical_foundations,atlas_engineering_technology_electrical_engineering_power_systems,association,formalizes,0.82,true,association,atlas taxonomy
atlas_atlas_engineering_technology_electrical_engineering_power_systems_methods_and_instruments,atlas_engineering_technology_electrical_engineering_power_systems,association,method_for,0.82,true,association,atlas taxonomy
atlas_atlas_engineering_technology_electrical_engineering_power_systems_open_questions,atlas_engineering_technology_electrical_engineering_power_systems,association,investigates,0.72,true,association,atlas taxonomy
atlas_atlas_engineering_technology_electrical_engineering_power_systems_applications_and_implica,atlas_engineering_technology_electrical_engineering_power_systems,application,application_of,0.82,true,application,atlas taxonomy
atlas_engineering_technology_electrical_engineering_circuits,atlas_engineering_technology_electrical_engineering_signal_processing,interaction,related_to,0.62,false,interaction,atlas taxonomy
atlas_engineering_technology_electrical_engineering_signal_processing,atlas_engineering_technology_electrical_engineering_communications,interaction,related_to,0.62,false,interaction,atlas taxonomy
atlas_engineering_technology_electrical_engineering_communications,atlas_engineering_technology_electrical_engineering_control_systems,interaction,related_to,0.62,false,interaction,atlas taxonomy
atlas_engineering_technology_electrical_engineering_control_systems,atlas_engineering_technology_electrical_engineering_power_systems,interaction,related_to,0.62,false,interaction,atlas taxonomy
atlas_engineering_technology_mechanical_engineering,atlas_engineering_technology_domain,structure,part_of,0.96,true,structure,atlas taxonomy
atlas_engineering_technology_mechanical_engineering_solid_mechanics,atlas_engineering_technology_mechanical_engineering,structure,part_of,0.94,true,structure,atlas taxonomy
atlas_atlas_engineering_technology_mechanical_engineering_solid_mechanics_theoretical_foundation,atlas_engineering_technology_mechanical_engineering_solid_mechanics,association,formalizes,0.82,true,association,atlas taxonomy
atlas_atlas_engineering_technology_mechanical_engineering_solid_mechanics_methods_and_instrument,atlas_engineering_technology_mechanical_engineering_solid_mechanics,association,method_for,0.82,true,association,atlas taxonomy
atlas_atlas_engineering_technology_mechanical_engineering_solid_mechanics_open_questions,atlas_engineering_technology_mechanical_engineering_solid_mechanics,association,investigates,0.72,true,association,atlas taxonomy
atlas_atlas_engineering_technology_mechanical_engineering_solid_mechanics_applications_and_impli,atlas_engineering_technology_mechanical_engineering_solid_mechanics,application,application_of,0.82,true,application,atlas taxonomy
atlas_engineering_technology_mechanical_engineering_thermofluids,atlas_engineering_technology_mechanical_engineering,structure,part_of,0.94,true,structure,atlas taxonomy
atlas_atlas_engineering_technology_mechanical_engineering_thermofluids_theoretical_foundations,atlas_engineering_technology_mechanical_engineering_thermofluids,association,formalizes,0.82,true,association,atlas taxonomy
atlas_atlas_engineering_technology_mechanical_engineering_thermofluids_methods_and_instruments,atlas_engineering_technology_mechanical_engineering_thermofluids,association,method_for,0.82,true,association,atlas taxonomy
atlas_atlas_engineering_technology_mechanical_engineering_thermofluids_open_questions,atlas_engineering_technology_mechanical_engineering_thermofluids,association,investigates,0.72,true,association,atlas taxonomy
atlas_atlas_engineering_technology_mechanical_engineering_thermofluids_applications_and_implicat,atlas_engineering_technology_mechanical_engineering_thermofluids,application,application_of,0.82,true,application,atlas taxonomy
atlas_engineering_technology_mechanical_engineering_design_engineering,atlas_engineering_technology_mechanical_engineering,structure,part_of,0.94,true,structure,atlas taxonomy
atlas_atlas_engineering_technology_mechanical_engineering_design_engineering_theoretical_foundat,atlas_engineering_technology_mechanical_engineering_design_engineering,association,formalizes,0.82,true,association,atlas taxonomy
atlas_atlas_engineering_technology_mechanical_engineering_design_engineering_methods_and_instrum,atlas_engineering_technology_mechanical_engineering_design_engineering,association,method_for,0.82,true,association,atlas taxonomy
atlas_atlas_engineering_technology_mechanical_engineering_design_engineering_open_questions,atlas_engineering_technology_mechanical_engineering_design_engineering,association,investigates,0.72,true,association,atlas taxonomy
atlas_atlas_engineering_technology_mechanical_engineering_design_engineering_applications_and_im,atlas_engineering_technology_mechanical_engineering_design_engineering,application,application_of,0.82,true,application,atlas taxonomy
atlas_engineering_technology_mechanical_engineering_manufacturing,atlas_engineering_technology_mechanical_engineering,structure,part_of,0.94,true,structure,atlas taxonomy
atlas_atlas_engineering_technology_mechanical_engineering_manufacturing_theoretical_foundations,atlas_engineering_technology_mechanical_engineering_manufacturing,association,formalizes,0.82,true,association,atlas taxonomy
atlas_atlas_engineering_technology_mechanical_engineering_manufacturing_methods_and_instruments,atlas_engineering_technology_mechanical_engineering_manufacturing,association,method_for,0.82,true,association,atlas taxonomy
atlas_atlas_engineering_technology_mechanical_engineering_manufacturing_open_questions,atlas_engineering_technology_mechanical_engineering_manufacturing,association,investigates,0.72,true,association,atlas taxonomy
atlas_atlas_engineering_technology_mechanical_engineering_manufacturing_applications_and_implica,atlas_engineering_technology_mechanical_engineering_manufacturing,application,application_of,0.82,true,application,atlas taxonomy
atlas_engineering_technology_mechanical_engineering_tribology,atlas_engineering_technology_mechanical_engineering,structure,part_of,0.94,true,structure,atlas taxonomy
atlas_atlas_engineering_technology_mechanical_engineering_tribology_theoretical_foundations,atlas_engineering_technology_mechanical_engineering_tribology,association,formalizes,0.82,true,association,atlas taxonomy
atlas_atlas_engineering_technology_mechanical_engineering_tribology_methods_and_instruments,atlas_engineering_technology_mechanical_engineering_tribology,association,method_for,0.82,true,association,atlas taxonomy
atlas_atlas_engineering_technology_mechanical_engineering_tribology_open_questions,atlas_engineering_technology_mechanical_engineering_tribology,association,investigates,0.72,true,association,atlas taxonomy
atlas_atlas_engineering_technology_mechanical_engineering_tribology_applications_and_implication,atlas_engineering_technology_mechanical_engineering_tribology,application,application_of,0.82,true,application,atlas taxonomy
atlas_engineering_technology_mechanical_engineering_solid_mechanics,atlas_engineering_technology_mechanical_engineering_thermofluids,interaction,related_to,0.62,false,interaction,atlas taxonomy
atlas_engineering_technology_mechanical_engineering_thermofluids,atlas_engineering_technology_mechanical_engineering_design_engineering,interaction,related_to,0.62,false,interaction,atlas taxonomy
atlas_engineering_technology_mechanical_engineering_design_engineering,atlas_engineering_technology_mechanical_engineering_manufacturing,interaction,related_to,0.62,false,interaction,atlas taxonomy
atlas_engineering_technology_mechanical_engineering_manufacturing,atlas_engineering_technology_mechanical_engineering_tribology,interaction,related_to,0.62,false,interaction,atlas taxonomy
atlas_engineering_technology_civil_engineering,atlas_engineering_technology_domain,structure,part_of,0.96,true,structure,atlas taxonomy
atlas_engineering_technology_civil_engineering_structural_engineering,atlas_engineering_technology_civil_engineering,structure,part_of,0.94,true,structure,atlas taxonomy
atlas_atlas_engineering_technology_civil_engineering_structural_engineering_theoretical_foundati,atlas_engineering_technology_civil_engineering_structural_engineering,association,formalizes,0.82,true,association,atlas taxonomy
atlas_atlas_engineering_technology_civil_engineering_structural_engineering_methods_and_instrume,atlas_engineering_technology_civil_engineering_structural_engineering,association,method_for,0.82,true,association,atlas taxonomy
atlas_atlas_engineering_technology_civil_engineering_structural_engineering_open_questions,atlas_engineering_technology_civil_engineering_structural_engineering,association,investigates,0.72,true,association,atlas taxonomy
atlas_atlas_engineering_technology_civil_engineering_structural_engineering_applications_and_imp,atlas_engineering_technology_civil_engineering_structural_engineering,application,application_of,0.82,true,application,atlas taxonomy
atlas_engineering_technology_civil_engineering_geotechnical_engineering,atlas_engineering_technology_civil_engineering,structure,part_of,0.94,true,structure,atlas taxonomy
atlas_atlas_engineering_technology_civil_engineering_geotechnical_engineering_theoretical_founda,atlas_engineering_technology_civil_engineering_geotechnical_engineering,association,formalizes,0.82,true,association,atlas taxonomy
atlas_atlas_engineering_technology_civil_engineering_geotechnical_engineering_methods_and_instru,atlas_engineering_technology_civil_engineering_geotechnical_engineering,association,method_for,0.82,true,association,atlas taxonomy
atlas_atlas_engineering_technology_civil_engineering_geotechnical_engineering_open_questions,atlas_engineering_technology_civil_engineering_geotechnical_engineering,association,investigates,0.72,true,association,atlas taxonomy
atlas_atlas_engineering_technology_civil_engineering_geotechnical_engineering_applications_and_i,atlas_engineering_technology_civil_engineering_geotechnical_engineering,application,application_of,0.82,true,application,atlas taxonomy
atlas_engineering_technology_civil_engineering_transportation,atlas_engineering_technology_civil_engineering,structure,part_of,0.94,true,structure,atlas taxonomy
atlas_atlas_engineering_technology_civil_engineering_transportation_theoretical_foundations,atlas_engineering_technology_civil_engineering_transportation,association,formalizes,0.82,true,association,atlas taxonomy
atlas_atlas_engineering_technology_civil_engineering_transportation_methods_and_instruments,atlas_engineering_technology_civil_engineering_transportation,association,method_for,0.82,true,association,atlas taxonomy
atlas_atlas_engineering_technology_civil_engineering_transportation_open_questions,atlas_engineering_technology_civil_engineering_transportation,association,investigates,0.72,true,association,atlas taxonomy
atlas_atlas_engineering_technology_civil_engineering_transportation_applications_and_implication,atlas_engineering_technology_civil_engineering_transportation,application,application_of,0.82,true,application,atlas taxonomy
atlas_engineering_technology_civil_engineering_water_resources,atlas_engineering_technology_civil_engineering,structure,part_of,0.94,true,structure,atlas taxonomy
atlas_atlas_engineering_technology_civil_engineering_water_resources_theoretical_foundations,atlas_engineering_technology_civil_engineering_water_resources,association,formalizes,0.82,true,association,atlas taxonomy
atlas_atlas_engineering_technology_civil_engineering_water_resources_methods_and_instruments,atlas_engineering_technology_civil_engineering_water_resources,association,method_for,0.82,true,association,atlas taxonomy
atlas_atlas_engineering_technology_civil_engineering_water_resources_open_questions,atlas_engineering_technology_civil_engineering_water_resources,association,investigates,0.72,true,association,atlas taxonomy
atlas_atlas_engineering_technology_civil_engineering_water_resources_applications_and_implicatio,atlas_engineering_technology_civil_engineering_water_resources,application,application_of,0.82,true,application,atlas taxonomy
atlas_engineering_technology_civil_engineering_construction_science,atlas_engineering_technology_civil_engineering,structure,part_of,0.94,true,structure,atlas taxonomy
atlas_atlas_engineering_technology_civil_engineering_construction_science_theoretical_foundation,atlas_engineering_technology_civil_engineering_construction_science,association,formalizes,0.82,true,association,atlas taxonomy
atlas_atlas_engineering_technology_civil_engineering_construction_science_methods_and_instrument,atlas_engineering_technology_civil_engineering_construction_science,association,method_for,0.82,true,association,atlas taxonomy
atlas_atlas_engineering_technology_civil_engineering_construction_science_open_questions,atlas_engineering_technology_civil_engineering_construction_science,association,investigates,0.72,true,association,atlas taxonomy
atlas_atlas_engineering_technology_civil_engineering_construction_science_applications_and_impli,atlas_engineering_technology_civil_engineering_construction_science,application,application_of,0.82,true,application,atlas taxonomy
atlas_engineering_technology_civil_engineering_structural_engineering,atlas_engineering_technology_civil_engineering_geotechnical_engineering,interaction,related_to,0.62,false,interaction,atlas taxonomy
atlas_engineering_technology_civil_engineering_geotechnical_engineering,atlas_engineering_technology_civil_engineering_transportation,interaction,related_to,0.62,false,interaction,atlas taxonomy
atlas_engineering_technology_civil_engineering_transportation,atlas_engineering_technology_civil_engineering_water_resources,interaction,related_to,0.62,false,interaction,atlas taxonomy
atlas_engineering_technology_civil_engineering_water_resources,atlas_engineering_technology_civil_engineering_construction_science,interaction,related_to,0.62,false,interaction,atlas taxonomy
atlas_engineering_technology_chemical_engineering,atlas_engineering_technology_domain,structure,part_of,0.96,true,structure,atlas taxonomy
atlas_engineering_technology_chemical_engineering_transport_phenomena,atlas_engineering_technology_chemical_engineering,structure,part_of,0.94,true,structure,atlas taxonomy
atlas_atlas_engineering_technology_chemical_engineering_transport_phenomena_theoretical_foundati,atlas_engineering_technology_chemical_engineering_transport_phenomena,association,formalizes,0.82,true,association,atlas taxonomy
atlas_atlas_engineering_technology_chemical_engineering_transport_phenomena_methods_and_instrume,atlas_engineering_technology_chemical_engineering_transport_phenomena,association,method_for,0.82,true,association,atlas taxonomy
atlas_atlas_engineering_technology_chemical_engineering_transport_phenomena_open_questions,atlas_engineering_technology_chemical_engineering_transport_phenomena,association,investigates,0.72,true,association,atlas taxonomy
atlas_atlas_engineering_technology_chemical_engineering_transport_phenomena_applications_and_imp,atlas_engineering_technology_chemical_engineering_transport_phenomena,application,application_of,0.82,true,application,atlas taxonomy
atlas_engineering_technology_chemical_engineering_reactor_design,atlas_engineering_technology_chemical_engineering,structure,part_of,0.94,true,structure,atlas taxonomy
atlas_atlas_engineering_technology_chemical_engineering_reactor_design_theoretical_foundations,atlas_engineering_technology_chemical_engineering_reactor_design,association,formalizes,0.82,true,association,atlas taxonomy
atlas_atlas_engineering_technology_chemical_engineering_reactor_design_methods_and_instruments,atlas_engineering_technology_chemical_engineering_reactor_design,association,method_for,0.82,true,association,atlas taxonomy
atlas_atlas_engineering_technology_chemical_engineering_reactor_design_open_questions,atlas_engineering_technology_chemical_engineering_reactor_design,association,investigates,0.72,true,association,atlas taxonomy
atlas_atlas_engineering_technology_chemical_engineering_reactor_design_applications_and_implicat,atlas_engineering_technology_chemical_engineering_reactor_design,application,application_of,0.82,true,application,atlas taxonomy
atlas_engineering_technology_chemical_engineering_separations,atlas_engineering_technology_chemical_engineering,structure,part_of,0.94,true,structure,atlas taxonomy
atlas_atlas_engineering_technology_chemical_engineering_separations_theoretical_foundations,atlas_engineering_technology_chemical_engineering_separations,association,formalizes,0.82,true,association,atlas taxonomy
atlas_atlas_engineering_technology_chemical_engineering_separations_methods_and_instruments,atlas_engineering_technology_chemical_engineering_separations,association,method_for,0.82,true,association,atlas taxonomy
atlas_atlas_engineering_technology_chemical_engineering_separations_open_questions,atlas_engineering_technology_chemical_engineering_separations,association,investigates,0.72,true,association,atlas taxonomy
atlas_atlas_engineering_technology_chemical_engineering_separations_applications_and_implication,atlas_engineering_technology_chemical_engineering_separations,application,application_of,0.82,true,application,atlas taxonomy
atlas_engineering_technology_chemical_engineering_process_control,atlas_engineering_technology_chemical_engineering,structure,part_of,0.94,true,structure,atlas taxonomy
atlas_atlas_engineering_technology_chemical_engineering_process_control_theoretical_foundations,atlas_engineering_technology_chemical_engineering_process_control,association,formalizes,0.82,true,association,atlas taxonomy
atlas_atlas_engineering_technology_chemical_engineering_process_control_methods_and_instruments,atlas_engineering_technology_chemical_engineering_process_control,association,method_for,0.82,true,association,atlas taxonomy
atlas_atlas_engineering_technology_chemical_engineering_process_control_open_questions,atlas_engineering_technology_chemical_engineering_process_control,association,investigates,0.72,true,association,atlas taxonomy
atlas_atlas_engineering_technology_chemical_engineering_process_control_applications_and_implica,atlas_engineering_technology_chemical_engineering_process_control,application,application_of,0.82,true,application,atlas taxonomy
atlas_engineering_technology_chemical_engineering_industrial_catalysis,atlas_engineering_technology_chemical_engineering,structure,part_of,0.94,true,structure,atlas taxonomy
atlas_atlas_engineering_technology_chemical_engineering_industrial_catalysis_theoretical_foundat,atlas_engineering_technology_chemical_engineering_industrial_catalysis,association,formalizes,0.82,true,association,atlas taxonomy
atlas_atlas_engineering_technology_chemical_engineering_industrial_catalysis_methods_and_instrum,atlas_engineering_technology_chemical_engineering_industrial_catalysis,association,method_for,0.82,true,association,atlas taxonomy
atlas_atlas_engineering_technology_chemical_engineering_industrial_catalysis_open_questions,atlas_engineering_technology_chemical_engineering_industrial_catalysis,association,investigates,0.72,true,association,atlas taxonomy
atlas_atlas_engineering_technology_chemical_engineering_industrial_catalysis_applications_and_im,atlas_engineering_technology_chemical_engineering_industrial_catalysis,application,application_of,0.82,true,application,atlas taxonomy
atlas_engineering_technology_chemical_engineering_transport_phenomena,atlas_engineering_technology_chemical_engineering_reactor_design,interaction,related_to,0.62,false,interaction,atlas taxonomy
atlas_engineering_technology_chemical_engineering_reactor_design,atlas_engineering_technology_chemical_engineering_separations,interaction,related_to,0.62,false,interaction,atlas taxonomy
atlas_engineering_technology_chemical_engineering_separations,atlas_engineering_technology_chemical_engineering_process_control,interaction,related_to,0.62,false,interaction,atlas taxonomy
atlas_engineering_technology_chemical_engineering_process_control,atlas_engineering_technology_chemical_engineering_industrial_catalysis,interaction,related_to,0.62,false,interaction,atlas taxonomy
atlas_engineering_technology_robotics_and_autonomous_systems,atlas_engineering_technology_domain,structure,part_of,0.96,true,structure,atlas taxonomy
atlas_engineering_technology_robotics_and_autonomous_systems_robot_perception,atlas_engineering_technology_robotics_and_autonomous_systems,structure,part_of,0.94,true,structure,atlas taxonomy
atlas_atlas_engineering_technology_robotics_and_autonomous_systems_robot_perception_theoretical_,atlas_engineering_technology_robotics_and_autonomous_systems_robot_perception,association,formalizes,0.82,true,association,atlas taxonomy
atlas_atlas_engineering_technology_robotics_and_autonomous_systems_robot_perception_methods_and_,atlas_engineering_technology_robotics_and_autonomous_systems_robot_perception,association,method_for,0.82,true,association,atlas taxonomy
atlas_atlas_engineering_technology_robotics_and_autonomous_systems_robot_perception_open_questio,atlas_engineering_technology_robotics_and_autonomous_systems_robot_perception,association,investigates,0.72,true,association,atlas taxonomy
atlas_atlas_engineering_technology_robotics_and_autonomous_systems_robot_perception_applications,atlas_engineering_technology_robotics_and_autonomous_systems_robot_perception,application,application_of,0.82,true,application,atlas taxonomy
atlas_engineering_technology_robotics_and_autonomous_systems_motion_planning,atlas_engineering_technology_robotics_and_autonomous_systems,structure,part_of,0.94,true,structure,atlas taxonomy
atlas_atlas_engineering_technology_robotics_and_autonomous_systems_motion_planning_theoretical_f,atlas_engineering_technology_robotics_and_autonomous_systems_motion_planning,association,formalizes,0.82,true,association,atlas taxonomy
atlas_atlas_engineering_technology_robotics_and_autonomous_systems_motion_planning_methods_and_i,atlas_engineering_technology_robotics_and_autonomous_systems_motion_planning,association,method_for,0.82,true,association,atlas taxonomy
atlas_atlas_engineering_technology_robotics_and_autonomous_systems_motion_planning_open_question,atlas_engineering_technology_robotics_and_autonomous_systems_motion_planning,association,investigates,0.72,true,association,atlas taxonomy
atlas_atlas_engineering_technology_robotics_and_autonomous_systems_motion_planning_applications_,atlas_engineering_technology_robotics_and_autonomous_systems_motion_planning,application,application_of,0.82,true,application,atlas taxonomy
atlas_engineering_technology_robotics_and_autonomous_systems_manipulation,atlas_engineering_technology_robotics_and_autonomous_systems,structure,part_of,0.94,true,structure,atlas taxonomy
atlas_atlas_engineering_technology_robotics_and_autonomous_systems_manipulation_theoretical_foun,atlas_engineering_technology_robotics_and_autonomous_systems_manipulation,association,formalizes,0.82,true,association,atlas taxonomy
atlas_atlas_engineering_technology_robotics_and_autonomous_systems_manipulation_methods_and_inst,atlas_engineering_technology_robotics_and_autonomous_systems_manipulation,association,method_for,0.82,true,association,atlas taxonomy
atlas_atlas_engineering_technology_robotics_and_autonomous_systems_manipulation_open_questions,atlas_engineering_technology_robotics_and_autonomous_systems_manipulation,association,investigates,0.72,true,association,atlas taxonomy
atlas_atlas_engineering_technology_robotics_and_autonomous_systems_manipulation_applications_and,atlas_engineering_technology_robotics_and_autonomous_systems_manipulation,application,application_of,0.82,true,application,atlas taxonomy
atlas_engineering_technology_robotics_and_autonomous_systems_swarm_robotics,atlas_engineering_technology_robotics_and_autonomous_systems,structure,part_of,0.94,true,structure,atlas taxonomy
atlas_atlas_engineering_technology_robotics_and_autonomous_systems_swarm_robotics_theoretical_fo,atlas_engineering_technology_robotics_and_autonomous_systems_swarm_robotics,association,formalizes,0.82,true,association,atlas taxonomy
atlas_atlas_engineering_technology_robotics_and_autonomous_systems_swarm_robotics_methods_and_in,atlas_engineering_technology_robotics_and_autonomous_systems_swarm_robotics,association,method_for,0.82,true,association,atlas taxonomy
atlas_atlas_engineering_technology_robotics_and_autonomous_systems_swarm_robotics_open_questions,atlas_engineering_technology_robotics_and_autonomous_systems_swarm_robotics,association,investigates,0.72,true,association,atlas taxonomy
atlas_atlas_engineering_technology_robotics_and_autonomous_systems_swarm_robotics_applications_a,atlas_engineering_technology_robotics_and_autonomous_systems_swarm_robotics,application,application_of,0.82,true,application,atlas taxonomy
atlas_engineering_technology_robotics_and_autonomous_systems_autonomous_vehicles,atlas_engineering_technology_robotics_and_autonomous_systems,structure,part_of,0.94,true,structure,atlas taxonomy
atlas_atlas_engineering_technology_robotics_and_autonomous_systems_autonomous_vehicles_theoretic,atlas_engineering_technology_robotics_and_autonomous_systems_autonomous_vehicles,association,formalizes,0.82,true,association,atlas taxonomy
atlas_atlas_engineering_technology_robotics_and_autonomous_systems_autonomous_vehicles_methods_a,atlas_engineering_technology_robotics_and_autonomous_systems_autonomous_vehicles,association,method_for,0.82,true,association,atlas taxonomy
atlas_atlas_engineering_technology_robotics_and_autonomous_systems_autonomous_vehicles_open_ques,atlas_engineering_technology_robotics_and_autonomous_systems_autonomous_vehicles,association,investigates,0.72,true,association,atlas taxonomy
atlas_atlas_engineering_technology_robotics_and_autonomous_systems_autonomous_vehicles_applicati,atlas_engineering_technology_robotics_and_autonomous_systems_autonomous_vehicles,application,application_of,0.82,true,application,atlas taxonomy
atlas_engineering_technology_robotics_and_autonomous_systems_robot_perception,atlas_engineering_technology_robotics_and_autonomous_systems_motion_planning,interaction,related_to,0.62,false,interaction,atlas taxonomy
atlas_engineering_technology_robotics_and_autonomous_systems_motion_planning,atlas_engineering_technology_robotics_and_autonomous_systems_manipulation,interaction,related_to,0.62,false,interaction,atlas taxonomy
atlas_engineering_technology_robotics_and_autonomous_systems_manipulation,atlas_engineering_technology_robotics_and_autonomous_systems_swarm_robotics,interaction,related_to,0.62,false,interaction,atlas taxonomy
atlas_engineering_technology_robotics_and_autonomous_systems_swarm_robotics,atlas_engineering_technology_robotics_and_autonomous_systems_autonomous_vehicles,interaction,related_to,0.62,false,interaction,atlas taxonomy
atlas_engineering_technology_electrical_engineering,atlas_engineering_technology_mechanical_engineering,interaction,related_to,0.66,false,interaction,atlas taxonomy
atlas_engineering_technology_mechanical_engineering,atlas_engineering_technology_civil_engineering,interaction,related_to,0.66,false,interaction,atlas taxonomy
atlas_engineering_technology_civil_engineering,atlas_engineering_technology_chemical_engineering,interaction,related_to,0.66,false,interaction,atlas taxonomy
atlas_engineering_technology_chemical_engineering,atlas_engineering_technology_robotics_and_autonomous_systems,interaction,related_to,0.66,false,interaction,atlas taxonomy
quantum_computing,atlas_quantum_technology_domain,structure,part_of,0.96,true,structure,atlas taxonomy
atlas_quantum_technology_quantum_computing_quantum_algorithms,quantum_computing,structure,part_of,0.94,true,structure,atlas taxonomy
atlas_atlas_quantum_technology_quantum_computing_quantum_algorithms_theoretical_foundations,atlas_quantum_technology_quantum_computing_quantum_algorithms,association,formalizes,0.82,true,association,atlas taxonomy
atlas_atlas_quantum_technology_quantum_computing_quantum_algorithms_methods_and_instruments,atlas_quantum_technology_quantum_computing_quantum_algorithms,association,method_for,0.82,true,association,atlas taxonomy
atlas_atlas_quantum_technology_quantum_computing_quantum_algorithms_open_questions,atlas_quantum_technology_quantum_computing_quantum_algorithms,association,investigates,0.72,true,association,atlas taxonomy
atlas_atlas_quantum_technology_quantum_computing_quantum_algorithms_applications_and_implication,atlas_quantum_technology_quantum_computing_quantum_algorithms,application,application_of,0.82,true,application,atlas taxonomy
atlas_quantum_technology_quantum_computing_quantum_error_correction,quantum_computing,structure,part_of,0.94,true,structure,atlas taxonomy
atlas_atlas_quantum_technology_quantum_computing_quantum_error_correction_theoretical_foundation,atlas_quantum_technology_quantum_computing_quantum_error_correction,association,formalizes,0.82,true,association,atlas taxonomy
atlas_atlas_quantum_technology_quantum_computing_quantum_error_correction_methods_and_instrument,atlas_quantum_technology_quantum_computing_quantum_error_correction,association,method_for,0.82,true,association,atlas taxonomy
atlas_atlas_quantum_technology_quantum_computing_quantum_error_correction_open_questions,atlas_quantum_technology_quantum_computing_quantum_error_correction,association,investigates,0.72,true,association,atlas taxonomy
atlas_atlas_quantum_technology_quantum_computing_quantum_error_correction_applications_and_impli,atlas_quantum_technology_quantum_computing_quantum_error_correction,application,application_of,0.82,true,application,atlas taxonomy
atlas_quantum_technology_quantum_computing_quantum_architectures,quantum_computing,structure,part_of,0.94,true,structure,atlas taxonomy
atlas_atlas_quantum_technology_quantum_computing_quantum_architectures_theoretical_foundations,atlas_quantum_technology_quantum_computing_quantum_architectures,association,formalizes,0.82,true,association,atlas taxonomy
atlas_atlas_quantum_technology_quantum_computing_quantum_architectures_methods_and_instruments,atlas_quantum_technology_quantum_computing_quantum_architectures,association,method_for,0.82,true,association,atlas taxonomy
atlas_atlas_quantum_technology_quantum_computing_quantum_architectures_open_questions,atlas_quantum_technology_quantum_computing_quantum_architectures,association,investigates,0.72,true,association,atlas taxonomy
atlas_atlas_quantum_technology_quantum_computing_quantum_architectures_applications_and_implicat,atlas_quantum_technology_quantum_computing_quantum_architectures,application,application_of,0.82,true,application,atlas taxonomy
atlas_quantum_technology_quantum_computing_quantum_simulation,quantum_computing,structure,part_of,0.94,true,structure,atlas taxonomy
atlas_atlas_quantum_technology_quantum_computing_quantum_simulation_theoretical_foundations,atlas_quantum_technology_quantum_computing_quantum_simulation,association,formalizes,0.82,true,association,atlas taxonomy
atlas_atlas_quantum_technology_quantum_computing_quantum_simulation_methods_and_instruments,atlas_quantum_technology_quantum_computing_quantum_simulation,association,method_for,0.82,true,association,atlas taxonomy
atlas_atlas_quantum_technology_quantum_computing_quantum_simulation_open_questions,atlas_quantum_technology_quantum_computing_quantum_simulation,association,investigates,0.72,true,association,atlas taxonomy
atlas_atlas_quantum_technology_quantum_computing_quantum_simulation_applications_and_implication,atlas_quantum_technology_quantum_computing_quantum_simulation,application,application_of,0.82,true,application,atlas taxonomy
atlas_quantum_technology_quantum_computing_fault_tolerance,quantum_computing,structure,part_of,0.94,true,structure,atlas taxonomy
atlas_atlas_quantum_technology_quantum_computing_fault_tolerance_theoretical_foundations,atlas_quantum_technology_quantum_computing_fault_tolerance,association,formalizes,0.82,true,association,atlas taxonomy
atlas_atlas_quantum_technology_quantum_computing_fault_tolerance_methods_and_instruments,atlas_quantum_technology_quantum_computing_fault_tolerance,association,method_for,0.82,true,association,atlas taxonomy
atlas_atlas_quantum_technology_quantum_computing_fault_tolerance_open_questions,atlas_quantum_technology_quantum_computing_fault_tolerance,association,investigates,0.72,true,association,atlas taxonomy
atlas_atlas_quantum_technology_quantum_computing_fault_tolerance_applications_and_implications,atlas_quantum_technology_quantum_computing_fault_tolerance,application,application_of,0.82,true,application,atlas taxonomy
atlas_quantum_technology_quantum_computing_quantum_algorithms,atlas_quantum_technology_quantum_computing_quantum_error_correction,interaction,related_to,0.62,false,interaction,atlas taxonomy
atlas_quantum_technology_quantum_computing_quantum_error_correction,atlas_quantum_technology_quantum_computing_quantum_architectures,interaction,related_to,0.62,false,interaction,atlas taxonomy
atlas_quantum_technology_quantum_computing_quantum_architectures,atlas_quantum_technology_quantum_computing_quantum_simulation,interaction,related_to,0.62,false,interaction,atlas taxonomy
atlas_quantum_technology_quantum_computing_quantum_simulation,atlas_quantum_technology_quantum_computing_fault_tolerance,interaction,related_to,0.62,false,interaction,atlas taxonomy
atlas_quantum_technology_quantum_communication,atlas_quantum_technology_domain,structure,part_of,0.96,true,structure,atlas taxonomy
atlas_quantum_technology_quantum_communication_quantum_cryptography,atlas_quantum_technology_quantum_communication,structure,part_of,0.94,true,structure,atlas taxonomy
atlas_atlas_quantum_technology_quantum_communication_quantum_cryptography_theoretical_foundation,atlas_quantum_technology_quantum_communication_quantum_cryptography,association,formalizes,0.82,true,association,atlas taxonomy
atlas_atlas_quantum_technology_quantum_communication_quantum_cryptography_methods_and_instrument,atlas_quantum_technology_quantum_communication_quantum_cryptography,association,method_for,0.82,true,association,atlas taxonomy
atlas_atlas_quantum_technology_quantum_communication_quantum_cryptography_open_questions,atlas_quantum_technology_quantum_communication_quantum_cryptography,association,investigates,0.72,true,association,atlas taxonomy
atlas_atlas_quantum_technology_quantum_communication_quantum_cryptography_applications_and_impli,atlas_quantum_technology_quantum_communication_quantum_cryptography,application,application_of,0.82,true,application,atlas taxonomy
atlas_quantum_technology_quantum_communication_quantum_networks,atlas_quantum_technology_quantum_communication,structure,part_of,0.94,true,structure,atlas taxonomy
atlas_atlas_quantum_technology_quantum_communication_quantum_networks_theoretical_foundations,atlas_quantum_technology_quantum_communication_quantum_networks,association,formalizes,0.82,true,association,atlas taxonomy
atlas_atlas_quantum_technology_quantum_communication_quantum_networks_methods_and_instruments,atlas_quantum_technology_quantum_communication_quantum_networks,association,method_for,0.82,true,association,atlas taxonomy
atlas_atlas_quantum_technology_quantum_communication_quantum_networks_open_questions,atlas_quantum_technology_quantum_communication_quantum_networks,association,investigates,0.72,true,association,atlas taxonomy
atlas_atlas_quantum_technology_quantum_communication_quantum_networks_applications_and_implicati,atlas_quantum_technology_quantum_communication_quantum_networks,application,application_of,0.82,true,application,atlas taxonomy
atlas_quantum_technology_quantum_communication_entanglement_distribution,atlas_quantum_technology_quantum_communication,structure,part_of,0.94,true,structure,atlas taxonomy
atlas_atlas_quantum_technology_quantum_communication_entanglement_distribution_theoretical_found,atlas_quantum_technology_quantum_communication_entanglement_distribution,association,formalizes,0.82,true,association,atlas taxonomy
atlas_atlas_quantum_technology_quantum_communication_entanglement_distribution_methods_and_instr,atlas_quantum_technology_quantum_communication_entanglement_distribution,association,method_for,0.82,true,association,atlas taxonomy
atlas_atlas_quantum_technology_quantum_communication_entanglement_distribution_open_questions,atlas_quantum_technology_quantum_communication_entanglement_distribution,association,investigates,0.72,true,association,atlas taxonomy
atlas_atlas_quantum_technology_quantum_communication_entanglement_distribution_applications_and_,atlas_quantum_technology_quantum_communication_entanglement_distribution,application,application_of,0.82,true,application,atlas taxonomy
atlas_quantum_technology_quantum_communication_quantum_repeaters,atlas_quantum_technology_quantum_communication,structure,part_of,0.94,true,structure,atlas taxonomy
atlas_atlas_quantum_technology_quantum_communication_quantum_repeaters_theoretical_foundations,atlas_quantum_technology_quantum_communication_quantum_repeaters,association,formalizes,0.82,true,association,atlas taxonomy
atlas_atlas_quantum_technology_quantum_communication_quantum_repeaters_methods_and_instruments,atlas_quantum_technology_quantum_communication_quantum_repeaters,association,method_for,0.82,true,association,atlas taxonomy
atlas_atlas_quantum_technology_quantum_communication_quantum_repeaters_open_questions,atlas_quantum_technology_quantum_communication_quantum_repeaters,association,investigates,0.72,true,association,atlas taxonomy
atlas_atlas_quantum_technology_quantum_communication_quantum_repeaters_applications_and_implicat,atlas_quantum_technology_quantum_communication_quantum_repeaters,application,application_of,0.82,true,application,atlas taxonomy
atlas_quantum_technology_quantum_communication_device_independent_protocols,atlas_quantum_technology_quantum_communication,structure,part_of,0.94,true,structure,atlas taxonomy
atlas_atlas_quantum_technology_quantum_communication_device_independent_protocols_theoretical_fo,atlas_quantum_technology_quantum_communication_device_independent_protocols,association,formalizes,0.82,true,association,atlas taxonomy
atlas_atlas_quantum_technology_quantum_communication_device_independent_protocols_methods_and_in,atlas_quantum_technology_quantum_communication_device_independent_protocols,association,method_for,0.82,true,association,atlas taxonomy
atlas_atlas_quantum_technology_quantum_communication_device_independent_protocols_open_questions,atlas_quantum_technology_quantum_communication_device_independent_protocols,association,investigates,0.72,true,association,atlas taxonomy
atlas_atlas_quantum_technology_quantum_communication_device_independent_protocols_applications_a,atlas_quantum_technology_quantum_communication_device_independent_protocols,application,application_of,0.82,true,application,atlas taxonomy
atlas_quantum_technology_quantum_communication_quantum_cryptography,atlas_quantum_technology_quantum_communication_quantum_networks,interaction,related_to,0.62,false,interaction,atlas taxonomy
atlas_quantum_technology_quantum_communication_quantum_networks,atlas_quantum_technology_quantum_communication_entanglement_distribution,interaction,related_to,0.62,false,interaction,atlas taxonomy
atlas_quantum_technology_quantum_communication_entanglement_distribution,atlas_quantum_technology_quantum_communication_quantum_repeaters,interaction,related_to,0.62,false,interaction,atlas taxonomy
atlas_quantum_technology_quantum_communication_quantum_repeaters,atlas_quantum_technology_quantum_communication_device_independent_protocols,interaction,related_to,0.62,false,interaction,atlas taxonomy
atlas_quantum_technology_quantum_sensing,atlas_quantum_technology_domain,structure,part_of,0.96,true,structure,atlas taxonomy
atlas_quantum_technology_quantum_sensing_atomic_clocks,atlas_quantum_technology_quantum_sensing,structure,part_of,0.94,true,structure,atlas taxonomy
atlas_atlas_quantum_technology_quantum_sensing_atomic_clocks_theoretical_foundations,atlas_quantum_technology_quantum_sensing_atomic_clocks,association,formalizes,0.82,true,association,atlas taxonomy
atlas_atlas_quantum_technology_quantum_sensing_atomic_clocks_methods_and_instruments,atlas_quantum_technology_quantum_sensing_atomic_clocks,association,method_for,0.82,true,association,atlas taxonomy
atlas_atlas_quantum_technology_quantum_sensing_atomic_clocks_open_questions,atlas_quantum_technology_quantum_sensing_atomic_clocks,association,investigates,0.72,true,association,atlas taxonomy
atlas_atlas_quantum_technology_quantum_sensing_atomic_clocks_applications_and_implications,atlas_quantum_technology_quantum_sensing_atomic_clocks,application,application_of,0.82,true,application,atlas taxonomy
atlas_quantum_technology_quantum_sensing_quantum_magnetometry,atlas_quantum_technology_quantum_sensing,structure,part_of,0.94,true,structure,atlas taxonomy
atlas_atlas_quantum_technology_quantum_sensing_quantum_magnetometry_theoretical_foundations,atlas_quantum_technology_quantum_sensing_quantum_magnetometry,association,formalizes,0.82,true,association,atlas taxonomy
atlas_atlas_quantum_technology_quantum_sensing_quantum_magnetometry_methods_and_instruments,atlas_quantum_technology_quantum_sensing_quantum_magnetometry,association,method_for,0.82,true,association,atlas taxonomy
atlas_atlas_quantum_technology_quantum_sensing_quantum_magnetometry_open_questions,atlas_quantum_technology_quantum_sensing_quantum_magnetometry,association,investigates,0.72,true,association,atlas taxonomy
atlas_atlas_quantum_technology_quantum_sensing_quantum_magnetometry_applications_and_implication,atlas_quantum_technology_quantum_sensing_quantum_magnetometry,application,application_of,0.82,true,application,atlas taxonomy
atlas_quantum_technology_quantum_sensing_quantum_imaging,atlas_quantum_technology_quantum_sensing,structure,part_of,0.94,true,structure,atlas taxonomy
atlas_atlas_quantum_technology_quantum_sensing_quantum_imaging_theoretical_foundations,atlas_quantum_technology_quantum_sensing_quantum_imaging,association,formalizes,0.82,true,association,atlas taxonomy
atlas_atlas_quantum_technology_quantum_sensing_quantum_imaging_methods_and_instruments,atlas_quantum_technology_quantum_sensing_quantum_imaging,association,method_for,0.82,true,association,atlas taxonomy
atlas_atlas_quantum_technology_quantum_sensing_quantum_imaging_open_questions,atlas_quantum_technology_quantum_sensing_quantum_imaging,association,investigates,0.72,true,association,atlas taxonomy
atlas_atlas_quantum_technology_quantum_sensing_quantum_imaging_applications_and_implications,atlas_quantum_technology_quantum_sensing_quantum_imaging,application,application_of,0.82,true,application,atlas taxonomy
atlas_quantum_technology_quantum_sensing_inertial_sensing,atlas_quantum_technology_quantum_sensing,structure,part_of,0.94,true,structure,atlas taxonomy
atlas_atlas_quantum_technology_quantum_sensing_inertial_sensing_theoretical_foundations,atlas_quantum_technology_quantum_sensing_inertial_sensing,association,formalizes,0.82,true,association,atlas taxonomy
atlas_atlas_quantum_technology_quantum_sensing_inertial_sensing_methods_and_instruments,atlas_quantum_technology_quantum_sensing_inertial_sensing,association,method_for,0.82,true,association,atlas taxonomy
atlas_atlas_quantum_technology_quantum_sensing_inertial_sensing_open_questions,atlas_quantum_technology_quantum_sensing_inertial_sensing,association,investigates,0.72,true,association,atlas taxonomy
atlas_atlas_quantum_technology_quantum_sensing_inertial_sensing_applications_and_implications,atlas_quantum_technology_quantum_sensing_inertial_sensing,application,application_of,0.82,true,application,atlas taxonomy
atlas_quantum_technology_quantum_sensing_gravitational_sensing,atlas_quantum_technology_quantum_sensing,structure,part_of,0.94,true,structure,atlas taxonomy
atlas_atlas_quantum_technology_quantum_sensing_gravitational_sensing_theoretical_foundations,atlas_quantum_technology_quantum_sensing_gravitational_sensing,association,formalizes,0.82,true,association,atlas taxonomy
atlas_atlas_quantum_technology_quantum_sensing_gravitational_sensing_methods_and_instruments,atlas_quantum_technology_quantum_sensing_gravitational_sensing,association,method_for,0.82,true,association,atlas taxonomy
atlas_atlas_quantum_technology_quantum_sensing_gravitational_sensing_open_questions,atlas_quantum_technology_quantum_sensing_gravitational_sensing,association,investigates,0.72,true,association,atlas taxonomy
atlas_atlas_quantum_technology_quantum_sensing_gravitational_sensing_applications_and_implicatio,atlas_quantum_technology_quantum_sensing_gravitational_sensing,application,application_of,0.82,true,application,atlas taxonomy
atlas_quantum_technology_quantum_sensing_atomic_clocks,atlas_quantum_technology_quantum_sensing_quantum_magnetometry,interaction,related_to,0.62,false,interaction,atlas taxonomy
atlas_quantum_technology_quantum_sensing_quantum_magnetometry,atlas_quantum_technology_quantum_sensing_quantum_imaging,interaction,related_to,0.62,false,interaction,atlas taxonomy
atlas_quantum_technology_quantum_sensing_quantum_imaging,atlas_quantum_technology_quantum_sensing_inertial_sensing,interaction,related_to,0.62,false,interaction,atlas taxonomy
atlas_quantum_technology_quantum_sensing_inertial_sensing,atlas_quantum_technology_quantum_sensing_gravitational_sensing,interaction,related_to,0.62,false,interaction,atlas taxonomy
atlas_quantum_technology_quantum_materials,atlas_quantum_technology_domain,structure,part_of,0.96,true,structure,atlas taxonomy
atlas_quantum_technology_quantum_materials_topological_phases,atlas_quantum_technology_quantum_materials,structure,part_of,0.94,true,structure,atlas taxonomy
atlas_atlas_quantum_technology_quantum_materials_topological_phases_theoretical_foundations,atlas_quantum_technology_quantum_materials_topological_phases,association,formalizes,0.82,true,association,atlas taxonomy
atlas_atlas_quantum_technology_quantum_materials_topological_phases_methods_and_instruments,atlas_quantum_technology_quantum_materials_topological_phases,association,method_for,0.82,true,association,atlas taxonomy
atlas_atlas_quantum_technology_quantum_materials_topological_phases_open_questions,atlas_quantum_technology_quantum_materials_topological_phases,association,investigates,0.72,true,association,atlas taxonomy
atlas_atlas_quantum_technology_quantum_materials_topological_phases_applications_and_implication,atlas_quantum_technology_quantum_materials_topological_phases,application,application_of,0.82,true,application,atlas taxonomy
atlas_quantum_technology_quantum_materials_quantum_spin_liquids,atlas_quantum_technology_quantum_materials,structure,part_of,0.94,true,structure,atlas taxonomy
atlas_atlas_quantum_technology_quantum_materials_quantum_spin_liquids_theoretical_foundations,atlas_quantum_technology_quantum_materials_quantum_spin_liquids,association,formalizes,0.82,true,association,atlas taxonomy
atlas_atlas_quantum_technology_quantum_materials_quantum_spin_liquids_methods_and_instruments,atlas_quantum_technology_quantum_materials_quantum_spin_liquids,association,method_for,0.82,true,association,atlas taxonomy
atlas_atlas_quantum_technology_quantum_materials_quantum_spin_liquids_open_questions,atlas_quantum_technology_quantum_materials_quantum_spin_liquids,association,investigates,0.72,true,association,atlas taxonomy
atlas_atlas_quantum_technology_quantum_materials_quantum_spin_liquids_applications_and_implicati,atlas_quantum_technology_quantum_materials_quantum_spin_liquids,application,application_of,0.82,true,application,atlas taxonomy
atlas_quantum_technology_quantum_materials_strongly_correlated_matter,atlas_quantum_technology_quantum_materials,structure,part_of,0.94,true,structure,atlas taxonomy
atlas_atlas_quantum_technology_quantum_materials_strongly_correlated_matter_theoretical_foundati,atlas_quantum_technology_quantum_materials_strongly_correlated_matter,association,formalizes,0.82,true,association,atlas taxonomy
atlas_atlas_quantum_technology_quantum_materials_strongly_correlated_matter_methods_and_instrume,atlas_quantum_technology_quantum_materials_strongly_correlated_matter,association,method_for,0.82,true,association,atlas taxonomy
atlas_atlas_quantum_technology_quantum_materials_strongly_correlated_matter_open_questions,atlas_quantum_technology_quantum_materials_strongly_correlated_matter,association,investigates,0.72,true,association,atlas taxonomy
atlas_atlas_quantum_technology_quantum_materials_strongly_correlated_matter_applications_and_imp,atlas_quantum_technology_quantum_materials_strongly_correlated_matter,application,application_of,0.82,true,application,atlas taxonomy
atlas_quantum_technology_quantum_materials_moire_materials,atlas_quantum_technology_quantum_materials,structure,part_of,0.94,true,structure,atlas taxonomy
atlas_atlas_quantum_technology_quantum_materials_moire_materials_theoretical_foundations,atlas_quantum_technology_quantum_materials_moire_materials,association,formalizes,0.82,true,association,atlas taxonomy
atlas_atlas_quantum_technology_quantum_materials_moire_materials_methods_and_instruments,atlas_quantum_technology_quantum_materials_moire_materials,association,method_for,0.82,true,association,atlas taxonomy
atlas_atlas_quantum_technology_quantum_materials_moire_materials_open_questions,atlas_quantum_technology_quantum_materials_moire_materials,association,investigates,0.72,true,association,atlas taxonomy
atlas_atlas_quantum_technology_quantum_materials_moire_materials_applications_and_implications,atlas_quantum_technology_quantum_materials_moire_materials,application,application_of,0.82,true,application,atlas taxonomy
atlas_quantum_technology_quantum_materials_unconventional_superconductivity,atlas_quantum_technology_quantum_materials,structure,part_of,0.94,true,structure,atlas taxonomy
atlas_atlas_quantum_technology_quantum_materials_unconventional_superconductivity_theoretical_fo,atlas_quantum_technology_quantum_materials_unconventional_superconductivity,association,formalizes,0.82,true,association,atlas taxonomy
atlas_atlas_quantum_technology_quantum_materials_unconventional_superconductivity_methods_and_in,atlas_quantum_technology_quantum_materials_unconventional_superconductivity,association,method_for,0.82,true,association,atlas taxonomy
atlas_atlas_quantum_technology_quantum_materials_unconventional_superconductivity_open_questions,atlas_quantum_technology_quantum_materials_unconventional_superconductivity,association,investigates,0.72,true,association,atlas taxonomy
atlas_atlas_quantum_technology_quantum_materials_unconventional_superconductivity_applications_a,atlas_quantum_technology_quantum_materials_unconventional_superconductivity,application,application_of,0.82,true,application,atlas taxonomy
atlas_quantum_technology_quantum_materials_topological_phases,atlas_quantum_technology_quantum_materials_quantum_spin_liquids,interaction,related_to,0.62,false,interaction,atlas taxonomy
atlas_quantum_technology_quantum_materials_quantum_spin_liquids,atlas_quantum_technology_quantum_materials_strongly_correlated_matter,interaction,related_to,0.62,false,interaction,atlas taxonomy
atlas_quantum_technology_quantum_materials_strongly_correlated_matter,atlas_quantum_technology_quantum_materials_moire_materials,interaction,related_to,0.62,false,interaction,atlas taxonomy
atlas_quantum_technology_quantum_materials_moire_materials,atlas_quantum_technology_quantum_materials_unconventional_superconductivity,interaction,related_to,0.62,false,interaction,atlas taxonomy
atlas_fundamental_physics_quantum_physics_quantum_foundations,atlas_quantum_technology_domain,structure,part_of,0.96,true,structure,atlas taxonomy
atlas_quantum_technology_quantum_foundations_bell_nonlocality,atlas_fundamental_physics_quantum_physics_quantum_foundations,structure,part_of,0.94,true,structure,atlas taxonomy
atlas_atlas_quantum_technology_quantum_foundations_bell_nonlocality_theoretical_foundations,atlas_quantum_technology_quantum_foundations_bell_nonlocality,association,formalizes,0.82,true,association,atlas taxonomy
atlas_atlas_quantum_technology_quantum_foundations_bell_nonlocality_methods_and_instruments,atlas_quantum_technology_quantum_foundations_bell_nonlocality,association,method_for,0.82,true,association,atlas taxonomy
atlas_atlas_quantum_technology_quantum_foundations_bell_nonlocality_open_questions,atlas_quantum_technology_quantum_foundations_bell_nonlocality,association,investigates,0.72,true,association,atlas taxonomy
atlas_atlas_quantum_technology_quantum_foundations_bell_nonlocality_applications_and_implication,atlas_quantum_technology_quantum_foundations_bell_nonlocality,application,application_of,0.82,true,application,atlas taxonomy
atlas_quantum_technology_quantum_foundations_contextuality,atlas_fundamental_physics_quantum_physics_quantum_foundations,structure,part_of,0.94,true,structure,atlas taxonomy
atlas_atlas_quantum_technology_quantum_foundations_contextuality_theoretical_foundations,atlas_quantum_technology_quantum_foundations_contextuality,association,formalizes,0.82,true,association,atlas taxonomy
atlas_atlas_quantum_technology_quantum_foundations_contextuality_methods_and_instruments,atlas_quantum_technology_quantum_foundations_contextuality,association,method_for,0.82,true,association,atlas taxonomy
atlas_atlas_quantum_technology_quantum_foundations_contextuality_open_questions,atlas_quantum_technology_quantum_foundations_contextuality,association,investigates,0.72,true,association,atlas taxonomy
atlas_atlas_quantum_technology_quantum_foundations_contextuality_applications_and_implications,atlas_quantum_technology_quantum_foundations_contextuality,application,application_of,0.82,true,application,atlas taxonomy
atlas_quantum_technology_quantum_foundations_decoherence,atlas_fundamental_physics_quantum_physics_quantum_foundations,structure,part_of,0.94,true,structure,atlas taxonomy
atlas_atlas_quantum_technology_quantum_foundations_decoherence_theoretical_foundations,atlas_quantum_technology_quantum_foundations_decoherence,association,formalizes,0.82,true,association,atlas taxonomy
atlas_atlas_quantum_technology_quantum_foundations_decoherence_methods_and_instruments,atlas_quantum_technology_quantum_foundations_decoherence,association,method_for,0.82,true,association,atlas taxonomy
atlas_atlas_quantum_technology_quantum_foundations_decoherence_open_questions,atlas_quantum_technology_quantum_foundations_decoherence,association,investigates,0.72,true,association,atlas taxonomy
atlas_atlas_quantum_technology_quantum_foundations_decoherence_applications_and_implications,atlas_quantum_technology_quantum_foundations_decoherence,application,application_of,0.82,true,application,atlas taxonomy
atlas_quantum_technology_quantum_foundations_quantum_thermodynamics,atlas_fundamental_physics_quantum_physics_quantum_foundations,structure,part_of,0.94,true,structure,atlas taxonomy
atlas_atlas_quantum_technology_quantum_foundations_quantum_thermodynamics_theoretical_foundation,atlas_quantum_technology_quantum_foundations_quantum_thermodynamics,association,formalizes,0.82,true,association,atlas taxonomy
atlas_atlas_quantum_technology_quantum_foundations_quantum_thermodynamics_methods_and_instrument,atlas_quantum_technology_quantum_foundations_quantum_thermodynamics,association,method_for,0.82,true,association,atlas taxonomy
atlas_atlas_quantum_technology_quantum_foundations_quantum_thermodynamics_open_questions,atlas_quantum_technology_quantum_foundations_quantum_thermodynamics,association,investigates,0.72,true,association,atlas taxonomy
atlas_atlas_quantum_technology_quantum_foundations_quantum_thermodynamics_applications_and_impli,atlas_quantum_technology_quantum_foundations_quantum_thermodynamics,application,application_of,0.82,true,application,atlas taxonomy
atlas_quantum_technology_quantum_foundations_macroscopic_quantum_states,atlas_fundamental_physics_quantum_physics_quantum_foundations,structure,part_of,0.94,true,structure,atlas taxonomy
atlas_atlas_quantum_technology_quantum_foundations_macroscopic_quantum_states_theoretical_founda,atlas_quantum_technology_quantum_foundations_macroscopic_quantum_states,association,formalizes,0.82,true,association,atlas taxonomy
atlas_atlas_quantum_technology_quantum_foundations_macroscopic_quantum_states_methods_and_instru,atlas_quantum_technology_quantum_foundations_macroscopic_quantum_states,association,method_for,0.82,true,association,atlas taxonomy
atlas_atlas_quantum_technology_quantum_foundations_macroscopic_quantum_states_open_questions,atlas_quantum_technology_quantum_foundations_macroscopic_quantum_states,association,investigates,0.72,true,association,atlas taxonomy
atlas_atlas_quantum_technology_quantum_foundations_macroscopic_quantum_states_applications_and_i,atlas_quantum_technology_quantum_foundations_macroscopic_quantum_states,application,application_of,0.82,true,application,atlas taxonomy
atlas_quantum_technology_quantum_foundations_bell_nonlocality,atlas_quantum_technology_quantum_foundations_contextuality,interaction,related_to,0.62,false,interaction,atlas taxonomy
atlas_quantum_technology_quantum_foundations_contextuality,atlas_quantum_technology_quantum_foundations_decoherence,interaction,related_to,0.62,false,interaction,atlas taxonomy
atlas_quantum_technology_quantum_foundations_decoherence,atlas_quantum_technology_quantum_foundations_quantum_thermodynamics,interaction,related_to,0.62,false,interaction,atlas taxonomy
atlas_quantum_technology_quantum_foundations_quantum_thermodynamics,atlas_quantum_technology_quantum_foundations_macroscopic_quantum_states,interaction,related_to,0.62,false,interaction,atlas taxonomy
quantum_computing,atlas_quantum_technology_quantum_communication,interaction,related_to,0.66,false,interaction,atlas taxonomy
atlas_quantum_technology_quantum_communication,atlas_quantum_technology_quantum_sensing,interaction,related_to,0.66,false,interaction,atlas taxonomy
atlas_quantum_technology_quantum_sensing,atlas_quantum_technology_quantum_materials,interaction,related_to,0.66,false,interaction,atlas taxonomy
atlas_quantum_technology_quantum_materials,atlas_fundamental_physics_quantum_physics_quantum_foundations,interaction,related_to,0.66,false,interaction,atlas taxonomy
atlas_agricultural_food_veterinary_crop_science,atlas_agricultural_food_veterinary_domain,structure,part_of,0.96,true,structure,atlas taxonomy
atlas_agricultural_food_veterinary_crop_science_plant_breeding,atlas_agricultural_food_veterinary_crop_science,structure,part_of,0.94,true,structure,atlas taxonomy
atlas_atlas_agricultural_food_veterinary_crop_science_plant_breeding_theoretical_foundations,atlas_agricultural_food_veterinary_crop_science_plant_breeding,association,formalizes,0.82,true,association,atlas taxonomy
atlas_atlas_agricultural_food_veterinary_crop_science_plant_breeding_methods_and_instruments,atlas_agricultural_food_veterinary_crop_science_plant_breeding,association,method_for,0.82,true,association,atlas taxonomy
atlas_atlas_agricultural_food_veterinary_crop_science_plant_breeding_open_questions,atlas_agricultural_food_veterinary_crop_science_plant_breeding,association,investigates,0.72,true,association,atlas taxonomy
atlas_atlas_agricultural_food_veterinary_crop_science_plant_breeding_applications_and_implicatio,atlas_agricultural_food_veterinary_crop_science_plant_breeding,application,application_of,0.82,true,application,atlas taxonomy
atlas_agricultural_food_veterinary_crop_science_crop_genetics,atlas_agricultural_food_veterinary_crop_science,structure,part_of,0.94,true,structure,atlas taxonomy
atlas_atlas_agricultural_food_veterinary_crop_science_crop_genetics_theoretical_foundations,atlas_agricultural_food_veterinary_crop_science_crop_genetics,association,formalizes,0.82,true,association,atlas taxonomy
atlas_atlas_agricultural_food_veterinary_crop_science_crop_genetics_methods_and_instruments,atlas_agricultural_food_veterinary_crop_science_crop_genetics,association,method_for,0.82,true,association,atlas taxonomy
atlas_atlas_agricultural_food_veterinary_crop_science_crop_genetics_open_questions,atlas_agricultural_food_veterinary_crop_science_crop_genetics,association,investigates,0.72,true,association,atlas taxonomy
atlas_atlas_agricultural_food_veterinary_crop_science_crop_genetics_applications_and_implication,atlas_agricultural_food_veterinary_crop_science_crop_genetics,application,application_of,0.82,true,application,atlas taxonomy
atlas_agricultural_food_veterinary_crop_science_soil_fertility,atlas_agricultural_food_veterinary_crop_science,structure,part_of,0.94,true,structure,atlas taxonomy
atlas_atlas_agricultural_food_veterinary_crop_science_soil_fertility_theoretical_foundations,atlas_agricultural_food_veterinary_crop_science_soil_fertility,association,formalizes,0.82,true,association,atlas taxonomy
atlas_atlas_agricultural_food_veterinary_crop_science_soil_fertility_methods_and_instruments,atlas_agricultural_food_veterinary_crop_science_soil_fertility,association,method_for,0.82,true,association,atlas taxonomy
atlas_atlas_agricultural_food_veterinary_crop_science_soil_fertility_open_questions,atlas_agricultural_food_veterinary_crop_science_soil_fertility,association,investigates,0.72,true,association,atlas taxonomy
atlas_atlas_agricultural_food_veterinary_crop_science_soil_fertility_applications_and_implicatio,atlas_agricultural_food_veterinary_crop_science_soil_fertility,application,application_of,0.82,true,application,atlas taxonomy
atlas_agricultural_food_veterinary_crop_science_precision_agriculture,atlas_agricultural_food_veterinary_crop_science,structure,part_of,0.94,true,structure,atlas taxonomy
atlas_atlas_agricultural_food_veterinary_crop_science_precision_agriculture_theoretical_foundati,atlas_agricultural_food_veterinary_crop_science_precision_agriculture,association,formalizes,0.82,true,association,atlas taxonomy
atlas_atlas_agricultural_food_veterinary_crop_science_precision_agriculture_methods_and_instrume,atlas_agricultural_food_veterinary_crop_science_precision_agriculture,association,method_for,0.82,true,association,atlas taxonomy
atlas_atlas_agricultural_food_veterinary_crop_science_precision_agriculture_open_questions,atlas_agricultural_food_veterinary_crop_science_precision_agriculture,association,investigates,0.72,true,association,atlas taxonomy
atlas_atlas_agricultural_food_veterinary_crop_science_precision_agriculture_applications_and_imp,atlas_agricultural_food_veterinary_crop_science_precision_agriculture,application,application_of,0.82,true,application,atlas taxonomy
atlas_agricultural_food_veterinary_crop_science_crop_protection,atlas_agricultural_food_veterinary_crop_science,structure,part_of,0.94,true,structure,atlas taxonomy
atlas_atlas_agricultural_food_veterinary_crop_science_crop_protection_theoretical_foundations,atlas_agricultural_food_veterinary_crop_science_crop_protection,association,formalizes,0.82,true,association,atlas taxonomy
atlas_atlas_agricultural_food_veterinary_crop_science_crop_protection_methods_and_instruments,atlas_agricultural_food_veterinary_crop_science_crop_protection,association,method_for,0.82,true,association,atlas taxonomy
atlas_atlas_agricultural_food_veterinary_crop_science_crop_protection_open_questions,atlas_agricultural_food_veterinary_crop_science_crop_protection,association,investigates,0.72,true,association,atlas taxonomy
atlas_atlas_agricultural_food_veterinary_crop_science_crop_protection_applications_and_implicati,atlas_agricultural_food_veterinary_crop_science_crop_protection,application,application_of,0.82,true,application,atlas taxonomy
atlas_agricultural_food_veterinary_crop_science_plant_breeding,atlas_agricultural_food_veterinary_crop_science_crop_genetics,interaction,related_to,0.62,false,interaction,atlas taxonomy
atlas_agricultural_food_veterinary_crop_science_crop_genetics,atlas_agricultural_food_veterinary_crop_science_soil_fertility,interaction,related_to,0.62,false,interaction,atlas taxonomy
atlas_agricultural_food_veterinary_crop_science_soil_fertility,atlas_agricultural_food_veterinary_crop_science_precision_agriculture,interaction,related_to,0.62,false,interaction,atlas taxonomy
atlas_agricultural_food_veterinary_crop_science_precision_agriculture,atlas_agricultural_food_veterinary_crop_science_crop_protection,interaction,related_to,0.62,false,interaction,atlas taxonomy
atlas_agricultural_food_veterinary_animal_and_veterinary_science,atlas_agricultural_food_veterinary_domain,structure,part_of,0.96,true,structure,atlas taxonomy
atlas_agricultural_food_veterinary_animal_and_veterinary_science_animal_genetics,atlas_agricultural_food_veterinary_animal_and_veterinary_science,structure,part_of,0.94,true,structure,atlas taxonomy
atlas_atlas_agricultural_food_veterinary_animal_and_veterinary_science_animal_genetics_theoretic,atlas_agricultural_food_veterinary_animal_and_veterinary_science_animal_genetics,association,formalizes,0.82,true,association,atlas taxonomy
atlas_atlas_agricultural_food_veterinary_animal_and_veterinary_science_animal_genetics_methods_a,atlas_agricultural_food_veterinary_animal_and_veterinary_science_animal_genetics,association,method_for,0.82,true,association,atlas taxonomy
atlas_atlas_agricultural_food_veterinary_animal_and_veterinary_science_animal_genetics_open_ques,atlas_agricultural_food_veterinary_animal_and_veterinary_science_animal_genetics,association,investigates,0.72,true,association,atlas taxonomy
atlas_atlas_agricultural_food_veterinary_animal_and_veterinary_science_animal_genetics_applicati,atlas_agricultural_food_veterinary_animal_and_veterinary_science_animal_genetics,application,application_of,0.82,true,application,atlas taxonomy
atlas_agricultural_food_veterinary_animal_and_veterinary_science_veterinary_medicine,atlas_agricultural_food_veterinary_animal_and_veterinary_science,structure,part_of,0.94,true,structure,atlas taxonomy
atlas_atlas_agricultural_food_veterinary_animal_and_veterinary_science_veterinary_medicine_theor,atlas_agricultural_food_veterinary_animal_and_veterinary_science_veterinary_medicine,association,formalizes,0.82,true,association,atlas taxonomy
atlas_atlas_agricultural_food_veterinary_animal_and_veterinary_science_veterinary_medicine_metho,atlas_agricultural_food_veterinary_animal_and_veterinary_science_veterinary_medicine,association,method_for,0.82,true,association,atlas taxonomy
atlas_atlas_agricultural_food_veterinary_animal_and_veterinary_science_veterinary_medicine_open_,atlas_agricultural_food_veterinary_animal_and_veterinary_science_veterinary_medicine,association,investigates,0.72,true,association,atlas taxonomy
atlas_atlas_agricultural_food_veterinary_animal_and_veterinary_science_veterinary_medicine_appli,atlas_agricultural_food_veterinary_animal_and_veterinary_science_veterinary_medicine,application,application_of,0.82,true,application,atlas taxonomy
atlas_agricultural_food_veterinary_animal_and_veterinary_science_animal_nutrition,atlas_agricultural_food_veterinary_animal_and_veterinary_science,structure,part_of,0.94,true,structure,atlas taxonomy
atlas_atlas_agricultural_food_veterinary_animal_and_veterinary_science_animal_nutrition_theoreti,atlas_agricultural_food_veterinary_animal_and_veterinary_science_animal_nutrition,association,formalizes,0.82,true,association,atlas taxonomy
atlas_atlas_agricultural_food_veterinary_animal_and_veterinary_science_animal_nutrition_methods_,atlas_agricultural_food_veterinary_animal_and_veterinary_science_animal_nutrition,association,method_for,0.82,true,association,atlas taxonomy
atlas_atlas_agricultural_food_veterinary_animal_and_veterinary_science_animal_nutrition_open_que,atlas_agricultural_food_veterinary_animal_and_veterinary_science_animal_nutrition,association,investigates,0.72,true,association,atlas taxonomy
atlas_atlas_agricultural_food_veterinary_animal_and_veterinary_science_animal_nutrition_applicat,atlas_agricultural_food_veterinary_animal_and_veterinary_science_animal_nutrition,application,application_of,0.82,true,application,atlas taxonomy
atlas_agricultural_food_veterinary_animal_and_veterinary_science_zoonoses,atlas_agricultural_food_veterinary_animal_and_veterinary_science,structure,part_of,0.94,true,structure,atlas taxonomy
atlas_atlas_agricultural_food_veterinary_animal_and_veterinary_science_zoonoses_theoretical_foun,atlas_agricultural_food_veterinary_animal_and_veterinary_science_zoonoses,association,formalizes,0.82,true,association,atlas taxonomy
atlas_atlas_agricultural_food_veterinary_animal_and_veterinary_science_zoonoses_methods_and_inst,atlas_agricultural_food_veterinary_animal_and_veterinary_science_zoonoses,association,method_for,0.82,true,association,atlas taxonomy
atlas_atlas_agricultural_food_veterinary_animal_and_veterinary_science_zoonoses_open_questions,atlas_agricultural_food_veterinary_animal_and_veterinary_science_zoonoses,association,investigates,0.72,true,association,atlas taxonomy
atlas_atlas_agricultural_food_veterinary_animal_and_veterinary_science_zoonoses_applications_and,atlas_agricultural_food_veterinary_animal_and_veterinary_science_zoonoses,application,application_of,0.82,true,application,atlas taxonomy
atlas_agricultural_food_veterinary_animal_and_veterinary_science_animal_welfare,atlas_agricultural_food_veterinary_animal_and_veterinary_science,structure,part_of,0.94,true,structure,atlas taxonomy
atlas_atlas_agricultural_food_veterinary_animal_and_veterinary_science_animal_welfare_theoretica,atlas_agricultural_food_veterinary_animal_and_veterinary_science_animal_welfare,association,formalizes,0.82,true,association,atlas taxonomy
atlas_atlas_agricultural_food_veterinary_animal_and_veterinary_science_animal_welfare_methods_an,atlas_agricultural_food_veterinary_animal_and_veterinary_science_animal_welfare,association,method_for,0.82,true,association,atlas taxonomy
atlas_atlas_agricultural_food_veterinary_animal_and_veterinary_science_animal_welfare_open_quest,atlas_agricultural_food_veterinary_animal_and_veterinary_science_animal_welfare,association,investigates,0.72,true,association,atlas taxonomy
atlas_atlas_agricultural_food_veterinary_animal_and_veterinary_science_animal_welfare_applicatio,atlas_agricultural_food_veterinary_animal_and_veterinary_science_animal_welfare,application,application_of,0.82,true,application,atlas taxonomy
atlas_agricultural_food_veterinary_animal_and_veterinary_science_animal_genetics,atlas_agricultural_food_veterinary_animal_and_veterinary_science_veterinary_medicine,interaction,related_to,0.62,false,interaction,atlas taxonomy
atlas_agricultural_food_veterinary_animal_and_veterinary_science_veterinary_medicine,atlas_agricultural_food_veterinary_animal_and_veterinary_science_animal_nutrition,interaction,related_to,0.62,false,interaction,atlas taxonomy
atlas_agricultural_food_veterinary_animal_and_veterinary_science_animal_nutrition,atlas_agricultural_food_veterinary_animal_and_veterinary_science_zoonoses,interaction,related_to,0.62,false,interaction,atlas taxonomy
atlas_agricultural_food_veterinary_animal_and_veterinary_science_zoonoses,atlas_agricultural_food_veterinary_animal_and_veterinary_science_animal_welfare,interaction,related_to,0.62,false,interaction,atlas taxonomy
atlas_agricultural_food_veterinary_food_science,atlas_agricultural_food_veterinary_domain,structure,part_of,0.96,true,structure,atlas taxonomy
atlas_agricultural_food_veterinary_food_science_food_chemistry,atlas_agricultural_food_veterinary_food_science,structure,part_of,0.94,true,structure,atlas taxonomy
atlas_atlas_agricultural_food_veterinary_food_science_food_chemistry_theoretical_foundations,atlas_agricultural_food_veterinary_food_science_food_chemistry,association,formalizes,0.82,true,association,atlas taxonomy
atlas_atlas_agricultural_food_veterinary_food_science_food_chemistry_methods_and_instruments,atlas_agricultural_food_veterinary_food_science_food_chemistry,association,method_for,0.82,true,association,atlas taxonomy
atlas_atlas_agricultural_food_veterinary_food_science_food_chemistry_open_questions,atlas_agricultural_food_veterinary_food_science_food_chemistry,association,investigates,0.72,true,association,atlas taxonomy
atlas_atlas_agricultural_food_veterinary_food_science_food_chemistry_applications_and_implicatio,atlas_agricultural_food_veterinary_food_science_food_chemistry,application,application_of,0.82,true,application,atlas taxonomy
atlas_agricultural_food_veterinary_food_science_food_microbiology,atlas_agricultural_food_veterinary_food_science,structure,part_of,0.94,true,structure,atlas taxonomy
atlas_atlas_agricultural_food_veterinary_food_science_food_microbiology_theoretical_foundations,atlas_agricultural_food_veterinary_food_science_food_microbiology,association,formalizes,0.82,true,association,atlas taxonomy
atlas_atlas_agricultural_food_veterinary_food_science_food_microbiology_methods_and_instruments,atlas_agricultural_food_veterinary_food_science_food_microbiology,association,method_for,0.82,true,association,atlas taxonomy
atlas_atlas_agricultural_food_veterinary_food_science_food_microbiology_open_questions,atlas_agricultural_food_veterinary_food_science_food_microbiology,association,investigates,0.72,true,association,atlas taxonomy
atlas_atlas_agricultural_food_veterinary_food_science_food_microbiology_applications_and_implica,atlas_agricultural_food_veterinary_food_science_food_microbiology,application,application_of,0.82,true,application,atlas taxonomy
atlas_agricultural_food_veterinary_food_science_food_processing,atlas_agricultural_food_veterinary_food_science,structure,part_of,0.94,true,structure,atlas taxonomy
atlas_atlas_agricultural_food_veterinary_food_science_food_processing_theoretical_foundations,atlas_agricultural_food_veterinary_food_science_food_processing,association,formalizes,0.82,true,association,atlas taxonomy
atlas_atlas_agricultural_food_veterinary_food_science_food_processing_methods_and_instruments,atlas_agricultural_food_veterinary_food_science_food_processing,association,method_for,0.82,true,association,atlas taxonomy
atlas_atlas_agricultural_food_veterinary_food_science_food_processing_open_questions,atlas_agricultural_food_veterinary_food_science_food_processing,association,investigates,0.72,true,association,atlas taxonomy
atlas_atlas_agricultural_food_veterinary_food_science_food_processing_applications_and_implicati,atlas_agricultural_food_veterinary_food_science_food_processing,application,application_of,0.82,true,application,atlas taxonomy
atlas_agricultural_food_veterinary_food_science_food_safety,atlas_agricultural_food_veterinary_food_science,structure,part_of,0.94,true,structure,atlas taxonomy
atlas_atlas_agricultural_food_veterinary_food_science_food_safety_theoretical_foundations,atlas_agricultural_food_veterinary_food_science_food_safety,association,formalizes,0.82,true,association,atlas taxonomy
atlas_atlas_agricultural_food_veterinary_food_science_food_safety_methods_and_instruments,atlas_agricultural_food_veterinary_food_science_food_safety,association,method_for,0.82,true,association,atlas taxonomy
atlas_atlas_agricultural_food_veterinary_food_science_food_safety_open_questions,atlas_agricultural_food_veterinary_food_science_food_safety,association,investigates,0.72,true,association,atlas taxonomy
atlas_atlas_agricultural_food_veterinary_food_science_food_safety_applications_and_implications,atlas_agricultural_food_veterinary_food_science_food_safety,application,application_of,0.82,true,application,atlas taxonomy
atlas_agricultural_food_veterinary_food_science_sensory_science,atlas_agricultural_food_veterinary_food_science,structure,part_of,0.94,true,structure,atlas taxonomy
atlas_atlas_agricultural_food_veterinary_food_science_sensory_science_theoretical_foundations,atlas_agricultural_food_veterinary_food_science_sensory_science,association,formalizes,0.82,true,association,atlas taxonomy
atlas_atlas_agricultural_food_veterinary_food_science_sensory_science_methods_and_instruments,atlas_agricultural_food_veterinary_food_science_sensory_science,association,method_for,0.82,true,association,atlas taxonomy
atlas_atlas_agricultural_food_veterinary_food_science_sensory_science_open_questions,atlas_agricultural_food_veterinary_food_science_sensory_science,association,investigates,0.72,true,association,atlas taxonomy
atlas_atlas_agricultural_food_veterinary_food_science_sensory_science_applications_and_implicati,atlas_agricultural_food_veterinary_food_science_sensory_science,application,application_of,0.82,true,application,atlas taxonomy
atlas_agricultural_food_veterinary_food_science_food_chemistry,atlas_agricultural_food_veterinary_food_science_food_microbiology,interaction,related_to,0.62,false,interaction,atlas taxonomy
atlas_agricultural_food_veterinary_food_science_food_microbiology,atlas_agricultural_food_veterinary_food_science_food_processing,interaction,related_to,0.62,false,interaction,atlas taxonomy
atlas_agricultural_food_veterinary_food_science_food_processing,atlas_agricultural_food_veterinary_food_science_food_safety,interaction,related_to,0.62,false,interaction,atlas taxonomy
atlas_agricultural_food_veterinary_food_science_food_safety,atlas_agricultural_food_veterinary_food_science_sensory_science,interaction,related_to,0.62,false,interaction,atlas taxonomy
atlas_agricultural_food_veterinary_agroecology,atlas_agricultural_food_veterinary_domain,structure,part_of,0.96,true,structure,atlas taxonomy
atlas_agricultural_food_veterinary_agroecology_agrobiodiversity,atlas_agricultural_food_veterinary_agroecology,structure,part_of,0.94,true,structure,atlas taxonomy
atlas_atlas_agricultural_food_veterinary_agroecology_agrobiodiversity_theoretical_foundations,atlas_agricultural_food_veterinary_agroecology_agrobiodiversity,association,formalizes,0.82,true,association,atlas taxonomy
atlas_atlas_agricultural_food_veterinary_agroecology_agrobiodiversity_methods_and_instruments,atlas_agricultural_food_veterinary_agroecology_agrobiodiversity,association,method_for,0.82,true,association,atlas taxonomy
atlas_atlas_agricultural_food_veterinary_agroecology_agrobiodiversity_open_questions,atlas_agricultural_food_veterinary_agroecology_agrobiodiversity,association,investigates,0.72,true,association,atlas taxonomy
atlas_atlas_agricultural_food_veterinary_agroecology_agrobiodiversity_applications_and_implicati,atlas_agricultural_food_veterinary_agroecology_agrobiodiversity,application,application_of,0.82,true,application,atlas taxonomy
atlas_agricultural_food_veterinary_agroecology_sustainable_farming,atlas_agricultural_food_veterinary_agroecology,structure,part_of,0.94,true,structure,atlas taxonomy
atlas_atlas_agricultural_food_veterinary_agroecology_sustainable_farming_theoretical_foundations,atlas_agricultural_food_veterinary_agroecology_sustainable_farming,association,formalizes,0.82,true,association,atlas taxonomy
atlas_atlas_agricultural_food_veterinary_agroecology_sustainable_farming_methods_and_instruments,atlas_agricultural_food_veterinary_agroecology_sustainable_farming,association,method_for,0.82,true,association,atlas taxonomy
atlas_atlas_agricultural_food_veterinary_agroecology_sustainable_farming_open_questions,atlas_agricultural_food_veterinary_agroecology_sustainable_farming,association,investigates,0.72,true,association,atlas taxonomy
atlas_atlas_agricultural_food_veterinary_agroecology_sustainable_farming_applications_and_implic,atlas_agricultural_food_veterinary_agroecology_sustainable_farming,application,application_of,0.82,true,application,atlas taxonomy
atlas_agricultural_food_veterinary_agroecology_integrated_pest_management,atlas_agricultural_food_veterinary_agroecology,structure,part_of,0.94,true,structure,atlas taxonomy
atlas_atlas_agricultural_food_veterinary_agroecology_integrated_pest_management_theoretical_foun,atlas_agricultural_food_veterinary_agroecology_integrated_pest_management,association,formalizes,0.82,true,association,atlas taxonomy
atlas_atlas_agricultural_food_veterinary_agroecology_integrated_pest_management_methods_and_inst,atlas_agricultural_food_veterinary_agroecology_integrated_pest_management,association,method_for,0.82,true,association,atlas taxonomy
atlas_atlas_agricultural_food_veterinary_agroecology_integrated_pest_management_open_questions,atlas_agricultural_food_veterinary_agroecology_integrated_pest_management,association,investigates,0.72,true,association,atlas taxonomy
atlas_atlas_agricultural_food_veterinary_agroecology_integrated_pest_management_applications_and,atlas_agricultural_food_veterinary_agroecology_integrated_pest_management,application,application_of,0.82,true,application,atlas taxonomy
atlas_agricultural_food_veterinary_agroecology_agroforestry,atlas_agricultural_food_veterinary_agroecology,structure,part_of,0.94,true,structure,atlas taxonomy
atlas_atlas_agricultural_food_veterinary_agroecology_agroforestry_theoretical_foundations,atlas_agricultural_food_veterinary_agroecology_agroforestry,association,formalizes,0.82,true,association,atlas taxonomy
atlas_atlas_agricultural_food_veterinary_agroecology_agroforestry_methods_and_instruments,atlas_agricultural_food_veterinary_agroecology_agroforestry,association,method_for,0.82,true,association,atlas taxonomy
atlas_atlas_agricultural_food_veterinary_agroecology_agroforestry_open_questions,atlas_agricultural_food_veterinary_agroecology_agroforestry,association,investigates,0.72,true,association,atlas taxonomy
atlas_atlas_agricultural_food_veterinary_agroecology_agroforestry_applications_and_implications,atlas_agricultural_food_veterinary_agroecology_agroforestry,application,application_of,0.82,true,application,atlas taxonomy
atlas_agricultural_food_veterinary_agroecology_soil_health,atlas_agricultural_food_veterinary_agroecology,structure,part_of,0.94,true,structure,atlas taxonomy
atlas_atlas_agricultural_food_veterinary_agroecology_soil_health_theoretical_foundations,atlas_agricultural_food_veterinary_agroecology_soil_health,association,formalizes,0.82,true,association,atlas taxonomy
atlas_atlas_agricultural_food_veterinary_agroecology_soil_health_methods_and_instruments,atlas_agricultural_food_veterinary_agroecology_soil_health,association,method_for,0.82,true,association,atlas taxonomy
atlas_atlas_agricultural_food_veterinary_agroecology_soil_health_open_questions,atlas_agricultural_food_veterinary_agroecology_soil_health,association,investigates,0.72,true,association,atlas taxonomy
atlas_atlas_agricultural_food_veterinary_agroecology_soil_health_applications_and_implications,atlas_agricultural_food_veterinary_agroecology_soil_health,application,application_of,0.82,true,application,atlas taxonomy
atlas_agricultural_food_veterinary_agroecology_agrobiodiversity,atlas_agricultural_food_veterinary_agroecology_sustainable_farming,interaction,related_to,0.62,false,interaction,atlas taxonomy
atlas_agricultural_food_veterinary_agroecology_sustainable_farming,atlas_agricultural_food_veterinary_agroecology_integrated_pest_management,interaction,related_to,0.62,false,interaction,atlas taxonomy
atlas_agricultural_food_veterinary_agroecology_integrated_pest_management,atlas_agricultural_food_veterinary_agroecology_agroforestry,interaction,related_to,0.62,false,interaction,atlas taxonomy
atlas_agricultural_food_veterinary_agroecology_agroforestry,atlas_agricultural_food_veterinary_agroecology_soil_health,interaction,related_to,0.62,false,interaction,atlas taxonomy
atlas_agricultural_food_veterinary_bioeconomy,atlas_agricultural_food_veterinary_domain,structure,part_of,0.96,true,structure,atlas taxonomy
atlas_agricultural_food_veterinary_bioeconomy_biorefineries,atlas_agricultural_food_veterinary_bioeconomy,structure,part_of,0.94,true,structure,atlas taxonomy
atlas_atlas_agricultural_food_veterinary_bioeconomy_biorefineries_theoretical_foundations,atlas_agricultural_food_veterinary_bioeconomy_biorefineries,association,formalizes,0.82,true,association,atlas taxonomy
atlas_atlas_agricultural_food_veterinary_bioeconomy_biorefineries_methods_and_instruments,atlas_agricultural_food_veterinary_bioeconomy_biorefineries,association,method_for,0.82,true,association,atlas taxonomy
atlas_atlas_agricultural_food_veterinary_bioeconomy_biorefineries_open_questions,atlas_agricultural_food_veterinary_bioeconomy_biorefineries,association,investigates,0.72,true,association,atlas taxonomy
atlas_atlas_agricultural_food_veterinary_bioeconomy_biorefineries_applications_and_implications,atlas_agricultural_food_veterinary_bioeconomy_biorefineries,application,application_of,0.82,true,application,atlas taxonomy
atlas_agricultural_food_veterinary_bioeconomy_biomass_conversion,atlas_agricultural_food_veterinary_bioeconomy,structure,part_of,0.94,true,structure,atlas taxonomy
atlas_atlas_agricultural_food_veterinary_bioeconomy_biomass_conversion_theoretical_foundations,atlas_agricultural_food_veterinary_bioeconomy_biomass_conversion,association,formalizes,0.82,true,association,atlas taxonomy
atlas_atlas_agricultural_food_veterinary_bioeconomy_biomass_conversion_methods_and_instruments,atlas_agricultural_food_veterinary_bioeconomy_biomass_conversion,association,method_for,0.82,true,association,atlas taxonomy
atlas_atlas_agricultural_food_veterinary_bioeconomy_biomass_conversion_open_questions,atlas_agricultural_food_veterinary_bioeconomy_biomass_conversion,association,investigates,0.72,true,association,atlas taxonomy
atlas_atlas_agricultural_food_veterinary_bioeconomy_biomass_conversion_applications_and_implicat,atlas_agricultural_food_veterinary_bioeconomy_biomass_conversion,application,application_of,0.82,true,application,atlas taxonomy
atlas_agricultural_food_veterinary_bioeconomy_agricultural_biotechnology,atlas_agricultural_food_veterinary_bioeconomy,structure,part_of,0.94,true,structure,atlas taxonomy
atlas_atlas_agricultural_food_veterinary_bioeconomy_agricultural_biotechnology_theoretical_found,atlas_agricultural_food_veterinary_bioeconomy_agricultural_biotechnology,association,formalizes,0.82,true,association,atlas taxonomy
atlas_atlas_agricultural_food_veterinary_bioeconomy_agricultural_biotechnology_methods_and_instr,atlas_agricultural_food_veterinary_bioeconomy_agricultural_biotechnology,association,method_for,0.82,true,association,atlas taxonomy
atlas_atlas_agricultural_food_veterinary_bioeconomy_agricultural_biotechnology_open_questions,atlas_agricultural_food_veterinary_bioeconomy_agricultural_biotechnology,association,investigates,0.72,true,association,atlas taxonomy
atlas_atlas_agricultural_food_veterinary_bioeconomy_agricultural_biotechnology_applications_and_,atlas_agricultural_food_veterinary_bioeconomy_agricultural_biotechnology,application,application_of,0.82,true,application,atlas taxonomy
atlas_agricultural_food_veterinary_bioeconomy_food_systems,atlas_agricultural_food_veterinary_bioeconomy,structure,part_of,0.94,true,structure,atlas taxonomy
atlas_atlas_agricultural_food_veterinary_bioeconomy_food_systems_theoretical_foundations,atlas_agricultural_food_veterinary_bioeconomy_food_systems,association,formalizes,0.82,true,association,atlas taxonomy
atlas_atlas_agricultural_food_veterinary_bioeconomy_food_systems_methods_and_instruments,atlas_agricultural_food_veterinary_bioeconomy_food_systems,association,method_for,0.82,true,association,atlas taxonomy
atlas_atlas_agricultural_food_veterinary_bioeconomy_food_systems_open_questions,atlas_agricultural_food_veterinary_bioeconomy_food_systems,association,investigates,0.72,true,association,atlas taxonomy
atlas_atlas_agricultural_food_veterinary_bioeconomy_food_systems_applications_and_implications,atlas_agricultural_food_veterinary_bioeconomy_food_systems,application,application_of,0.82,true,application,atlas taxonomy
atlas_agricultural_food_veterinary_bioeconomy_circular_bioeconomy,atlas_agricultural_food_veterinary_bioeconomy,structure,part_of,0.94,true,structure,atlas taxonomy
atlas_atlas_agricultural_food_veterinary_bioeconomy_circular_bioeconomy_theoretical_foundations,atlas_agricultural_food_veterinary_bioeconomy_circular_bioeconomy,association,formalizes,0.82,true,association,atlas taxonomy
atlas_atlas_agricultural_food_veterinary_bioeconomy_circular_bioeconomy_methods_and_instruments,atlas_agricultural_food_veterinary_bioeconomy_circular_bioeconomy,association,method_for,0.82,true,association,atlas taxonomy
atlas_atlas_agricultural_food_veterinary_bioeconomy_circular_bioeconomy_open_questions,atlas_agricultural_food_veterinary_bioeconomy_circular_bioeconomy,association,investigates,0.72,true,association,atlas taxonomy
atlas_atlas_agricultural_food_veterinary_bioeconomy_circular_bioeconomy_applications_and_implica,atlas_agricultural_food_veterinary_bioeconomy_circular_bioeconomy,application,application_of,0.82,true,application,atlas taxonomy
atlas_agricultural_food_veterinary_bioeconomy_biorefineries,atlas_agricultural_food_veterinary_bioeconomy_biomass_conversion,interaction,related_to,0.62,false,interaction,atlas taxonomy
atlas_agricultural_food_veterinary_bioeconomy_biomass_conversion,atlas_agricultural_food_veterinary_bioeconomy_agricultural_biotechnology,interaction,related_to,0.62,false,interaction,atlas taxonomy
atlas_agricultural_food_veterinary_bioeconomy_agricultural_biotechnology,atlas_agricultural_food_veterinary_bioeconomy_food_systems,interaction,related_to,0.62,false,interaction,atlas taxonomy
atlas_agricultural_food_veterinary_bioeconomy_food_systems,atlas_agricultural_food_veterinary_bioeconomy_circular_bioeconomy,interaction,related_to,0.62,false,interaction,atlas taxonomy
atlas_agricultural_food_veterinary_crop_science,atlas_agricultural_food_veterinary_animal_and_veterinary_science,interaction,related_to,0.66,false,interaction,atlas taxonomy
atlas_agricultural_food_veterinary_animal_and_veterinary_science,atlas_agricultural_food_veterinary_food_science,interaction,related_to,0.66,false,interaction,atlas taxonomy
atlas_agricultural_food_veterinary_food_science,atlas_agricultural_food_veterinary_agroecology,interaction,related_to,0.66,false,interaction,atlas taxonomy
atlas_agricultural_food_veterinary_agroecology,atlas_agricultural_food_veterinary_bioeconomy,interaction,related_to,0.66,false,interaction,atlas taxonomy
complex_systems,atlas_systems_complexity_domain,structure,part_of,0.96,true,structure,atlas taxonomy
emergence,complex_systems,structure,part_of,0.94,true,structure,atlas taxonomy
atlas_emergence_theoretical_foundations,emergence,association,formalizes,0.82,true,association,atlas taxonomy
atlas_emergence_methods_and_instruments,emergence,association,method_for,0.82,true,association,atlas taxonomy
atlas_emergence_open_questions,emergence,association,investigates,0.72,true,association,atlas taxonomy
atlas_emergence_applications_and_implications,emergence,application,application_of,0.82,true,application,atlas taxonomy
atlas_systems_complexity_complex_systems_self_organization,complex_systems,structure,part_of,0.94,true,structure,atlas taxonomy
atlas_atlas_systems_complexity_complex_systems_self_organization_theoretical_foundations,atlas_systems_complexity_complex_systems_self_organization,association,formalizes,0.82,true,association,atlas taxonomy
atlas_atlas_systems_complexity_complex_systems_self_organization_methods_and_instruments,atlas_systems_complexity_complex_systems_self_organization,association,method_for,0.82,true,association,atlas taxonomy
atlas_atlas_systems_complexity_complex_systems_self_organization_open_questions,atlas_systems_complexity_complex_systems_self_organization,association,investigates,0.72,true,association,atlas taxonomy
atlas_atlas_systems_complexity_complex_systems_self_organization_applications_and_implications,atlas_systems_complexity_complex_systems_self_organization,application,application_of,0.82,true,application,atlas taxonomy
atlas_systems_complexity_complex_systems_criticality,complex_systems,structure,part_of,0.94,true,structure,atlas taxonomy
atlas_atlas_systems_complexity_complex_systems_criticality_theoretical_foundations,atlas_systems_complexity_complex_systems_criticality,association,formalizes,0.82,true,association,atlas taxonomy
atlas_atlas_systems_complexity_complex_systems_criticality_methods_and_instruments,atlas_systems_complexity_complex_systems_criticality,association,method_for,0.82,true,association,atlas taxonomy
atlas_atlas_systems_complexity_complex_systems_criticality_open_questions,atlas_systems_complexity_complex_systems_criticality,association,investigates,0.72,true,association,atlas taxonomy
atlas_atlas_systems_complexity_complex_systems_criticality_applications_and_implications,atlas_systems_complexity_complex_systems_criticality,application,application_of,0.82,true,application,atlas taxonomy
atlas_organismal_biology_comparative_biology_adaptation,complex_systems,structure,part_of,0.94,true,structure,atlas taxonomy
atlas_systems_complexity_complex_systems_collective_behavior,complex_systems,structure,part_of,0.94,true,structure,atlas taxonomy
atlas_atlas_systems_complexity_complex_systems_collective_behavior_theoretical_foundations,atlas_systems_complexity_complex_systems_collective_behavior,association,formalizes,0.82,true,association,atlas taxonomy
atlas_atlas_systems_complexity_complex_systems_collective_behavior_methods_and_instruments,atlas_systems_complexity_complex_systems_collective_behavior,association,method_for,0.82,true,association,atlas taxonomy
atlas_atlas_systems_complexity_complex_systems_collective_behavior_open_questions,atlas_systems_complexity_complex_systems_collective_behavior,association,investigates,0.72,true,association,atlas taxonomy
atlas_atlas_systems_complexity_complex_systems_collective_behavior_applications_and_implications,atlas_systems_complexity_complex_systems_collective_behavior,application,application_of,0.82,true,application,atlas taxonomy
emergence,atlas_systems_complexity_complex_systems_self_organization,interaction,related_to,0.62,false,interaction,atlas taxonomy
atlas_systems_complexity_complex_systems_self_organization,atlas_systems_complexity_complex_systems_criticality,interaction,related_to,0.62,false,interaction,atlas taxonomy
atlas_systems_complexity_complex_systems_criticality,atlas_organismal_biology_comparative_biology_adaptation,interaction,related_to,0.62,false,interaction,atlas taxonomy
atlas_organismal_biology_comparative_biology_adaptation,atlas_systems_complexity_complex_systems_collective_behavior,interaction,related_to,0.62,false,interaction,atlas taxonomy
network_science,atlas_systems_complexity_domain,structure,part_of,0.96,true,structure,atlas taxonomy
atlas_systems_complexity_network_science_network_topology,network_science,structure,part_of,0.94,true,structure,atlas taxonomy
atlas_atlas_systems_complexity_network_science_network_topology_theoretical_foundations,atlas_systems_complexity_network_science_network_topology,association,formalizes,0.82,true,association,atlas taxonomy
atlas_atlas_systems_complexity_network_science_network_topology_methods_and_instruments,atlas_systems_complexity_network_science_network_topology,association,method_for,0.82,true,association,atlas taxonomy
atlas_atlas_systems_complexity_network_science_network_topology_open_questions,atlas_systems_complexity_network_science_network_topology,association,investigates,0.72,true,association,atlas taxonomy
atlas_atlas_systems_complexity_network_science_network_topology_applications_and_implications,atlas_systems_complexity_network_science_network_topology,application,application_of,0.82,true,application,atlas taxonomy
atlas_systems_complexity_network_science_community_detection,network_science,structure,part_of,0.94,true,structure,atlas taxonomy
atlas_atlas_systems_complexity_network_science_community_detection_theoretical_foundations,atlas_systems_complexity_network_science_community_detection,association,formalizes,0.82,true,association,atlas taxonomy
atlas_atlas_systems_complexity_network_science_community_detection_methods_and_instruments,atlas_systems_complexity_network_science_community_detection,association,method_for,0.82,true,association,atlas taxonomy
atlas_atlas_systems_complexity_network_science_community_detection_open_questions,atlas_systems_complexity_network_science_community_detection,association,investigates,0.72,true,association,atlas taxonomy
atlas_atlas_systems_complexity_network_science_community_detection_applications_and_implications,atlas_systems_complexity_network_science_community_detection,application,application_of,0.82,true,application,atlas taxonomy
atlas_systems_complexity_network_science_diffusion_on_networks,network_science,structure,part_of,0.94,true,structure,atlas taxonomy
atlas_atlas_systems_complexity_network_science_diffusion_on_networks_theoretical_foundations,atlas_systems_complexity_network_science_diffusion_on_networks,association,formalizes,0.82,true,association,atlas taxonomy
atlas_atlas_systems_complexity_network_science_diffusion_on_networks_methods_and_instruments,atlas_systems_complexity_network_science_diffusion_on_networks,association,method_for,0.82,true,association,atlas taxonomy
atlas_atlas_systems_complexity_network_science_diffusion_on_networks_open_questions,atlas_systems_complexity_network_science_diffusion_on_networks,association,investigates,0.72,true,association,atlas taxonomy
atlas_atlas_systems_complexity_network_science_diffusion_on_networks_applications_and_implicatio,atlas_systems_complexity_network_science_diffusion_on_networks,application,application_of,0.82,true,application,atlas taxonomy
atlas_systems_complexity_network_science_temporal_networks,network_science,structure,part_of,0.94,true,structure,atlas taxonomy
atlas_atlas_systems_complexity_network_science_temporal_networks_theoretical_foundations,atlas_systems_complexity_network_science_temporal_networks,association,formalizes,0.82,true,association,atlas taxonomy
atlas_atlas_systems_complexity_network_science_temporal_networks_methods_and_instruments,atlas_systems_complexity_network_science_temporal_networks,association,method_for,0.82,true,association,atlas taxonomy
atlas_atlas_systems_complexity_network_science_temporal_networks_open_questions,atlas_systems_complexity_network_science_temporal_networks,association,investigates,0.72,true,association,atlas taxonomy
atlas_atlas_systems_complexity_network_science_temporal_networks_applications_and_implications,atlas_systems_complexity_network_science_temporal_networks,application,application_of,0.82,true,application,atlas taxonomy
atlas_systems_complexity_network_science_multilayer_networks,network_science,structure,part_of,0.94,true,structure,atlas taxonomy
atlas_atlas_systems_complexity_network_science_multilayer_networks_theoretical_foundations,atlas_systems_complexity_network_science_multilayer_networks,association,formalizes,0.82,true,association,atlas taxonomy
atlas_atlas_systems_complexity_network_science_multilayer_networks_methods_and_instruments,atlas_systems_complexity_network_science_multilayer_networks,association,method_for,0.82,true,association,atlas taxonomy
atlas_atlas_systems_complexity_network_science_multilayer_networks_open_questions,atlas_systems_complexity_network_science_multilayer_networks,association,investigates,0.72,true,association,atlas taxonomy
atlas_atlas_systems_complexity_network_science_multilayer_networks_applications_and_implications,atlas_systems_complexity_network_science_multilayer_networks,application,application_of,0.82,true,application,atlas taxonomy
atlas_systems_complexity_network_science_network_topology,atlas_systems_complexity_network_science_community_detection,interaction,related_to,0.62,false,interaction,atlas taxonomy
atlas_systems_complexity_network_science_community_detection,atlas_systems_complexity_network_science_diffusion_on_networks,interaction,related_to,0.62,false,interaction,atlas taxonomy
atlas_systems_complexity_network_science_diffusion_on_networks,atlas_systems_complexity_network_science_temporal_networks,interaction,related_to,0.62,false,interaction,atlas taxonomy
atlas_systems_complexity_network_science_temporal_networks,atlas_systems_complexity_network_science_multilayer_networks,interaction,related_to,0.62,false,interaction,atlas taxonomy
atlas_systems_complexity_systems_modeling,atlas_systems_complexity_domain,structure,part_of,0.96,true,structure,atlas taxonomy
agent_based_modeling,atlas_systems_complexity_systems_modeling,structure,part_of,0.94,true,structure,atlas taxonomy
atlas_agent_based_modeling_theoretical_foundations,agent_based_modeling,association,formalizes,0.82,true,association,atlas taxonomy
atlas_agent_based_modeling_methods_and_instruments,agent_based_modeling,association,method_for,0.82,true,association,atlas taxonomy
atlas_agent_based_modeling_open_questions,agent_based_modeling,association,investigates,0.72,true,association,atlas taxonomy
atlas_agent_based_modeling_applications_and_implications,agent_based_modeling,application,application_of,0.82,true,application,atlas taxonomy
atlas_systems_complexity_systems_modeling_system_dynamics,atlas_systems_complexity_systems_modeling,structure,part_of,0.94,true,structure,atlas taxonomy
atlas_atlas_systems_complexity_systems_modeling_system_dynamics_theoretical_foundations,atlas_systems_complexity_systems_modeling_system_dynamics,association,formalizes,0.82,true,association,atlas taxonomy
atlas_atlas_systems_complexity_systems_modeling_system_dynamics_methods_and_instruments,atlas_systems_complexity_systems_modeling_system_dynamics,association,method_for,0.82,true,association,atlas taxonomy
atlas_atlas_systems_complexity_systems_modeling_system_dynamics_open_questions,atlas_systems_complexity_systems_modeling_system_dynamics,association,investigates,0.72,true,association,atlas taxonomy
atlas_atlas_systems_complexity_systems_modeling_system_dynamics_applications_and_implications,atlas_systems_complexity_systems_modeling_system_dynamics,application,application_of,0.82,true,application,atlas taxonomy
atlas_systems_complexity_systems_modeling_multiscale_modeling,atlas_systems_complexity_systems_modeling,structure,part_of,0.94,true,structure,atlas taxonomy
atlas_atlas_systems_complexity_systems_modeling_multiscale_modeling_theoretical_foundations,atlas_systems_complexity_systems_modeling_multiscale_modeling,association,formalizes,0.82,true,association,atlas taxonomy
atlas_atlas_systems_complexity_systems_modeling_multiscale_modeling_methods_and_instruments,atlas_systems_complexity_systems_modeling_multiscale_modeling,association,method_for,0.82,true,association,atlas taxonomy
atlas_atlas_systems_complexity_systems_modeling_multiscale_modeling_open_questions,atlas_systems_complexity_systems_modeling_multiscale_modeling,association,investigates,0.72,true,association,atlas taxonomy
atlas_atlas_systems_complexity_systems_modeling_multiscale_modeling_applications_and_implication,atlas_systems_complexity_systems_modeling_multiscale_modeling,application,application_of,0.82,true,application,atlas taxonomy
atlas_systems_complexity_systems_modeling_digital_twins,atlas_systems_complexity_systems_modeling,structure,part_of,0.94,true,structure,atlas taxonomy
atlas_atlas_systems_complexity_systems_modeling_digital_twins_theoretical_foundations,atlas_systems_complexity_systems_modeling_digital_twins,association,formalizes,0.82,true,association,atlas taxonomy
atlas_atlas_systems_complexity_systems_modeling_digital_twins_methods_and_instruments,atlas_systems_complexity_systems_modeling_digital_twins,association,method_for,0.82,true,association,atlas taxonomy
atlas_atlas_systems_complexity_systems_modeling_digital_twins_open_questions,atlas_systems_complexity_systems_modeling_digital_twins,association,investigates,0.72,true,association,atlas taxonomy
atlas_atlas_systems_complexity_systems_modeling_digital_twins_applications_and_implications,atlas_systems_complexity_systems_modeling_digital_twins,application,application_of,0.82,true,application,atlas taxonomy
atlas_systems_complexity_systems_modeling_uncertainty_quantification,atlas_systems_complexity_systems_modeling,structure,part_of,0.94,true,structure,atlas taxonomy
atlas_atlas_systems_complexity_systems_modeling_uncertainty_quantification_theoretical_foundatio,atlas_systems_complexity_systems_modeling_uncertainty_quantification,association,formalizes,0.82,true,association,atlas taxonomy
atlas_atlas_systems_complexity_systems_modeling_uncertainty_quantification_methods_and_instrumen,atlas_systems_complexity_systems_modeling_uncertainty_quantification,association,method_for,0.82,true,association,atlas taxonomy
atlas_atlas_systems_complexity_systems_modeling_uncertainty_quantification_open_questions,atlas_systems_complexity_systems_modeling_uncertainty_quantification,association,investigates,0.72,true,association,atlas taxonomy
atlas_atlas_systems_complexity_systems_modeling_uncertainty_quantification_applications_and_impl,atlas_systems_complexity_systems_modeling_uncertainty_quantification,application,application_of,0.82,true,application,atlas taxonomy
agent_based_modeling,atlas_systems_complexity_systems_modeling_system_dynamics,interaction,related_to,0.62,false,interaction,atlas taxonomy
atlas_systems_complexity_systems_modeling_system_dynamics,atlas_systems_complexity_systems_modeling_multiscale_modeling,interaction,related_to,0.62,false,interaction,atlas taxonomy
atlas_systems_complexity_systems_modeling_multiscale_modeling,atlas_systems_complexity_systems_modeling_digital_twins,interaction,related_to,0.62,false,interaction,atlas taxonomy
atlas_systems_complexity_systems_modeling_digital_twins,atlas_systems_complexity_systems_modeling_uncertainty_quantification,interaction,related_to,0.62,false,interaction,atlas taxonomy
atlas_systems_complexity_cybernetics_and_control,atlas_systems_complexity_domain,structure,part_of,0.96,true,structure,atlas taxonomy
atlas_systems_complexity_cybernetics_and_control_feedback,atlas_systems_complexity_cybernetics_and_control,structure,part_of,0.94,true,structure,atlas taxonomy
atlas_atlas_systems_complexity_cybernetics_and_control_feedback_theoretical_foundations,atlas_systems_complexity_cybernetics_and_control_feedback,association,formalizes,0.82,true,association,atlas taxonomy
atlas_atlas_systems_complexity_cybernetics_and_control_feedback_methods_and_instruments,atlas_systems_complexity_cybernetics_and_control_feedback,association,method_for,0.82,true,association,atlas taxonomy
atlas_atlas_systems_complexity_cybernetics_and_control_feedback_open_questions,atlas_systems_complexity_cybernetics_and_control_feedback,association,investigates,0.72,true,association,atlas taxonomy
atlas_atlas_systems_complexity_cybernetics_and_control_feedback_applications_and_implications,atlas_systems_complexity_cybernetics_and_control_feedback,application,application_of,0.82,true,application,atlas taxonomy
homeostasis,atlas_systems_complexity_cybernetics_and_control,structure,part_of,0.94,true,structure,atlas taxonomy
atlas_systems_complexity_cybernetics_and_control_observability,atlas_systems_complexity_cybernetics_and_control,structure,part_of,0.94,true,structure,atlas taxonomy
atlas_atlas_systems_complexity_cybernetics_and_control_observability_theoretical_foundations,atlas_systems_complexity_cybernetics_and_control_observability,association,formalizes,0.82,true,association,atlas taxonomy
atlas_atlas_systems_complexity_cybernetics_and_control_observability_methods_and_instruments,atlas_systems_complexity_cybernetics_and_control_observability,association,method_for,0.82,true,association,atlas taxonomy
atlas_atlas_systems_complexity_cybernetics_and_control_observability_open_questions,atlas_systems_complexity_cybernetics_and_control_observability,association,investigates,0.72,true,association,atlas taxonomy
atlas_atlas_systems_complexity_cybernetics_and_control_observability_applications_and_implicatio,atlas_systems_complexity_cybernetics_and_control_observability,application,application_of,0.82,true,application,atlas taxonomy
atlas_systems_complexity_cybernetics_and_control_resilience,atlas_systems_complexity_cybernetics_and_control,structure,part_of,0.94,true,structure,atlas taxonomy
atlas_atlas_systems_complexity_cybernetics_and_control_resilience_theoretical_foundations,atlas_systems_complexity_cybernetics_and_control_resilience,association,formalizes,0.82,true,association,atlas taxonomy
atlas_atlas_systems_complexity_cybernetics_and_control_resilience_methods_and_instruments,atlas_systems_complexity_cybernetics_and_control_resilience,association,method_for,0.82,true,association,atlas taxonomy
atlas_atlas_systems_complexity_cybernetics_and_control_resilience_open_questions,atlas_systems_complexity_cybernetics_and_control_resilience,association,investigates,0.72,true,association,atlas taxonomy
atlas_atlas_systems_complexity_cybernetics_and_control_resilience_applications_and_implications,atlas_systems_complexity_cybernetics_and_control_resilience,application,application_of,0.82,true,application,atlas taxonomy
atlas_systems_complexity_cybernetics_and_control_adaptive_control,atlas_systems_complexity_cybernetics_and_control,structure,part_of,0.94,true,structure,atlas taxonomy
atlas_atlas_systems_complexity_cybernetics_and_control_adaptive_control_theoretical_foundations,atlas_systems_complexity_cybernetics_and_control_adaptive_control,association,formalizes,0.82,true,association,atlas taxonomy
atlas_atlas_systems_complexity_cybernetics_and_control_adaptive_control_methods_and_instruments,atlas_systems_complexity_cybernetics_and_control_adaptive_control,association,method_for,0.82,true,association,atlas taxonomy
atlas_atlas_systems_complexity_cybernetics_and_control_adaptive_control_open_questions,atlas_systems_complexity_cybernetics_and_control_adaptive_control,association,investigates,0.72,true,association,atlas taxonomy
atlas_atlas_systems_complexity_cybernetics_and_control_adaptive_control_applications_and_implica,atlas_systems_complexity_cybernetics_and_control_adaptive_control,application,application_of,0.82,true,application,atlas taxonomy
atlas_systems_complexity_cybernetics_and_control_feedback,homeostasis,interaction,related_to,0.62,false,interaction,atlas taxonomy
homeostasis,atlas_systems_complexity_cybernetics_and_control_observability,interaction,related_to,0.62,false,interaction,atlas taxonomy
atlas_systems_complexity_cybernetics_and_control_observability,atlas_systems_complexity_cybernetics_and_control_resilience,interaction,related_to,0.62,false,interaction,atlas taxonomy
atlas_systems_complexity_cybernetics_and_control_resilience,atlas_systems_complexity_cybernetics_and_control_adaptive_control,interaction,related_to,0.62,false,interaction,atlas taxonomy
atlas_systems_complexity_science_of_science,atlas_systems_complexity_domain,structure,part_of,0.96,true,structure,atlas taxonomy
atlas_systems_complexity_science_of_science_bibliometrics,atlas_systems_complexity_science_of_science,structure,part_of,0.94,true,structure,atlas taxonomy
atlas_atlas_systems_complexity_science_of_science_bibliometrics_theoretical_foundations,atlas_systems_complexity_science_of_science_bibliometrics,association,formalizes,0.82,true,association,atlas taxonomy
atlas_atlas_systems_complexity_science_of_science_bibliometrics_methods_and_instruments,atlas_systems_complexity_science_of_science_bibliometrics,association,method_for,0.82,true,association,atlas taxonomy
atlas_atlas_systems_complexity_science_of_science_bibliometrics_open_questions,atlas_systems_complexity_science_of_science_bibliometrics,association,investigates,0.72,true,association,atlas taxonomy
atlas_atlas_systems_complexity_science_of_science_bibliometrics_applications_and_implications,atlas_systems_complexity_science_of_science_bibliometrics,application,application_of,0.82,true,application,atlas taxonomy
atlas_systems_complexity_science_of_science_research_networks,atlas_systems_complexity_science_of_science,structure,part_of,0.94,true,structure,atlas taxonomy
atlas_atlas_systems_complexity_science_of_science_research_networks_theoretical_foundations,atlas_systems_complexity_science_of_science_research_networks,association,formalizes,0.82,true,association,atlas taxonomy
atlas_atlas_systems_complexity_science_of_science_research_networks_methods_and_instruments,atlas_systems_complexity_science_of_science_research_networks,association,method_for,0.82,true,association,atlas taxonomy
atlas_atlas_systems_complexity_science_of_science_research_networks_open_questions,atlas_systems_complexity_science_of_science_research_networks,association,investigates,0.72,true,association,atlas taxonomy
atlas_atlas_systems_complexity_science_of_science_research_networks_applications_and_implication,atlas_systems_complexity_science_of_science_research_networks,application,application_of,0.82,true,application,atlas taxonomy
atlas_systems_complexity_science_of_science_innovation_dynamics,atlas_systems_complexity_science_of_science,structure,part_of,0.94,true,structure,atlas taxonomy
atlas_atlas_systems_complexity_science_of_science_innovation_dynamics_theoretical_foundations,atlas_systems_complexity_science_of_science_innovation_dynamics,association,formalizes,0.82,true,association,atlas taxonomy
atlas_atlas_systems_complexity_science_of_science_innovation_dynamics_methods_and_instruments,atlas_systems_complexity_science_of_science_innovation_dynamics,association,method_for,0.82,true,association,atlas taxonomy
atlas_atlas_systems_complexity_science_of_science_innovation_dynamics_open_questions,atlas_systems_complexity_science_of_science_innovation_dynamics,association,investigates,0.72,true,association,atlas taxonomy
atlas_atlas_systems_complexity_science_of_science_innovation_dynamics_applications_and_implicati,atlas_systems_complexity_science_of_science_innovation_dynamics,application,application_of,0.82,true,application,atlas taxonomy
atlas_systems_complexity_science_of_science_team_science,atlas_systems_complexity_science_of_science,structure,part_of,0.94,true,structure,atlas taxonomy
atlas_atlas_systems_complexity_science_of_science_team_science_theoretical_foundations,atlas_systems_complexity_science_of_science_team_science,association,formalizes,0.82,true,association,atlas taxonomy
atlas_atlas_systems_complexity_science_of_science_team_science_methods_and_instruments,atlas_systems_complexity_science_of_science_team_science,association,method_for,0.82,true,association,atlas taxonomy
atlas_atlas_systems_complexity_science_of_science_team_science_open_questions,atlas_systems_complexity_science_of_science_team_science,association,investigates,0.72,true,association,atlas taxonomy
atlas_atlas_systems_complexity_science_of_science_team_science_applications_and_implications,atlas_systems_complexity_science_of_science_team_science,application,application_of,0.82,true,application,atlas taxonomy
atlas_systems_complexity_science_of_science_metascience,atlas_systems_complexity_science_of_science,structure,part_of,0.94,true,structure,atlas taxonomy
atlas_atlas_systems_complexity_science_of_science_metascience_theoretical_foundations,atlas_systems_complexity_science_of_science_metascience,association,formalizes,0.82,true,association,atlas taxonomy
atlas_atlas_systems_complexity_science_of_science_metascience_methods_and_instruments,atlas_systems_complexity_science_of_science_metascience,association,method_for,0.82,true,association,atlas taxonomy
atlas_atlas_systems_complexity_science_of_science_metascience_open_questions,atlas_systems_complexity_science_of_science_metascience,association,investigates,0.72,true,association,atlas taxonomy
atlas_atlas_systems_complexity_science_of_science_metascience_applications_and_implications,atlas_systems_complexity_science_of_science_metascience,application,application_of,0.82,true,application,atlas taxonomy
atlas_systems_complexity_science_of_science_bibliometrics,atlas_systems_complexity_science_of_science_research_networks,interaction,related_to,0.62,false,interaction,atlas taxonomy
atlas_systems_complexity_science_of_science_research_networks,atlas_systems_complexity_science_of_science_innovation_dynamics,interaction,related_to,0.62,false,interaction,atlas taxonomy
atlas_systems_complexity_science_of_science_innovation_dynamics,atlas_systems_complexity_science_of_science_team_science,interaction,related_to,0.62,false,interaction,atlas taxonomy
atlas_systems_complexity_science_of_science_team_science,atlas_systems_complexity_science_of_science_metascience,interaction,related_to,0.62,false,interaction,atlas taxonomy
complex_systems,network_science,interaction,related_to,0.66,false,interaction,atlas taxonomy
network_science,atlas_systems_complexity_systems_modeling,interaction,related_to,0.66,false,interaction,atlas taxonomy
atlas_systems_complexity_systems_modeling,atlas_systems_complexity_cybernetics_and_control,interaction,related_to,0.66,false,interaction,atlas taxonomy
atlas_systems_complexity_cybernetics_and_control,atlas_systems_complexity_science_of_science,interaction,related_to,0.66,false,interaction,atlas taxonomy
atlas_social_sciences_economics,atlas_social_sciences_domain,structure,part_of,0.96,true,structure,atlas taxonomy
atlas_social_sciences_economics_microeconomics,atlas_social_sciences_economics,structure,part_of,0.94,true,structure,atlas taxonomy
atlas_atlas_social_sciences_economics_microeconomics_theoretical_foundations,atlas_social_sciences_economics_microeconomics,association,formalizes,0.82,true,association,atlas taxonomy
atlas_atlas_social_sciences_economics_microeconomics_methods_and_instruments,atlas_social_sciences_economics_microeconomics,association,method_for,0.82,true,association,atlas taxonomy
atlas_atlas_social_sciences_economics_microeconomics_open_questions,atlas_social_sciences_economics_microeconomics,association,investigates,0.72,true,association,atlas taxonomy
atlas_atlas_social_sciences_economics_microeconomics_applications_and_implications,atlas_social_sciences_economics_microeconomics,application,application_of,0.82,true,application,atlas taxonomy
atlas_social_sciences_economics_macroeconomics,atlas_social_sciences_economics,structure,part_of,0.94,true,structure,atlas taxonomy
atlas_atlas_social_sciences_economics_macroeconomics_theoretical_foundations,atlas_social_sciences_economics_macroeconomics,association,formalizes,0.82,true,association,atlas taxonomy
atlas_atlas_social_sciences_economics_macroeconomics_methods_and_instruments,atlas_social_sciences_economics_macroeconomics,association,method_for,0.82,true,association,atlas taxonomy
atlas_atlas_social_sciences_economics_macroeconomics_open_questions,atlas_social_sciences_economics_macroeconomics,association,investigates,0.72,true,association,atlas taxonomy
atlas_atlas_social_sciences_economics_macroeconomics_applications_and_implications,atlas_social_sciences_economics_macroeconomics,application,application_of,0.82,true,application,atlas taxonomy
atlas_social_sciences_economics_econometrics,atlas_social_sciences_economics,structure,part_of,0.94,true,structure,atlas taxonomy
atlas_atlas_social_sciences_economics_econometrics_theoretical_foundations,atlas_social_sciences_economics_econometrics,association,formalizes,0.82,true,association,atlas taxonomy
atlas_atlas_social_sciences_economics_econometrics_methods_and_instruments,atlas_social_sciences_economics_econometrics,association,method_for,0.82,true,association,atlas taxonomy
atlas_atlas_social_sciences_economics_econometrics_open_questions,atlas_social_sciences_economics_econometrics,association,investigates,0.72,true,association,atlas taxonomy
atlas_atlas_social_sciences_economics_econometrics_applications_and_implications,atlas_social_sciences_economics_econometrics,application,application_of,0.82,true,application,atlas taxonomy
atlas_social_sciences_economics_behavioral_economics,atlas_social_sciences_economics,structure,part_of,0.94,true,structure,atlas taxonomy
atlas_atlas_social_sciences_economics_behavioral_economics_theoretical_foundations,atlas_social_sciences_economics_behavioral_economics,association,formalizes,0.82,true,association,atlas taxonomy
atlas_atlas_social_sciences_economics_behavioral_economics_methods_and_instruments,atlas_social_sciences_economics_behavioral_economics,association,method_for,0.82,true,association,atlas taxonomy
atlas_atlas_social_sciences_economics_behavioral_economics_open_questions,atlas_social_sciences_economics_behavioral_economics,association,investigates,0.72,true,association,atlas taxonomy
atlas_atlas_social_sciences_economics_behavioral_economics_applications_and_implications,atlas_social_sciences_economics_behavioral_economics,application,application_of,0.82,true,application,atlas taxonomy
atlas_social_sciences_economics_development_economics,atlas_social_sciences_economics,structure,part_of,0.94,true,structure,atlas taxonomy
atlas_atlas_social_sciences_economics_development_economics_theoretical_foundations,atlas_social_sciences_economics_development_economics,association,formalizes,0.82,true,association,atlas taxonomy
atlas_atlas_social_sciences_economics_development_economics_methods_and_instruments,atlas_social_sciences_economics_development_economics,association,method_for,0.82,true,association,atlas taxonomy
atlas_atlas_social_sciences_economics_development_economics_open_questions,atlas_social_sciences_economics_development_economics,association,investigates,0.72,true,association,atlas taxonomy
atlas_atlas_social_sciences_economics_development_economics_applications_and_implications,atlas_social_sciences_economics_development_economics,application,application_of,0.82,true,application,atlas taxonomy
atlas_social_sciences_economics_microeconomics,atlas_social_sciences_economics_macroeconomics,interaction,related_to,0.62,false,interaction,atlas taxonomy
atlas_social_sciences_economics_macroeconomics,atlas_social_sciences_economics_econometrics,interaction,related_to,0.62,false,interaction,atlas taxonomy
atlas_social_sciences_economics_econometrics,atlas_social_sciences_economics_behavioral_economics,interaction,related_to,0.62,false,interaction,atlas taxonomy
atlas_social_sciences_economics_behavioral_economics,atlas_social_sciences_economics_development_economics,interaction,related_to,0.62,false,interaction,atlas taxonomy
atlas_social_sciences_sociology,atlas_social_sciences_domain,structure,part_of,0.96,true,structure,atlas taxonomy
atlas_social_sciences_sociology_social_stratification,atlas_social_sciences_sociology,structure,part_of,0.94,true,structure,atlas taxonomy
atlas_atlas_social_sciences_sociology_social_stratification_theoretical_foundations,atlas_social_sciences_sociology_social_stratification,association,formalizes,0.82,true,association,atlas taxonomy
atlas_atlas_social_sciences_sociology_social_stratification_methods_and_instruments,atlas_social_sciences_sociology_social_stratification,association,method_for,0.82,true,association,atlas taxonomy
atlas_atlas_social_sciences_sociology_social_stratification_open_questions,atlas_social_sciences_sociology_social_stratification,association,investigates,0.72,true,association,atlas taxonomy
atlas_atlas_social_sciences_sociology_social_stratification_applications_and_implications,atlas_social_sciences_sociology_social_stratification,application,application_of,0.82,true,application,atlas taxonomy
atlas_social_sciences_sociology_organizations,atlas_social_sciences_sociology,structure,part_of,0.94,true,structure,atlas taxonomy
atlas_atlas_social_sciences_sociology_organizations_theoretical_foundations,atlas_social_sciences_sociology_organizations,association,formalizes,0.82,true,association,atlas taxonomy
atlas_atlas_social_sciences_sociology_organizations_methods_and_instruments,atlas_social_sciences_sociology_organizations,association,method_for,0.82,true,association,atlas taxonomy
atlas_atlas_social_sciences_sociology_organizations_open_questions,atlas_social_sciences_sociology_organizations,association,investigates,0.72,true,association,atlas taxonomy
atlas_atlas_social_sciences_sociology_organizations_applications_and_implications,atlas_social_sciences_sociology_organizations,application,application_of,0.82,true,application,atlas taxonomy
atlas_social_sciences_sociology_culture,atlas_social_sciences_sociology,structure,part_of,0.94,true,structure,atlas taxonomy
atlas_atlas_social_sciences_sociology_culture_theoretical_foundations,atlas_social_sciences_sociology_culture,association,formalizes,0.82,true,association,atlas taxonomy
atlas_atlas_social_sciences_sociology_culture_methods_and_instruments,atlas_social_sciences_sociology_culture,association,method_for,0.82,true,association,atlas taxonomy
atlas_atlas_social_sciences_sociology_culture_open_questions,atlas_social_sciences_sociology_culture,association,investigates,0.72,true,association,atlas taxonomy
atlas_atlas_social_sciences_sociology_culture_applications_and_implications,atlas_social_sciences_sociology_culture,application,application_of,0.82,true,application,atlas taxonomy
atlas_social_sciences_sociology_social_networks,atlas_social_sciences_sociology,structure,part_of,0.94,true,structure,atlas taxonomy
atlas_atlas_social_sciences_sociology_social_networks_theoretical_foundations,atlas_social_sciences_sociology_social_networks,association,formalizes,0.82,true,association,atlas taxonomy
atlas_atlas_social_sciences_sociology_social_networks_methods_and_instruments,atlas_social_sciences_sociology_social_networks,association,method_for,0.82,true,association,atlas taxonomy
atlas_atlas_social_sciences_sociology_social_networks_open_questions,atlas_social_sciences_sociology_social_networks,association,investigates,0.72,true,association,atlas taxonomy
atlas_atlas_social_sciences_sociology_social_networks_applications_and_implications,atlas_social_sciences_sociology_social_networks,application,application_of,0.82,true,application,atlas taxonomy
atlas_social_sciences_sociology_collective_action,atlas_social_sciences_sociology,structure,part_of,0.94,true,structure,atlas taxonomy
atlas_atlas_social_sciences_sociology_collective_action_theoretical_foundations,atlas_social_sciences_sociology_collective_action,association,formalizes,0.82,true,association,atlas taxonomy
atlas_atlas_social_sciences_sociology_collective_action_methods_and_instruments,atlas_social_sciences_sociology_collective_action,association,method_for,0.82,true,association,atlas taxonomy
atlas_atlas_social_sciences_sociology_collective_action_open_questions,atlas_social_sciences_sociology_collective_action,association,investigates,0.72,true,association,atlas taxonomy
atlas_atlas_social_sciences_sociology_collective_action_applications_and_implications,atlas_social_sciences_sociology_collective_action,application,application_of,0.82,true,application,atlas taxonomy
atlas_social_sciences_sociology_social_stratification,atlas_social_sciences_sociology_organizations,interaction,related_to,0.62,false,interaction,atlas taxonomy
atlas_social_sciences_sociology_organizations,atlas_social_sciences_sociology_culture,interaction,related_to,0.62,false,interaction,atlas taxonomy
atlas_social_sciences_sociology_culture,atlas_social_sciences_sociology_social_networks,interaction,related_to,0.62,false,interaction,atlas taxonomy
atlas_social_sciences_sociology_social_networks,atlas_social_sciences_sociology_collective_action,interaction,related_to,0.62,false,interaction,atlas taxonomy
atlas_social_sciences_political_science,atlas_social_sciences_domain,structure,part_of,0.96,true,structure,atlas taxonomy
atlas_social_sciences_political_science_political_institutions,atlas_social_sciences_political_science,structure,part_of,0.94,true,structure,atlas taxonomy
atlas_atlas_social_sciences_political_science_political_institutions_theoretical_foundations,atlas_social_sciences_political_science_political_institutions,association,formalizes,0.82,true,association,atlas taxonomy
atlas_atlas_social_sciences_political_science_political_institutions_methods_and_instruments,atlas_social_sciences_political_science_political_institutions,association,method_for,0.82,true,association,atlas taxonomy
atlas_atlas_social_sciences_political_science_political_institutions_open_questions,atlas_social_sciences_political_science_political_institutions,association,investigates,0.72,true,association,atlas taxonomy
atlas_atlas_social_sciences_political_science_political_institutions_applications_and_implicatio,atlas_social_sciences_political_science_political_institutions,application,application_of,0.82,true,application,atlas taxonomy
atlas_social_sciences_political_science_international_relations,atlas_social_sciences_political_science,structure,part_of,0.94,true,structure,atlas taxonomy
atlas_atlas_social_sciences_political_science_international_relations_theoretical_foundations,atlas_social_sciences_political_science_international_relations,association,formalizes,0.82,true,association,atlas taxonomy
atlas_atlas_social_sciences_political_science_international_relations_methods_and_instruments,atlas_social_sciences_political_science_international_relations,association,method_for,0.82,true,association,atlas taxonomy
atlas_atlas_social_sciences_political_science_international_relations_open_questions,atlas_social_sciences_political_science_international_relations,association,investigates,0.72,true,association,atlas taxonomy
atlas_atlas_social_sciences_political_science_international_relations_applications_and_implicati,atlas_social_sciences_political_science_international_relations,application,application_of,0.82,true,application,atlas taxonomy
atlas_social_sciences_political_science_public_policy,atlas_social_sciences_political_science,structure,part_of,0.94,true,structure,atlas taxonomy
atlas_atlas_social_sciences_political_science_public_policy_theoretical_foundations,atlas_social_sciences_political_science_public_policy,association,formalizes,0.82,true,association,atlas taxonomy
atlas_atlas_social_sciences_political_science_public_policy_methods_and_instruments,atlas_social_sciences_political_science_public_policy,association,method_for,0.82,true,association,atlas taxonomy
atlas_atlas_social_sciences_political_science_public_policy_open_questions,atlas_social_sciences_political_science_public_policy,association,investigates,0.72,true,association,atlas taxonomy
atlas_atlas_social_sciences_political_science_public_policy_applications_and_implications,atlas_social_sciences_political_science_public_policy,application,application_of,0.82,true,application,atlas taxonomy
atlas_social_sciences_political_science_political_behavior,atlas_social_sciences_political_science,structure,part_of,0.94,true,structure,atlas taxonomy
atlas_atlas_social_sciences_political_science_political_behavior_theoretical_foundations,atlas_social_sciences_political_science_political_behavior,association,formalizes,0.82,true,association,atlas taxonomy
atlas_atlas_social_sciences_political_science_political_behavior_methods_and_instruments,atlas_social_sciences_political_science_political_behavior,association,method_for,0.82,true,association,atlas taxonomy
atlas_atlas_social_sciences_political_science_political_behavior_open_questions,atlas_social_sciences_political_science_political_behavior,association,investigates,0.72,true,association,atlas taxonomy
atlas_atlas_social_sciences_political_science_political_behavior_applications_and_implications,atlas_social_sciences_political_science_political_behavior,application,application_of,0.82,true,application,atlas taxonomy
atlas_social_sciences_political_science_governance,atlas_social_sciences_political_science,structure,part_of,0.94,true,structure,atlas taxonomy
atlas_atlas_social_sciences_political_science_governance_theoretical_foundations,atlas_social_sciences_political_science_governance,association,formalizes,0.82,true,association,atlas taxonomy
atlas_atlas_social_sciences_political_science_governance_methods_and_instruments,atlas_social_sciences_political_science_governance,association,method_for,0.82,true,association,atlas taxonomy
atlas_atlas_social_sciences_political_science_governance_open_questions,atlas_social_sciences_political_science_governance,association,investigates,0.72,true,association,atlas taxonomy
atlas_atlas_social_sciences_political_science_governance_applications_and_implications,atlas_social_sciences_political_science_governance,application,application_of,0.82,true,application,atlas taxonomy
atlas_social_sciences_political_science_political_institutions,atlas_social_sciences_political_science_international_relations,interaction,related_to,0.62,false,interaction,atlas taxonomy
atlas_social_sciences_political_science_international_relations,atlas_social_sciences_political_science_public_policy,interaction,related_to,0.62,false,interaction,atlas taxonomy
atlas_social_sciences_political_science_public_policy,atlas_social_sciences_political_science_political_behavior,interaction,related_to,0.62,false,interaction,atlas taxonomy
atlas_social_sciences_political_science_political_behavior,atlas_social_sciences_political_science_governance,interaction,related_to,0.62,false,interaction,atlas taxonomy
atlas_social_sciences_anthropology,atlas_social_sciences_domain,structure,part_of,0.96,true,structure,atlas taxonomy
atlas_social_sciences_anthropology_cultural_anthropology,atlas_social_sciences_anthropology,structure,part_of,0.94,true,structure,atlas taxonomy
atlas_atlas_social_sciences_anthropology_cultural_anthropology_theoretical_foundations,atlas_social_sciences_anthropology_cultural_anthropology,association,formalizes,0.82,true,association,atlas taxonomy
atlas_atlas_social_sciences_anthropology_cultural_anthropology_methods_and_instruments,atlas_social_sciences_anthropology_cultural_anthropology,association,method_for,0.82,true,association,atlas taxonomy
atlas_atlas_social_sciences_anthropology_cultural_anthropology_open_questions,atlas_social_sciences_anthropology_cultural_anthropology,association,investigates,0.72,true,association,atlas taxonomy
atlas_atlas_social_sciences_anthropology_cultural_anthropology_applications_and_implications,atlas_social_sciences_anthropology_cultural_anthropology,application,application_of,0.82,true,application,atlas taxonomy
atlas_social_sciences_anthropology_biological_anthropology,atlas_social_sciences_anthropology,structure,part_of,0.94,true,structure,atlas taxonomy
atlas_atlas_social_sciences_anthropology_biological_anthropology_theoretical_foundations,atlas_social_sciences_anthropology_biological_anthropology,association,formalizes,0.82,true,association,atlas taxonomy
atlas_atlas_social_sciences_anthropology_biological_anthropology_methods_and_instruments,atlas_social_sciences_anthropology_biological_anthropology,association,method_for,0.82,true,association,atlas taxonomy
atlas_atlas_social_sciences_anthropology_biological_anthropology_open_questions,atlas_social_sciences_anthropology_biological_anthropology,association,investigates,0.72,true,association,atlas taxonomy
atlas_atlas_social_sciences_anthropology_biological_anthropology_applications_and_implications,atlas_social_sciences_anthropology_biological_anthropology,application,application_of,0.82,true,application,atlas taxonomy
atlas_social_sciences_anthropology_archaeology,atlas_social_sciences_anthropology,structure,part_of,0.94,true,structure,atlas taxonomy
atlas_atlas_social_sciences_anthropology_archaeology_theoretical_foundations,atlas_social_sciences_anthropology_archaeology,association,formalizes,0.82,true,association,atlas taxonomy
atlas_atlas_social_sciences_anthropology_archaeology_methods_and_instruments,atlas_social_sciences_anthropology_archaeology,association,method_for,0.82,true,association,atlas taxonomy
atlas_atlas_social_sciences_anthropology_archaeology_open_questions,atlas_social_sciences_anthropology_archaeology,association,investigates,0.72,true,association,atlas taxonomy
atlas_atlas_social_sciences_anthropology_archaeology_applications_and_implications,atlas_social_sciences_anthropology_archaeology,application,application_of,0.82,true,application,atlas taxonomy
atlas_social_sciences_anthropology_human_ecology,atlas_social_sciences_anthropology,structure,part_of,0.94,true,structure,atlas taxonomy
atlas_atlas_social_sciences_anthropology_human_ecology_theoretical_foundations,atlas_social_sciences_anthropology_human_ecology,association,formalizes,0.82,true,association,atlas taxonomy
atlas_atlas_social_sciences_anthropology_human_ecology_methods_and_instruments,atlas_social_sciences_anthropology_human_ecology,association,method_for,0.82,true,association,atlas taxonomy
atlas_atlas_social_sciences_anthropology_human_ecology_open_questions,atlas_social_sciences_anthropology_human_ecology,association,investigates,0.72,true,association,atlas taxonomy
atlas_atlas_social_sciences_anthropology_human_ecology_applications_and_implications,atlas_social_sciences_anthropology_human_ecology,application,application_of,0.82,true,application,atlas taxonomy
atlas_social_sciences_anthropology_comparative_ethnography,atlas_social_sciences_anthropology,structure,part_of,0.94,true,structure,atlas taxonomy
atlas_atlas_social_sciences_anthropology_comparative_ethnography_theoretical_foundations,atlas_social_sciences_anthropology_comparative_ethnography,association,formalizes,0.82,true,association,atlas taxonomy
atlas_atlas_social_sciences_anthropology_comparative_ethnography_methods_and_instruments,atlas_social_sciences_anthropology_comparative_ethnography,association,method_for,0.82,true,association,atlas taxonomy
atlas_atlas_social_sciences_anthropology_comparative_ethnography_open_questions,atlas_social_sciences_anthropology_comparative_ethnography,association,investigates,0.72,true,association,atlas taxonomy
atlas_atlas_social_sciences_anthropology_comparative_ethnography_applications_and_implications,atlas_social_sciences_anthropology_comparative_ethnography,application,application_of,0.82,true,application,atlas taxonomy
atlas_social_sciences_anthropology_cultural_anthropology,atlas_social_sciences_anthropology_biological_anthropology,interaction,related_to,0.62,false,interaction,atlas taxonomy
atlas_social_sciences_anthropology_biological_anthropology,atlas_social_sciences_anthropology_archaeology,interaction,related_to,0.62,false,interaction,atlas taxonomy
atlas_social_sciences_anthropology_archaeology,atlas_social_sciences_anthropology_human_ecology,interaction,related_to,0.62,false,interaction,atlas taxonomy
atlas_social_sciences_anthropology_human_ecology,atlas_social_sciences_anthropology_comparative_ethnography,interaction,related_to,0.62,false,interaction,atlas taxonomy
atlas_social_sciences_demography_and_human_geography,atlas_social_sciences_domain,structure,part_of,0.96,true,structure,atlas taxonomy
atlas_social_sciences_demography_and_human_geography_fertility_and_mortality,atlas_social_sciences_demography_and_human_geography,structure,part_of,0.94,true,structure,atlas taxonomy
atlas_atlas_social_sciences_demography_and_human_geography_fertility_and_mortality_theoretical_f,atlas_social_sciences_demography_and_human_geography_fertility_and_mortality,association,formalizes,0.82,true,association,atlas taxonomy
atlas_atlas_social_sciences_demography_and_human_geography_fertility_and_mortality_methods_and_i,atlas_social_sciences_demography_and_human_geography_fertility_and_mortality,association,method_for,0.82,true,association,atlas taxonomy
atlas_atlas_social_sciences_demography_and_human_geography_fertility_and_mortality_open_question,atlas_social_sciences_demography_and_human_geography_fertility_and_mortality,association,investigates,0.72,true,association,atlas taxonomy
atlas_atlas_social_sciences_demography_and_human_geography_fertility_and_mortality_applications_,atlas_social_sciences_demography_and_human_geography_fertility_and_mortality,application,application_of,0.82,true,application,atlas taxonomy
atlas_social_sciences_demography_and_human_geography_migration,atlas_social_sciences_demography_and_human_geography,structure,part_of,0.94,true,structure,atlas taxonomy
atlas_atlas_social_sciences_demography_and_human_geography_migration_theoretical_foundations,atlas_social_sciences_demography_and_human_geography_migration,association,formalizes,0.82,true,association,atlas taxonomy
atlas_atlas_social_sciences_demography_and_human_geography_migration_methods_and_instruments,atlas_social_sciences_demography_and_human_geography_migration,association,method_for,0.82,true,association,atlas taxonomy
atlas_atlas_social_sciences_demography_and_human_geography_migration_open_questions,atlas_social_sciences_demography_and_human_geography_migration,association,investigates,0.72,true,association,atlas taxonomy
atlas_atlas_social_sciences_demography_and_human_geography_migration_applications_and_implicatio,atlas_social_sciences_demography_and_human_geography_migration,application,application_of,0.82,true,application,atlas taxonomy
atlas_social_sciences_demography_and_human_geography_population_aging,atlas_social_sciences_demography_and_human_geography,structure,part_of,0.94,true,structure,atlas taxonomy
atlas_atlas_social_sciences_demography_and_human_geography_population_aging_theoretical_foundati,atlas_social_sciences_demography_and_human_geography_population_aging,association,formalizes,0.82,true,association,atlas taxonomy
atlas_atlas_social_sciences_demography_and_human_geography_population_aging_methods_and_instrume,atlas_social_sciences_demography_and_human_geography_population_aging,association,method_for,0.82,true,association,atlas taxonomy
atlas_atlas_social_sciences_demography_and_human_geography_population_aging_open_questions,atlas_social_sciences_demography_and_human_geography_population_aging,association,investigates,0.72,true,association,atlas taxonomy
atlas_atlas_social_sciences_demography_and_human_geography_population_aging_applications_and_imp,atlas_social_sciences_demography_and_human_geography_population_aging,application,application_of,0.82,true,application,atlas taxonomy
atlas_social_sciences_demography_and_human_geography_urbanization,atlas_social_sciences_demography_and_human_geography,structure,part_of,0.94,true,structure,atlas taxonomy
atlas_atlas_social_sciences_demography_and_human_geography_urbanization_theoretical_foundations,atlas_social_sciences_demography_and_human_geography_urbanization,association,formalizes,0.82,true,association,atlas taxonomy
atlas_atlas_social_sciences_demography_and_human_geography_urbanization_methods_and_instruments,atlas_social_sciences_demography_and_human_geography_urbanization,association,method_for,0.82,true,association,atlas taxonomy
atlas_atlas_social_sciences_demography_and_human_geography_urbanization_open_questions,atlas_social_sciences_demography_and_human_geography_urbanization,association,investigates,0.72,true,association,atlas taxonomy
atlas_atlas_social_sciences_demography_and_human_geography_urbanization_applications_and_implica,atlas_social_sciences_demography_and_human_geography_urbanization,application,application_of,0.82,true,application,atlas taxonomy
atlas_social_sciences_demography_and_human_geography_spatial_inequality,atlas_social_sciences_demography_and_human_geography,structure,part_of,0.94,true,structure,atlas taxonomy
atlas_atlas_social_sciences_demography_and_human_geography_spatial_inequality_theoretical_founda,atlas_social_sciences_demography_and_human_geography_spatial_inequality,association,formalizes,0.82,true,association,atlas taxonomy
atlas_atlas_social_sciences_demography_and_human_geography_spatial_inequality_methods_and_instru,atlas_social_sciences_demography_and_human_geography_spatial_inequality,association,method_for,0.82,true,association,atlas taxonomy
atlas_atlas_social_sciences_demography_and_human_geography_spatial_inequality_open_questions,atlas_social_sciences_demography_and_human_geography_spatial_inequality,association,investigates,0.72,true,association,atlas taxonomy
atlas_atlas_social_sciences_demography_and_human_geography_spatial_inequality_applications_and_i,atlas_social_sciences_demography_and_human_geography_spatial_inequality,application,application_of,0.82,true,application,atlas taxonomy
atlas_social_sciences_demography_and_human_geography_fertility_and_mortality,atlas_social_sciences_demography_and_human_geography_migration,interaction,related_to,0.62,false,interaction,atlas taxonomy
atlas_social_sciences_demography_and_human_geography_migration,atlas_social_sciences_demography_and_human_geography_population_aging,interaction,related_to,0.62,false,interaction,atlas taxonomy
atlas_social_sciences_demography_and_human_geography_population_aging,atlas_social_sciences_demography_and_human_geography_urbanization,interaction,related_to,0.62,false,interaction,atlas taxonomy
atlas_social_sciences_demography_and_human_geography_urbanization,atlas_social_sciences_demography_and_human_geography_spatial_inequality,interaction,related_to,0.62,false,interaction,atlas taxonomy
atlas_social_sciences_economics,atlas_social_sciences_sociology,interaction,related_to,0.66,false,interaction,atlas taxonomy
atlas_social_sciences_sociology,atlas_social_sciences_political_science,interaction,related_to,0.66,false,interaction,atlas taxonomy
atlas_social_sciences_political_science,atlas_social_sciences_anthropology,interaction,related_to,0.66,false,interaction,atlas taxonomy
atlas_social_sciences_anthropology,atlas_social_sciences_demography_and_human_geography,interaction,related_to,0.66,false,interaction,atlas taxonomy
atlas_science_studies_philosophy_of_science,atlas_science_studies_domain,structure,part_of,0.96,true,structure,atlas taxonomy
atlas_science_studies_philosophy_of_science_scientific_explanation,atlas_science_studies_philosophy_of_science,structure,part_of,0.94,true,structure,atlas taxonomy
atlas_atlas_science_studies_philosophy_of_science_scientific_explanation_theoretical_foundations,atlas_science_studies_philosophy_of_science_scientific_explanation,association,formalizes,0.82,true,association,atlas taxonomy
atlas_atlas_science_studies_philosophy_of_science_scientific_explanation_methods_and_instruments,atlas_science_studies_philosophy_of_science_scientific_explanation,association,method_for,0.82,true,association,atlas taxonomy
atlas_atlas_science_studies_philosophy_of_science_scientific_explanation_open_questions,atlas_science_studies_philosophy_of_science_scientific_explanation,association,investigates,0.72,true,association,atlas taxonomy
atlas_atlas_science_studies_philosophy_of_science_scientific_explanation_applications_and_implic,atlas_science_studies_philosophy_of_science_scientific_explanation,application,application_of,0.82,true,application,atlas taxonomy
atlas_science_studies_philosophy_of_science_confirmation_and_evidence,atlas_science_studies_philosophy_of_science,structure,part_of,0.94,true,structure,atlas taxonomy
atlas_atlas_science_studies_philosophy_of_science_confirmation_and_evidence_theoretical_foundati,atlas_science_studies_philosophy_of_science_confirmation_and_evidence,association,formalizes,0.82,true,association,atlas taxonomy
atlas_atlas_science_studies_philosophy_of_science_confirmation_and_evidence_methods_and_instrume,atlas_science_studies_philosophy_of_science_confirmation_and_evidence,association,method_for,0.82,true,association,atlas taxonomy
atlas_atlas_science_studies_philosophy_of_science_confirmation_and_evidence_open_questions,atlas_science_studies_philosophy_of_science_confirmation_and_evidence,association,investigates,0.72,true,association,atlas taxonomy
atlas_atlas_science_studies_philosophy_of_science_confirmation_and_evidence_applications_and_imp,atlas_science_studies_philosophy_of_science_confirmation_and_evidence,application,application_of,0.82,true,application,atlas taxonomy
atlas_science_studies_philosophy_of_science_realism_and_anti_realism,atlas_science_studies_philosophy_of_science,structure,part_of,0.94,true,structure,atlas taxonomy
atlas_atlas_science_studies_philosophy_of_science_realism_and_anti_realism_theoretical_foundatio,atlas_science_studies_philosophy_of_science_realism_and_anti_realism,association,formalizes,0.82,true,association,atlas taxonomy
atlas_atlas_science_studies_philosophy_of_science_realism_and_anti_realism_methods_and_instrumen,atlas_science_studies_philosophy_of_science_realism_and_anti_realism,association,method_for,0.82,true,association,atlas taxonomy
atlas_atlas_science_studies_philosophy_of_science_realism_and_anti_realism_open_questions,atlas_science_studies_philosophy_of_science_realism_and_anti_realism,association,investigates,0.72,true,association,atlas taxonomy
atlas_atlas_science_studies_philosophy_of_science_realism_and_anti_realism_applications_and_impl,atlas_science_studies_philosophy_of_science_realism_and_anti_realism,application,application_of,0.82,true,application,atlas taxonomy
atlas_science_studies_philosophy_of_science_causation,atlas_science_studies_philosophy_of_science,structure,part_of,0.94,true,structure,atlas taxonomy
atlas_atlas_science_studies_philosophy_of_science_causation_theoretical_foundations,atlas_science_studies_philosophy_of_science_causation,association,formalizes,0.82,true,association,atlas taxonomy
atlas_atlas_science_studies_philosophy_of_science_causation_methods_and_instruments,atlas_science_studies_philosophy_of_science_causation,association,method_for,0.82,true,association,atlas taxonomy
atlas_atlas_science_studies_philosophy_of_science_causation_open_questions,atlas_science_studies_philosophy_of_science_causation,association,investigates,0.72,true,association,atlas taxonomy
atlas_atlas_science_studies_philosophy_of_science_causation_applications_and_implications,atlas_science_studies_philosophy_of_science_causation,application,application_of,0.82,true,application,atlas taxonomy
atlas_science_studies_philosophy_of_science_models_and_representation,atlas_science_studies_philosophy_of_science,structure,part_of,0.94,true,structure,atlas taxonomy
atlas_atlas_science_studies_philosophy_of_science_models_and_representation_theoretical_foundati,atlas_science_studies_philosophy_of_science_models_and_representation,association,formalizes,0.82,true,association,atlas taxonomy
atlas_atlas_science_studies_philosophy_of_science_models_and_representation_methods_and_instrume,atlas_science_studies_philosophy_of_science_models_and_representation,association,method_for,0.82,true,association,atlas taxonomy
atlas_atlas_science_studies_philosophy_of_science_models_and_representation_open_questions,atlas_science_studies_philosophy_of_science_models_and_representation,association,investigates,0.72,true,association,atlas taxonomy
atlas_atlas_science_studies_philosophy_of_science_models_and_representation_applications_and_imp,atlas_science_studies_philosophy_of_science_models_and_representation,application,application_of,0.82,true,application,atlas taxonomy
atlas_science_studies_philosophy_of_science_scientific_explanation,atlas_science_studies_philosophy_of_science_confirmation_and_evidence,interaction,related_to,0.62,false,interaction,atlas taxonomy
atlas_science_studies_philosophy_of_science_confirmation_and_evidence,atlas_science_studies_philosophy_of_science_realism_and_anti_realism,interaction,related_to,0.62,false,interaction,atlas taxonomy
atlas_science_studies_philosophy_of_science_realism_and_anti_realism,atlas_science_studies_philosophy_of_science_causation,interaction,related_to,0.62,false,interaction,atlas taxonomy
atlas_science_studies_philosophy_of_science_causation,atlas_science_studies_philosophy_of_science_models_and_representation,interaction,related_to,0.62,false,interaction,atlas taxonomy
atlas_science_studies_history_of_science,atlas_science_studies_domain,structure,part_of,0.96,true,structure,atlas taxonomy
atlas_science_studies_history_of_science_ancient_science,atlas_science_studies_history_of_science,structure,part_of,0.94,true,structure,atlas taxonomy
atlas_atlas_science_studies_history_of_science_ancient_science_theoretical_foundations,atlas_science_studies_history_of_science_ancient_science,association,formalizes,0.82,true,association,atlas taxonomy
atlas_atlas_science_studies_history_of_science_ancient_science_methods_and_instruments,atlas_science_studies_history_of_science_ancient_science,association,method_for,0.82,true,association,atlas taxonomy
atlas_atlas_science_studies_history_of_science_ancient_science_open_questions,atlas_science_studies_history_of_science_ancient_science,association,investigates,0.72,true,association,atlas taxonomy
atlas_atlas_science_studies_history_of_science_ancient_science_applications_and_implications,atlas_science_studies_history_of_science_ancient_science,application,application_of,0.82,true,application,atlas taxonomy
atlas_science_studies_history_of_science_scientific_revolution,atlas_science_studies_history_of_science,structure,part_of,0.94,true,structure,atlas taxonomy
atlas_atlas_science_studies_history_of_science_scientific_revolution_theoretical_foundations,atlas_science_studies_history_of_science_scientific_revolution,association,formalizes,0.82,true,association,atlas taxonomy
atlas_atlas_science_studies_history_of_science_scientific_revolution_methods_and_instruments,atlas_science_studies_history_of_science_scientific_revolution,association,method_for,0.82,true,association,atlas taxonomy
atlas_atlas_science_studies_history_of_science_scientific_revolution_open_questions,atlas_science_studies_history_of_science_scientific_revolution,association,investigates,0.72,true,association,atlas taxonomy
atlas_atlas_science_studies_history_of_science_scientific_revolution_applications_and_implicatio,atlas_science_studies_history_of_science_scientific_revolution,application,application_of,0.82,true,application,atlas taxonomy
atlas_science_studies_history_of_science_history_of_medicine,atlas_science_studies_history_of_science,structure,part_of,0.94,true,structure,atlas taxonomy
atlas_atlas_science_studies_history_of_science_history_of_medicine_theoretical_foundations,atlas_science_studies_history_of_science_history_of_medicine,association,formalizes,0.82,true,association,atlas taxonomy
atlas_atlas_science_studies_history_of_science_history_of_medicine_methods_and_instruments,atlas_science_studies_history_of_science_history_of_medicine,association,method_for,0.82,true,association,atlas taxonomy
atlas_atlas_science_studies_history_of_science_history_of_medicine_open_questions,atlas_science_studies_history_of_science_history_of_medicine,association,investigates,0.72,true,association,atlas taxonomy
atlas_atlas_science_studies_history_of_science_history_of_medicine_applications_and_implications,atlas_science_studies_history_of_science_history_of_medicine,application,application_of,0.82,true,application,atlas taxonomy
atlas_science_studies_history_of_science_history_of_technology,atlas_science_studies_history_of_science,structure,part_of,0.94,true,structure,atlas taxonomy
atlas_atlas_science_studies_history_of_science_history_of_technology_theoretical_foundations,atlas_science_studies_history_of_science_history_of_technology,association,formalizes,0.82,true,association,atlas taxonomy
atlas_atlas_science_studies_history_of_science_history_of_technology_methods_and_instruments,atlas_science_studies_history_of_science_history_of_technology,association,method_for,0.82,true,association,atlas taxonomy
atlas_atlas_science_studies_history_of_science_history_of_technology_open_questions,atlas_science_studies_history_of_science_history_of_technology,association,investigates,0.72,true,association,atlas taxonomy
atlas_atlas_science_studies_history_of_science_history_of_technology_applications_and_implicatio,atlas_science_studies_history_of_science_history_of_technology,application,application_of,0.82,true,application,atlas taxonomy
atlas_science_studies_history_of_science_global_histories_of_knowledge,atlas_science_studies_history_of_science,structure,part_of,0.94,true,structure,atlas taxonomy
atlas_atlas_science_studies_history_of_science_global_histories_of_knowledge_theoretical_foundat,atlas_science_studies_history_of_science_global_histories_of_knowledge,association,formalizes,0.82,true,association,atlas taxonomy
atlas_atlas_science_studies_history_of_science_global_histories_of_knowledge_methods_and_instrum,atlas_science_studies_history_of_science_global_histories_of_knowledge,association,method_for,0.82,true,association,atlas taxonomy
atlas_atlas_science_studies_history_of_science_global_histories_of_knowledge_open_questions,atlas_science_studies_history_of_science_global_histories_of_knowledge,association,investigates,0.72,true,association,atlas taxonomy
atlas_atlas_science_studies_history_of_science_global_histories_of_knowledge_applications_and_im,atlas_science_studies_history_of_science_global_histories_of_knowledge,application,application_of,0.82,true,application,atlas taxonomy
atlas_science_studies_history_of_science_ancient_science,atlas_science_studies_history_of_science_scientific_revolution,interaction,related_to,0.62,false,interaction,atlas taxonomy
atlas_science_studies_history_of_science_scientific_revolution,atlas_science_studies_history_of_science_history_of_medicine,interaction,related_to,0.62,false,interaction,atlas taxonomy
atlas_science_studies_history_of_science_history_of_medicine,atlas_science_studies_history_of_science_history_of_technology,interaction,related_to,0.62,false,interaction,atlas taxonomy
atlas_science_studies_history_of_science_history_of_technology,atlas_science_studies_history_of_science_global_histories_of_knowledge,interaction,related_to,0.62,false,interaction,atlas taxonomy
atlas_science_studies_research_methodology,atlas_science_studies_domain,structure,part_of,0.96,true,structure,atlas taxonomy
atlas_science_studies_research_methodology_measurement,atlas_science_studies_research_methodology,structure,part_of,0.94,true,structure,atlas taxonomy
atlas_atlas_science_studies_research_methodology_measurement_theoretical_foundations,atlas_science_studies_research_methodology_measurement,association,formalizes,0.82,true,association,atlas taxonomy
atlas_atlas_science_studies_research_methodology_measurement_methods_and_instruments,atlas_science_studies_research_methodology_measurement,association,method_for,0.82,true,association,atlas taxonomy
atlas_atlas_science_studies_research_methodology_measurement_open_questions,atlas_science_studies_research_methodology_measurement,association,investigates,0.72,true,association,atlas taxonomy
atlas_atlas_science_studies_research_methodology_measurement_applications_and_implications,atlas_science_studies_research_methodology_measurement,application,application_of,0.82,true,application,atlas taxonomy
atlas_science_studies_research_methodology_experimental_inference,atlas_science_studies_research_methodology,structure,part_of,0.94,true,structure,atlas taxonomy
atlas_atlas_science_studies_research_methodology_experimental_inference_theoretical_foundations,atlas_science_studies_research_methodology_experimental_inference,association,formalizes,0.82,true,association,atlas taxonomy
atlas_atlas_science_studies_research_methodology_experimental_inference_methods_and_instruments,atlas_science_studies_research_methodology_experimental_inference,association,method_for,0.82,true,association,atlas taxonomy
atlas_atlas_science_studies_research_methodology_experimental_inference_open_questions,atlas_science_studies_research_methodology_experimental_inference,association,investigates,0.72,true,association,atlas taxonomy
atlas_atlas_science_studies_research_methodology_experimental_inference_applications_and_implica,atlas_science_studies_research_methodology_experimental_inference,application,application_of,0.82,true,application,atlas taxonomy
atlas_science_studies_research_methodology_replication,atlas_science_studies_research_methodology,structure,part_of,0.94,true,structure,atlas taxonomy
atlas_atlas_science_studies_research_methodology_replication_theoretical_foundations,atlas_science_studies_research_methodology_replication,association,formalizes,0.82,true,association,atlas taxonomy
atlas_atlas_science_studies_research_methodology_replication_methods_and_instruments,atlas_science_studies_research_methodology_replication,association,method_for,0.82,true,association,atlas taxonomy
atlas_atlas_science_studies_research_methodology_replication_open_questions,atlas_science_studies_research_methodology_replication,association,investigates,0.72,true,association,atlas taxonomy
atlas_atlas_science_studies_research_methodology_replication_applications_and_implications,atlas_science_studies_research_methodology_replication,application,application_of,0.82,true,application,atlas taxonomy
atlas_science_studies_research_methodology_open_science,atlas_science_studies_research_methodology,structure,part_of,0.94,true,structure,atlas taxonomy
atlas_atlas_science_studies_research_methodology_open_science_theoretical_foundations,atlas_science_studies_research_methodology_open_science,association,formalizes,0.82,true,association,atlas taxonomy
atlas_atlas_science_studies_research_methodology_open_science_methods_and_instruments,atlas_science_studies_research_methodology_open_science,association,method_for,0.82,true,association,atlas taxonomy
atlas_atlas_science_studies_research_methodology_open_science_open_questions,atlas_science_studies_research_methodology_open_science,association,investigates,0.72,true,association,atlas taxonomy
atlas_atlas_science_studies_research_methodology_open_science_applications_and_implications,atlas_science_studies_research_methodology_open_science,application,application_of,0.82,true,application,atlas taxonomy
atlas_science_studies_research_methodology_research_ethics,atlas_science_studies_research_methodology,structure,part_of,0.94,true,structure,atlas taxonomy
atlas_atlas_science_studies_research_methodology_research_ethics_theoretical_foundations,atlas_science_studies_research_methodology_research_ethics,association,formalizes,0.82,true,association,atlas taxonomy
atlas_atlas_science_studies_research_methodology_research_ethics_methods_and_instruments,atlas_science_studies_research_methodology_research_ethics,association,method_for,0.82,true,association,atlas taxonomy
atlas_atlas_science_studies_research_methodology_research_ethics_open_questions,atlas_science_studies_research_methodology_research_ethics,association,investigates,0.72,true,association,atlas taxonomy
atlas_atlas_science_studies_research_methodology_research_ethics_applications_and_implications,atlas_science_studies_research_methodology_research_ethics,application,application_of,0.82,true,application,atlas taxonomy
atlas_science_studies_research_methodology_measurement,atlas_science_studies_research_methodology_experimental_inference,interaction,related_to,0.62,false,interaction,atlas taxonomy
atlas_science_studies_research_methodology_experimental_inference,atlas_science_studies_research_methodology_replication,interaction,related_to,0.62,false,interaction,atlas taxonomy
atlas_science_studies_research_methodology_replication,atlas_science_studies_research_methodology_open_science,interaction,related_to,0.62,false,interaction,atlas taxonomy
atlas_science_studies_research_methodology_open_science,atlas_science_studies_research_methodology_research_ethics,interaction,related_to,0.62,false,interaction,atlas taxonomy
atlas_science_studies_scientific_communication,atlas_science_studies_domain,structure,part_of,0.96,true,structure,atlas taxonomy
atlas_science_studies_scientific_communication_peer_review,atlas_science_studies_scientific_communication,structure,part_of,0.94,true,structure,atlas taxonomy
atlas_atlas_science_studies_scientific_communication_peer_review_theoretical_foundations,atlas_science_studies_scientific_communication_peer_review,association,formalizes,0.82,true,association,atlas taxonomy
atlas_atlas_science_studies_scientific_communication_peer_review_methods_and_instruments,atlas_science_studies_scientific_communication_peer_review,association,method_for,0.82,true,association,atlas taxonomy
atlas_atlas_science_studies_scientific_communication_peer_review_open_questions,atlas_science_studies_scientific_communication_peer_review,association,investigates,0.72,true,association,atlas taxonomy
atlas_atlas_science_studies_scientific_communication_peer_review_applications_and_implications,atlas_science_studies_scientific_communication_peer_review,application,application_of,0.82,true,application,atlas taxonomy
atlas_science_studies_scientific_communication_scholarly_publishing,atlas_science_studies_scientific_communication,structure,part_of,0.94,true,structure,atlas taxonomy
atlas_atlas_science_studies_scientific_communication_scholarly_publishing_theoretical_foundation,atlas_science_studies_scientific_communication_scholarly_publishing,association,formalizes,0.82,true,association,atlas taxonomy
atlas_atlas_science_studies_scientific_communication_scholarly_publishing_methods_and_instrument,atlas_science_studies_scientific_communication_scholarly_publishing,association,method_for,0.82,true,association,atlas taxonomy
atlas_atlas_science_studies_scientific_communication_scholarly_publishing_open_questions,atlas_science_studies_scientific_communication_scholarly_publishing,association,investigates,0.72,true,association,atlas taxonomy
atlas_atlas_science_studies_scientific_communication_scholarly_publishing_applications_and_impli,atlas_science_studies_scientific_communication_scholarly_publishing,application,application_of,0.82,true,application,atlas taxonomy
atlas_science_studies_scientific_communication_data_sharing,atlas_science_studies_scientific_communication,structure,part_of,0.94,true,structure,atlas taxonomy
atlas_atlas_science_studies_scientific_communication_data_sharing_theoretical_foundations,atlas_science_studies_scientific_communication_data_sharing,association,formalizes,0.82,true,association,atlas taxonomy
atlas_atlas_science_studies_scientific_communication_data_sharing_methods_and_instruments,atlas_science_studies_scientific_communication_data_sharing,association,method_for,0.82,true,association,atlas taxonomy
atlas_atlas_science_studies_scientific_communication_data_sharing_open_questions,atlas_science_studies_scientific_communication_data_sharing,association,investigates,0.72,true,association,atlas taxonomy
atlas_atlas_science_studies_scientific_communication_data_sharing_applications_and_implications,atlas_science_studies_scientific_communication_data_sharing,application,application_of,0.82,true,application,atlas taxonomy
atlas_science_studies_scientific_communication_science_journalism,atlas_science_studies_scientific_communication,structure,part_of,0.94,true,structure,atlas taxonomy
atlas_atlas_science_studies_scientific_communication_science_journalism_theoretical_foundations,atlas_science_studies_scientific_communication_science_journalism,association,formalizes,0.82,true,association,atlas taxonomy
atlas_atlas_science_studies_scientific_communication_science_journalism_methods_and_instruments,atlas_science_studies_scientific_communication_science_journalism,association,method_for,0.82,true,association,atlas taxonomy
atlas_atlas_science_studies_scientific_communication_science_journalism_open_questions,atlas_science_studies_scientific_communication_science_journalism,association,investigates,0.72,true,association,atlas taxonomy
atlas_atlas_science_studies_scientific_communication_science_journalism_applications_and_implica,atlas_science_studies_scientific_communication_science_journalism,application,application_of,0.82,true,application,atlas taxonomy
atlas_science_studies_scientific_communication_public_understanding_of_science,atlas_science_studies_scientific_communication,structure,part_of,0.94,true,structure,atlas taxonomy
atlas_atlas_science_studies_scientific_communication_public_understanding_of_science_theoretical,atlas_science_studies_scientific_communication_public_understanding_of_science,association,formalizes,0.82,true,association,atlas taxonomy
atlas_atlas_science_studies_scientific_communication_public_understanding_of_science_methods_and,atlas_science_studies_scientific_communication_public_understanding_of_science,association,method_for,0.82,true,association,atlas taxonomy
atlas_atlas_science_studies_scientific_communication_public_understanding_of_science_open_questi,atlas_science_studies_scientific_communication_public_understanding_of_science,association,investigates,0.72,true,association,atlas taxonomy
atlas_atlas_science_studies_scientific_communication_public_understanding_of_science_application,atlas_science_studies_scientific_communication_public_understanding_of_science,application,application_of,0.82,true,application,atlas taxonomy
atlas_science_studies_scientific_communication_peer_review,atlas_science_studies_scientific_communication_scholarly_publishing,interaction,related_to,0.62,false,interaction,atlas taxonomy
atlas_science_studies_scientific_communication_scholarly_publishing,atlas_science_studies_scientific_communication_data_sharing,interaction,related_to,0.62,false,interaction,atlas taxonomy
atlas_science_studies_scientific_communication_data_sharing,atlas_science_studies_scientific_communication_science_journalism,interaction,related_to,0.62,false,interaction,atlas taxonomy
atlas_science_studies_scientific_communication_science_journalism,atlas_science_studies_scientific_communication_public_understanding_of_science,interaction,related_to,0.62,false,interaction,atlas taxonomy
atlas_science_studies_responsible_innovation,atlas_science_studies_domain,structure,part_of,0.96,true,structure,atlas taxonomy
atlas_science_studies_responsible_innovation_technology_assessment,atlas_science_studies_responsible_innovation,structure,part_of,0.94,true,structure,atlas taxonomy
atlas_atlas_science_studies_responsible_innovation_technology_assessment_theoretical_foundations,atlas_science_studies_responsible_innovation_technology_assessment,association,formalizes,0.82,true,association,atlas taxonomy
atlas_atlas_science_studies_responsible_innovation_technology_assessment_methods_and_instruments,atlas_science_studies_responsible_innovation_technology_assessment,association,method_for,0.82,true,association,atlas taxonomy
atlas_atlas_science_studies_responsible_innovation_technology_assessment_open_questions,atlas_science_studies_responsible_innovation_technology_assessment,association,investigates,0.72,true,association,atlas taxonomy
atlas_atlas_science_studies_responsible_innovation_technology_assessment_applications_and_implic,atlas_science_studies_responsible_innovation_technology_assessment,application,application_of,0.82,true,application,atlas taxonomy
atlas_science_studies_responsible_innovation_bioethics,atlas_science_studies_responsible_innovation,structure,part_of,0.94,true,structure,atlas taxonomy
atlas_atlas_science_studies_responsible_innovation_bioethics_theoretical_foundations,atlas_science_studies_responsible_innovation_bioethics,association,formalizes,0.82,true,association,atlas taxonomy
atlas_atlas_science_studies_responsible_innovation_bioethics_methods_and_instruments,atlas_science_studies_responsible_innovation_bioethics,association,method_for,0.82,true,association,atlas taxonomy
atlas_atlas_science_studies_responsible_innovation_bioethics_open_questions,atlas_science_studies_responsible_innovation_bioethics,association,investigates,0.72,true,association,atlas taxonomy
atlas_atlas_science_studies_responsible_innovation_bioethics_applications_and_implications,atlas_science_studies_responsible_innovation_bioethics,application,application_of,0.82,true,application,atlas taxonomy
atlas_science_studies_responsible_innovation_ai_ethics,atlas_science_studies_responsible_innovation,structure,part_of,0.94,true,structure,atlas taxonomy
atlas_atlas_science_studies_responsible_innovation_ai_ethics_theoretical_foundations,atlas_science_studies_responsible_innovation_ai_ethics,association,formalizes,0.82,true,association,atlas taxonomy
atlas_atlas_science_studies_responsible_innovation_ai_ethics_methods_and_instruments,atlas_science_studies_responsible_innovation_ai_ethics,association,method_for,0.82,true,association,atlas taxonomy
atlas_atlas_science_studies_responsible_innovation_ai_ethics_open_questions,atlas_science_studies_responsible_innovation_ai_ethics,association,investigates,0.72,true,association,atlas taxonomy
atlas_atlas_science_studies_responsible_innovation_ai_ethics_applications_and_implications,atlas_science_studies_responsible_innovation_ai_ethics,application,application_of,0.82,true,application,atlas taxonomy
atlas_science_studies_responsible_innovation_environmental_ethics,atlas_science_studies_responsible_innovation,structure,part_of,0.94,true,structure,atlas taxonomy
atlas_atlas_science_studies_responsible_innovation_environmental_ethics_theoretical_foundations,atlas_science_studies_responsible_innovation_environmental_ethics,association,formalizes,0.82,true,association,atlas taxonomy
atlas_atlas_science_studies_responsible_innovation_environmental_ethics_methods_and_instruments,atlas_science_studies_responsible_innovation_environmental_ethics,association,method_for,0.82,true,association,atlas taxonomy
atlas_atlas_science_studies_responsible_innovation_environmental_ethics_open_questions,atlas_science_studies_responsible_innovation_environmental_ethics,association,investigates,0.72,true,association,atlas taxonomy
atlas_atlas_science_studies_responsible_innovation_environmental_ethics_applications_and_implica,atlas_science_studies_responsible_innovation_environmental_ethics,application,application_of,0.82,true,application,atlas taxonomy
atlas_science_studies_responsible_innovation_participatory_science,atlas_science_studies_responsible_innovation,structure,part_of,0.94,true,structure,atlas taxonomy
atlas_atlas_science_studies_responsible_innovation_participatory_science_theoretical_foundations,atlas_science_studies_responsible_innovation_participatory_science,association,formalizes,0.82,true,association,atlas taxonomy
atlas_atlas_science_studies_responsible_innovation_participatory_science_methods_and_instruments,atlas_science_studies_responsible_innovation_participatory_science,association,method_for,0.82,true,association,atlas taxonomy
atlas_atlas_science_studies_responsible_innovation_participatory_science_open_questions,atlas_science_studies_responsible_innovation_participatory_science,association,investigates,0.72,true,association,atlas taxonomy
atlas_atlas_science_studies_responsible_innovation_participatory_science_applications_and_implic,atlas_science_studies_responsible_innovation_participatory_science,application,application_of,0.82,true,application,atlas taxonomy
atlas_science_studies_responsible_innovation_technology_assessment,atlas_science_studies_responsible_innovation_bioethics,interaction,related_to,0.62,false,interaction,atlas taxonomy
atlas_science_studies_responsible_innovation_bioethics,atlas_science_studies_responsible_innovation_ai_ethics,interaction,related_to,0.62,false,interaction,atlas taxonomy
atlas_science_studies_responsible_innovation_ai_ethics,atlas_science_studies_responsible_innovation_environmental_ethics,interaction,related_to,0.62,false,interaction,atlas taxonomy
atlas_science_studies_responsible_innovation_environmental_ethics,atlas_science_studies_responsible_innovation_participatory_science,interaction,related_to,0.62,false,interaction,atlas taxonomy
atlas_science_studies_philosophy_of_science,atlas_science_studies_history_of_science,interaction,related_to,0.66,false,interaction,atlas taxonomy
atlas_science_studies_history_of_science,atlas_science_studies_research_methodology,interaction,related_to,0.66,false,interaction,atlas taxonomy
atlas_science_studies_research_methodology,atlas_science_studies_scientific_communication,interaction,related_to,0.66,false,interaction,atlas taxonomy
atlas_science_studies_scientific_communication,atlas_science_studies_responsible_innovation,interaction,related_to,0.66,false,interaction,atlas taxonomy
atlas_mathematical_sciences_domain,atlas_probability_statistics_domain,interaction,bridges,0.58,false,interaction,atlas taxonomy
atlas_probability_statistics_domain,atlas_fundamental_physics_domain,interaction,bridges,0.58,false,interaction,atlas taxonomy
atlas_fundamental_physics_domain,atlas_astronomy_cosmology_domain,interaction,bridges,0.58,false,interaction,atlas taxonomy
atlas_astronomy_cosmology_domain,atlas_chemical_sciences_domain,interaction,bridges,0.58,false,interaction,atlas taxonomy
atlas_chemical_sciences_domain,atlas_materials_science_domain,interaction,bridges,0.58,false,interaction,atlas taxonomy
atlas_materials_science_domain,atlas_earth_geosciences_domain,interaction,bridges,0.58,false,interaction,atlas taxonomy
atlas_earth_geosciences_domain,atlas_climate_atmosphere_domain,interaction,bridges,0.58,false,interaction,atlas taxonomy
atlas_climate_atmosphere_domain,atlas_ocean_marine_domain,interaction,bridges,0.58,false,interaction,atlas taxonomy
atlas_ocean_marine_domain,atlas_environment_ecology_domain,interaction,bridges,0.58,false,interaction,atlas taxonomy
atlas_environment_ecology_domain,atlas_organismal_biology_domain,interaction,bridges,0.58,false,interaction,atlas taxonomy
atlas_organismal_biology_domain,evolution,interaction,bridges,0.58,false,interaction,atlas taxonomy
evolution,atlas_genetics_genomics_domain,interaction,bridges,0.58,false,interaction,atlas taxonomy
atlas_genetics_genomics_domain,atlas_biochemistry_molecular_domain,interaction,bridges,0.58,false,interaction,atlas taxonomy
atlas_biochemistry_molecular_domain,atlas_microbiology_virology_domain,interaction,bridges,0.58,false,interaction,atlas taxonomy
atlas_microbiology_virology_domain,atlas_neuroscience_domain,interaction,bridges,0.58,false,interaction,atlas taxonomy
atlas_neuroscience_domain,atlas_cognitive_behavioral_domain,interaction,bridges,0.58,false,interaction,atlas taxonomy
atlas_cognitive_behavioral_domain,atlas_medical_health_domain,interaction,bridges,0.58,false,interaction,atlas taxonomy
atlas_medical_health_domain,atlas_public_population_health_domain,interaction,bridges,0.58,false,interaction,atlas taxonomy
atlas_public_population_health_domain,computer_science,interaction,bridges,0.58,false,interaction,atlas taxonomy
computer_science,atlas_ai_machine_learning_domain,interaction,bridges,0.58,false,interaction,atlas taxonomy
atlas_ai_machine_learning_domain,atlas_engineering_technology_domain,interaction,bridges,0.58,false,interaction,atlas taxonomy
atlas_engineering_technology_domain,atlas_quantum_technology_domain,interaction,bridges,0.58,false,interaction,atlas taxonomy
atlas_quantum_technology_domain,atlas_agricultural_food_veterinary_domain,interaction,bridges,0.58,false,interaction,atlas taxonomy
atlas_agricultural_food_veterinary_domain,atlas_systems_complexity_domain,interaction,bridges,0.58,false,interaction,atlas taxonomy
atlas_systems_complexity_domain,atlas_social_sciences_domain,interaction,bridges,0.58,false,interaction,atlas taxonomy
atlas_social_sciences_domain,atlas_science_studies_domain,interaction,bridges,0.58,false,interaction,atlas taxonomy
atlas_landmark_godel_incompleteness_theorems,atlas_mathematical_sciences_domain,structure,part_of,0.93,true,structure,named landmark
atlas_landmark_compactness_theorem,atlas_mathematical_sciences_domain,structure,part_of,0.93,true,structure,named landmark
atlas_landmark_cantor_diagonal_theorem,atlas_mathematical_sciences_domain,structure,part_of,0.93,true,structure,named landmark
atlas_landmark_fundamental_theorem_of_algebra,atlas_mathematical_sciences_domain,structure,part_of,0.93,true,structure,named landmark
atlas_landmark_fundamental_theorem_of_arithmetic,atlas_mathematical_sciences_domain,structure,part_of,0.93,true,structure,named landmark
atlas_landmark_cayley_theorem,atlas_mathematical_sciences_domain,structure,part_of,0.93,true,structure,named landmark
atlas_landmark_lagrange_theorem,atlas_mathematical_sciences_domain,structure,part_of,0.93,true,structure,named landmark
atlas_landmark_sylow_theorems,atlas_mathematical_sciences_domain,structure,part_of,0.93,true,structure,named landmark
atlas_landmark_rank_nullity_theorem,atlas_mathematical_sciences_domain,structure,part_of,0.93,true,structure,named landmark
atlas_landmark_spectral_theorem,atlas_mathematical_sciences_domain,structure,part_of,0.93,true,structure,named landmark
atlas_landmark_hahn_banach_theorem,atlas_mathematical_sciences_domain,structure,part_of,0.93,true,structure,named landmark
atlas_landmark_banach_fixed_point_theorem,atlas_mathematical_sciences_domain,structure,part_of,0.93,true,structure,named landmark
atlas_landmark_riesz_representation_theorem,atlas_mathematical_sciences_domain,structure,part_of,0.93,true,structure,named landmark
atlas_landmark_stone_weierstrass_theorem,atlas_mathematical_sciences_domain,structure,part_of,0.93,true,structure,named landmark
atlas_landmark_radon_nikodym_theorem,atlas_mathematical_sciences_domain,structure,part_of,0.93,true,structure,named landmark
atlas_landmark_fubini_theorem,atlas_mathematical_sciences_domain,structure,part_of,0.93,true,structure,named landmark
atlas_landmark_dominated_convergence_theorem,atlas_mathematical_sciences_domain,structure,part_of,0.93,true,structure,named landmark
atlas_landmark_stokes_theorem,atlas_mathematical_sciences_domain,structure,part_of,0.93,true,structure,named landmark
atlas_landmark_gauss_bonnet_theorem,atlas_mathematical_sciences_domain,structure,part_of,0.93,true,structure,named landmark
atlas_landmark_brouwer_fixed_point_theorem,atlas_mathematical_sciences_domain,structure,part_of,0.93,true,structure,named landmark
atlas_landmark_central_limit_theorem,atlas_probability_statistics_domain,structure,part_of,0.93,true,structure,named landmark
atlas_landmark_law_of_large_numbers,atlas_probability_statistics_domain,structure,part_of,0.93,true,structure,named landmark
atlas_landmark_bayes_theorem,atlas_probability_statistics_domain,structure,part_of,0.93,true,structure,named landmark
atlas_landmark_neyman_pearson_lemma,atlas_probability_statistics_domain,structure,part_of,0.93,true,structure,named landmark
atlas_landmark_riemann_hypothesis,atlas_mathematical_sciences_domain,structure,part_of,0.93,true,structure,named landmark
atlas_landmark_birch_and_swinnerton_dyer_conjecture,atlas_mathematical_sciences_domain,structure,part_of,0.93,true,structure,named landmark
atlas_landmark_hodge_conjecture,atlas_mathematical_sciences_domain,structure,part_of,0.93,true,structure,named landmark
atlas_landmark_p_versus_np_problem,computer_science,structure,part_of,0.93,true,structure,named landmark
atlas_landmark_cook_levin_theorem,computer_science,structure,part_of,0.93,true,structure,named landmark
atlas_landmark_cap_theorem,computer_science,structure,part_of,0.93,true,structure,named landmark
atlas_landmark_flp_impossibility_result,computer_science,structure,part_of,0.93,true,structure,named landmark
atlas_landmark_church_turing_thesis,computer_science,structure,part_of,0.93,true,structure,named landmark
atlas_landmark_no_free_lunch_theorems,atlas_ai_machine_learning_domain,structure,part_of,0.93,true,structure,named landmark
atlas_landmark_universal_approximation_theorem,atlas_ai_machine_learning_domain,structure,part_of,0.93,true,structure,named landmark
atlas_landmark_newtonian_mechanics,atlas_fundamental_physics_domain,structure,part_of,0.93,true,structure,named landmark
atlas_landmark_maxwell_equations,atlas_fundamental_physics_domain,structure,part_of,0.93,true,structure,named landmark
special_relativity,atlas_fundamental_physics_domain,structure,part_of,0.93,true,structure,named landmark
general_relativity,atlas_fundamental_physics_domain,structure,part_of,0.93,true,structure,named landmark
quantum_mechanics,atlas_fundamental_physics_domain,structure,part_of,0.93,true,structure,named landmark
atlas_landmark_bell_theorem,atlas_fundamental_physics_domain,structure,part_of,0.93,true,structure,named landmark
atlas_landmark_noether_theorem,atlas_fundamental_physics_domain,structure,part_of,0.93,true,structure,named landmark
quantum_field_theory,atlas_fundamental_physics_domain,structure,part_of,0.93,true,structure,named landmark
atlas_landmark_standard_model_of_particle_physics,atlas_fundamental_physics_domain,structure,part_of,0.93,true,structure,named landmark
atlas_landmark_axion_dark_matter_hypothesis,atlas_astronomy_cosmology_domain,structure,part_of,0.93,true,structure,named landmark
atlas_landmark_weakly_interacting_massive_particle_hypothesis,atlas_astronomy_cosmology_domain,structure,part_of,0.93,true,structure,named landmark
atlas_landmark_cosmic_inflation,atlas_astronomy_cosmology_domain,structure,part_of,0.93,true,structure,named landmark
atlas_landmark_lambda_cdm_cosmology,atlas_astronomy_cosmology_domain,structure,part_of,0.93,true,structure,named landmark
atlas_landmark_primordial_black_hole_dark_matter,atlas_astronomy_cosmology_domain,structure,part_of,0.93,true,structure,named landmark
atlas_landmark_rna_world_hypothesis,atlas_biochemistry_molecular_domain,structure,part_of,0.93,true,structure,named landmark
atlas_landmark_cell_theory,atlas_organismal_biology_domain,structure,part_of,0.93,true,structure,named landmark
atlas_landmark_theory_of_evolution_by_natural_selection,evolution,structure,part_of,0.93,true,structure,named landmark
atlas_landmark_hardy_weinberg_principle,evolution,structure,part_of,0.93,true,structure,named landmark
atlas_landmark_neutral_theory_of_molecular_evolution,evolution,structure,part_of,0.93,true,structure,named landmark
atlas_landmark_endosymbiotic_theory,evolution,structure,part_of,0.93,true,structure,named landmark
atlas_landmark_red_queen_hypothesis,evolution,structure,part_of,0.93,true,structure,named landmark
atlas_landmark_central_dogma_of_molecular_biology,atlas_genetics_genomics_domain,structure,part_of,0.93,true,structure,named landmark
atlas_landmark_mendel_laws_of_inheritance,atlas_genetics_genomics_domain,structure,part_of,0.93,true,structure,named landmark
atlas_landmark_chemiosmotic_theory,atlas_biochemistry_molecular_domain,structure,part_of,0.93,true,structure,named landmark
atlas_landmark_le_chatelier_principle,atlas_chemical_sciences_domain,structure,part_of,0.93,true,structure,named landmark
atlas_landmark_periodic_law,atlas_chemical_sciences_domain,structure,part_of,0.93,true,structure,named landmark
atlas_landmark_valence_bond_theory,atlas_chemical_sciences_domain,structure,part_of,0.93,true,structure,named landmark
atlas_landmark_molecular_orbital_theory,atlas_chemical_sciences_domain,structure,part_of,0.93,true,structure,named landmark
atlas_landmark_transition_state_theory,atlas_chemical_sciences_domain,structure,part_of,0.93,true,structure,named landmark
atlas_landmark_plate_tectonic_theory,atlas_earth_geosciences_domain,structure,part_of,0.93,true,structure,named landmark
atlas_landmark_milankovitch_theory,atlas_climate_atmosphere_domain,structure,part_of,0.93,true,structure,named landmark
atlas_landmark_snowball_earth_hypothesis,atlas_earth_geosciences_domain,structure,part_of,0.93,true,structure,named landmark
atlas_landmark_gaia_hypothesis,atlas_environment_ecology_domain,structure,part_of,0.93,true,structure,named landmark
atlas_landmark_neuron_doctrine,atlas_neuroscience_domain,structure,part_of,0.93,true,structure,named landmark
atlas_landmark_hodgkin_huxley_model,atlas_neuroscience_domain,structure,part_of,0.93,true,structure,named landmark
atlas_landmark_hebbian_learning_principle,atlas_neuroscience_domain,structure,part_of,0.93,true,structure,named landmark
atlas_landmark_global_neuronal_workspace_theory,atlas_neuroscience_domain,structure,part_of,0.93,true,structure,named landmark
atlas_landmark_integrated_information_theory,atlas_neuroscience_domain,structure,part_of,0.93,true,structure,named landmark
atlas_landmark_free_energy_principle,atlas_neuroscience_domain,structure,part_of,0.93,true,structure,named landmark
atlas_landmark_amyloid_cascade_hypothesis,atlas_medical_health_domain,structure,part_of,0.93,true,structure,named landmark
atlas_landmark_germ_theory_of_disease,atlas_medical_health_domain,structure,part_of,0.93,true,structure,named landmark
atlas_landmark_bradford_hill_considerations,atlas_public_population_health_domain,structure,part_of,0.93,true,structure,named landmark
atlas_landmark_arrow_impossibility_theorem,atlas_social_sciences_domain,structure,part_of,0.93,true,structure,named landmark
atlas_landmark_coase_theorem,atlas_social_sciences_domain,structure,part_of,0.93,true,structure,named landmark
atlas_landmark_nash_equilibrium_existence_theorem,atlas_social_sciences_domain,structure,part_of,0.93,true,structure,named landmark
atlas_landmark_zipf_law,atlas_systems_complexity_domain,structure,part_of,0.93,true,structure,named landmark
atlas_landmark_maximum_entropy_principle,atlas_systems_complexity_domain,structure,part_of,0.93,true,structure,named landmark
information_theory,atlas_systems_complexity_domain,structure,part_of,0.93,true,structure,named landmark
atlas_frontier_formalized_mathematics,atlas_mathematical_sciences_domain,association,investigates,0.7,true,association,frontier watch
atlas_frontier_langlands_program,atlas_mathematical_sciences_domain,association,investigates,0.7,true,association,frontier watch
atlas_frontier_stochastic_partial_differential_equations,atlas_mathematical_sciences_domain,association,investigates,0.7,true,association,frontier watch
atlas_frontier_optimal_transport_in_data_science,atlas_mathematical_sciences_domain,association,investigates,0.7,true,association,frontier watch
atlas_frontier_topological_and_geometric_deep_learning,atlas_mathematical_sciences_domain,association,investigates,0.7,true,association,frontier watch
atlas_frontier_causal_representation_learning,atlas_probability_statistics_domain,association,investigates,0.7,true,association,frontier watch
atlas_frontier_distribution_free_uncertainty_quantification,atlas_probability_statistics_domain,association,investigates,0.7,true,association,frontier watch
atlas_frontier_high_dimensional_causal_inference,atlas_probability_statistics_domain,association,investigates,0.7,true,association,frontier watch
atlas_frontier_privacy_preserving_statistics,atlas_probability_statistics_domain,association,investigates,0.7,true,association,frontier watch
atlas_frontier_foundation_models_for_scientific_data,atlas_ai_machine_learning_domain,association,investigates,0.7,true,association,frontier watch
atlas_frontier_mechanistic_interpretability,atlas_ai_machine_learning_domain,association,investigates,0.7,true,association,frontier watch
atlas_frontier_neuro_symbolic_ai,atlas_ai_machine_learning_domain,association,investigates,0.7,true,association,frontier watch
atlas_frontier_embodied_foundation_models,atlas_ai_machine_learning_domain,association,investigates,0.7,true,association,frontier watch
atlas_frontier_ai_alignment_science,atlas_ai_machine_learning_domain,association,investigates,0.7,true,association,frontier watch
atlas_frontier_autonomous_scientific_discovery,atlas_ai_machine_learning_domain,association,investigates,0.7,true,association,frontier watch
atlas_frontier_fault_tolerant_quantum_computation,atlas_quantum_technology_domain,association,investigates,0.7,true,association,frontier watch
atlas_quantum_technology_quantum_communication_quantum_repeaters,atlas_quantum_technology_domain,association,investigates,0.7,true,association,frontier watch
atlas_frontier_quantum_error_correcting_codes,atlas_quantum_technology_domain,association,investigates,0.7,true,association,frontier watch
atlas_frontier_moire_quantum_matter,atlas_quantum_technology_domain,association,investigates,0.7,true,association,frontier watch
atlas_frontier_topological_quantum_computation,atlas_quantum_technology_domain,association,investigates,0.7,true,association,frontier watch
atlas_frontier_quantum_gravity,atlas_fundamental_physics_domain,association,investigates,0.7,true,association,frontier watch
atlas_frontier_neutrino_mass_ordering,atlas_fundamental_physics_domain,association,investigates,0.7,true,association,frontier watch
atlas_frontier_dark_matter_direct_detection,atlas_fundamental_physics_domain,association,investigates,0.7,true,association,frontier watch
atlas_frontier_matter_antimatter_asymmetry,atlas_fundamental_physics_domain,association,investigates,0.7,true,association,frontier watch
atlas_frontier_fusion_plasma_confinement,atlas_fundamental_physics_domain,association,investigates,0.7,true,association,frontier watch
atlas_frontier_multi_messenger_astronomy,atlas_astronomy_cosmology_domain,association,investigates,0.7,true,association,frontier watch
atlas_frontier_exoplanet_atmospheric_biosignatures,atlas_astronomy_cosmology_domain,association,investigates,0.7,true,association,frontier watch
atlas_frontier_fast_radio_burst_origins,atlas_astronomy_cosmology_domain,association,investigates,0.7,true,association,frontier watch
atlas_frontier_hubble_tension_resolution,atlas_astronomy_cosmology_domain,association,investigates,0.7,true,association,frontier watch
atlas_frontier_first_galaxy_formation,atlas_astronomy_cosmology_domain,association,investigates,0.7,true,association,frontier watch
atlas_frontier_autonomous_chemical_laboratories,atlas_chemical_sciences_domain,association,investigates,0.7,true,association,frontier watch
atlas_frontier_mechanochemistry,atlas_chemical_sciences_domain,association,investigates,0.7,true,association,frontier watch
atlas_frontier_electrocatalytic_carbon_conversion,atlas_chemical_sciences_domain,association,investigates,0.7,true,association,frontier watch
atlas_frontier_molecular_machines,atlas_chemical_sciences_domain,association,investigates,0.7,true,association,frontier watch
atlas_frontier_green_ammonia_synthesis,atlas_chemical_sciences_domain,association,investigates,0.7,true,association,frontier watch
atlas_frontier_solid_state_batteries,atlas_materials_science_domain,association,investigates,0.7,true,association,frontier watch
atlas_frontier_perovskite_photovoltaics,atlas_materials_science_domain,association,investigates,0.7,true,association,frontier watch
atlas_frontier_high_temperature_superconductivity,atlas_materials_science_domain,association,investigates,0.7,true,association,frontier watch
atlas_frontier_programmable_metamaterials,atlas_materials_science_domain,association,investigates,0.7,true,association,frontier watch
atlas_frontier_direct_air_capture_materials,atlas_materials_science_domain,association,investigates,0.7,true,association,frontier watch
atlas_frontier_climate_tipping_point_detection,atlas_climate_atmosphere_domain,association,investigates,0.7,true,association,frontier watch
atlas_frontier_ice_sheet_instability,atlas_climate_atmosphere_domain,association,investigates,0.7,true,association,frontier watch
atlas_frontier_event_attribution_science,atlas_climate_atmosphere_domain,association,investigates,0.7,true,association,frontier watch
atlas_frontier_carbon_dioxide_removal,atlas_climate_atmosphere_domain,association,investigates,0.7,true,association,frontier watch
atlas_frontier_solar_radiation_modification_assessment,atlas_climate_atmosphere_domain,association,investigates,0.7,true,association,frontier watch
atlas_frontier_deep_ocean_carbon_sequestration,atlas_ocean_marine_domain,association,investigates,0.7,true,association,frontier watch
atlas_frontier_marine_heatwave_prediction,atlas_ocean_marine_domain,association,investigates,0.7,true,association,frontier watch
atlas_frontier_autonomous_ocean_observing_systems,atlas_ocean_marine_domain,association,investigates,0.7,true,association,frontier watch
atlas_frontier_coral_reef_resilience,atlas_ocean_marine_domain,association,investigates,0.7,true,association,frontier watch
atlas_frontier_deep_sea_ecosystem_mapping,atlas_ocean_marine_domain,association,investigates,0.7,true,association,frontier watch
atlas_frontier_planetary_boundary_interactions,atlas_environment_ecology_domain,association,investigates,0.7,true,association,frontier watch
atlas_frontier_biodiversity_tipping_points,atlas_environment_ecology_domain,association,investigates,0.7,true,association,frontier watch
atlas_frontier_microplastic_ecosystem_effects,atlas_environment_ecology_domain,association,investigates,0.7,true,association,frontier watch
atlas_frontier_nature_based_climate_solutions,atlas_environment_ecology_domain,association,investigates,0.7,true,association,frontier watch
atlas_frontier_environmental_dna_monitoring,atlas_environment_ecology_domain,association,investigates,0.7,true,association,frontier watch
atlas_frontier_pangenome_references,atlas_genetics_genomics_domain,association,investigates,0.7,true,association,frontier watch
atlas_frontier_single_cell_multiomics,atlas_genetics_genomics_domain,association,investigates,0.7,true,association,frontier watch
atlas_frontier_spatial_transcriptomics,atlas_genetics_genomics_domain,association,investigates,0.7,true,association,frontier watch
atlas_frontier_prime_and_base_genome_editing,atlas_genetics_genomics_domain,association,investigates,0.7,true,association,frontier watch
atlas_genetics_genomics_genome_engineering_synthetic_chromosomes,atlas_genetics_genomics_domain,association,investigates,0.7,true,association,frontier watch
atlas_frontier_de_novo_protein_design,atlas_biochemistry_molecular_domain,association,investigates,0.7,true,association,frontier watch
atlas_frontier_protein_language_models,atlas_biochemistry_molecular_domain,association,investigates,0.7,true,association,frontier watch
atlas_frontier_biomolecular_condensates,atlas_biochemistry_molecular_domain,association,investigates,0.7,true,association,frontier watch
atlas_frontier_single_molecule_structural_dynamics,atlas_biochemistry_molecular_domain,association,investigates,0.7,true,association,frontier watch
atlas_frontier_minimal_synthetic_cells,atlas_biochemistry_molecular_domain,association,investigates,0.7,true,association,frontier watch
atlas_frontier_microbiome_therapeutics,atlas_microbiology_virology_domain,association,investigates,0.7,true,association,frontier watch
atlas_frontier_phage_therapy,atlas_microbiology_virology_domain,association,investigates,0.7,true,association,frontier watch
atlas_frontier_antimicrobial_resistance_evolution,atlas_microbiology_virology_domain,association,investigates,0.7,true,association,frontier watch
atlas_frontier_universal_vaccine_platforms,atlas_microbiology_virology_domain,association,investigates,0.7,true,association,frontier watch
atlas_frontier_viral_emergence_forecasting,atlas_microbiology_virology_domain,association,investigates,0.7,true,association,frontier watch
atlas_frontier_whole_brain_connectomics,atlas_neuroscience_domain,association,investigates,0.7,true,association,frontier watch
atlas_frontier_closed_loop_neurostimulation,atlas_neuroscience_domain,association,investigates,0.7,true,association,frontier watch
atlas_frontier_high_bandwidth_brain_computer_interfaces,atlas_neuroscience_domain,association,investigates,0.7,true,association,frontier watch
atlas_frontier_neural_organoids,atlas_neuroscience_domain,association,investigates,0.7,true,association,frontier watch
atlas_frontier_computational_theories_of_consciousness,atlas_neuroscience_domain,association,investigates,0.7,true,association,frontier watch
atlas_medical_health_oncology_precision_oncology,atlas_medical_health_domain,association,investigates,0.7,true,association,frontier watch
atlas_frontier_car_t_therapy_for_solid_tumors,atlas_medical_health_domain,association,investigates,0.7,true,association,frontier watch
atlas_frontier_rna_therapeutic_platforms,atlas_medical_health_domain,association,investigates,0.7,true,association,frontier watch
atlas_frontier_xenotransplantation,atlas_medical_health_domain,association,investigates,0.7,true,association,frontier watch
atlas_frontier_aging_biomarkers_and_interventions,atlas_medical_health_domain,association,investigates,0.7,true,association,frontier watch
atlas_frontier_pandemic_early_warning_systems,atlas_public_population_health_domain,association,investigates,0.7,true,association,frontier watch
atlas_frontier_wastewater_epidemiology,atlas_public_population_health_domain,association,investigates,0.7,true,association,frontier watch
atlas_frontier_long_covid_mechanisms,atlas_public_population_health_domain,association,investigates,0.7,true,association,frontier watch
atlas_frontier_climate_health_attribution,atlas_public_population_health_domain,association,investigates,0.7,true,association,frontier watch
atlas_frontier_digital_public_health_surveillance,atlas_public_population_health_domain,association,investigates,0.7,true,association,frontier watch
atlas_frontier_digital_twins_for_engineering,atlas_engineering_technology_domain,association,investigates,0.7,true,association,frontier watch
atlas_frontier_swarm_autonomy,atlas_engineering_technology_domain,association,investigates,0.7,true,association,frontier watch
atlas_frontier_soft_robotics,atlas_engineering_technology_domain,association,investigates,0.7,true,association,frontier watch
atlas_frontier_green_hydrogen_systems,atlas_engineering_technology_domain,association,investigates,0.7,true,association,frontier watch
atlas_frontier_negative_emission_process_engineering,atlas_engineering_technology_domain,association,investigates,0.7,true,association,frontier watch
atlas_agricultural_food_veterinary_crop_science_precision_agriculture,atlas_agricultural_food_veterinary_domain,association,investigates,0.7,true,association,frontier watch
atlas_frontier_climate_resilient_crops,atlas_agricultural_food_veterinary_domain,association,investigates,0.7,true,association,frontier watch
atlas_frontier_cultivated_meat,atlas_agricultural_food_veterinary_domain,association,investigates,0.7,true,association,frontier watch
atlas_frontier_soil_microbiome_engineering,atlas_agricultural_food_veterinary_domain,association,investigates,0.7,true,association,frontier watch
atlas_frontier_one_health_surveillance,atlas_agricultural_food_veterinary_domain,association,investigates,0.7,true,association,frontier watch
atlas_frontier_multilayer_network_dynamics,atlas_systems_complexity_domain,association,investigates,0.7,true,association,frontier watch
atlas_frontier_resilience_of_interdependent_systems,atlas_systems_complexity_domain,association,investigates,0.7,true,association,frontier watch
atlas_frontier_collective_intelligence_science,atlas_systems_complexity_domain,association,investigates,0.7,true,association,frontier watch
atlas_frontier_digital_twin_ecosystems,atlas_systems_complexity_domain,association,investigates,0.7,true,association,frontier watch
atlas_frontier_complexity_aware_policy_design,atlas_systems_complexity_domain,association,investigates,0.7,true,association,frontier watch
atlas_frontier_computational_social_science,atlas_social_sciences_domain,association,investigates,0.7,true,association,frontier watch
atlas_frontier_algorithmic_governance,atlas_social_sciences_domain,association,investigates,0.7,true,association,frontier watch
atlas_frontier_misinformation_diffusion,atlas_social_sciences_domain,association,investigates,0.7,true,association,frontier watch
atlas_frontier_network_polarization,atlas_social_sciences_domain,association,investigates,0.7,true,association,frontier watch
atlas_frontier_causal_policy_evaluation,atlas_social_sciences_domain,association,investigates,0.7,true,association,frontier watch
